T18,Labour force participation and unemployment,,,
Region/Country/Area,,Year,Series,Value
1,"Total, all countries or areas",2005,Labour force participation - Total,63.7
1,"Total, all countries or areas",2005,Unemployment rate - Total,5.9
1,"Total, all countries or areas",2005,Labour force participation - Male,77
1,"Total, all countries or areas",2005,Unemployment rate - Male,5.7
1,"Total, all countries or areas",2005,Labour force participation - Female,50.5
1,"Total, all countries or areas",2005,Unemployment rate - Female,6.2
1,"Total, all countries or areas",2010,Labour force participation - Total,62.2
1,"Total, all countries or areas",2010,Unemployment rate - Total,5.9
1,"Total, all countries or areas",2010,Labour force participation - Male,75.5
1,"Total, all countries or areas",2010,Unemployment rate - Male,5.8
1,"Total, all countries or areas",2010,Labour force participation - Female,48.8
1,"Total, all countries or areas",2010,Unemployment rate - Female,6.1
1,"Total, all countries or areas",2015,Labour force participation - Total,61.1
1,"Total, all countries or areas",2015,Unemployment rate - Total,5.6
1,"Total, all countries or areas",2015,Labour force participation - Male,74.3
1,"Total, all countries or areas",2015,Unemployment rate - Male,5.5
1,"Total, all countries or areas",2015,Labour force participation - Female,47.9
1,"Total, all countries or areas",2015,Unemployment rate - Female,5.8
1,"Total, all countries or areas",2022,Labour force participation - Total,59.3
1,"Total, all countries or areas",2022,Unemployment rate - Total,5.9
1,"Total, all countries or areas",2022,Labour force participation - Male,72
1,"Total, all countries or areas",2022,Unemployment rate - Male,5.7
1,"Total, all countries or areas",2022,Labour force participation - Female,46.6
1,"Total, all countries or areas",2022,Unemployment rate - Female,6.1
2,Africa,2005,Labour force participation - Total,64.9
2,Africa,2005,Unemployment rate - Total,7.1
2,Africa,2005,Labour force participation - Male,74.7
2,Africa,2005,Unemployment rate - Male,6.7
2,Africa,2005,Labour force participation - Female,55.5
2,Africa,2005,Unemployment rate - Female,7.6
2,Africa,2010,Labour force participation - Total,64.4
2,Africa,2010,Unemployment rate - Total,6.6
2,Africa,2010,Labour force participation - Male,74
2,Africa,2010,Unemployment rate - Male,5.9
2,Africa,2010,Labour force participation - Female,55
2,Africa,2010,Unemployment rate - Female,7.4
2,Africa,2015,Labour force participation - Total,63.2
2,Africa,2015,Unemployment rate - Total,6.7
2,Africa,2015,Labour force participation - Male,72.3
2,Africa,2015,Unemployment rate - Male,6.2
2,Africa,2015,Labour force participation - Female,54.3
2,Africa,2015,Unemployment rate - Female,7.4
2,Africa,2022,Labour force participation - Total,62.3
2,Africa,2022,Unemployment rate - Total,8
2,Africa,2022,Labour force participation - Male,71.1
2,Africa,2022,Unemployment rate - Male,7.4
2,Africa,2022,Labour force participation - Female,53.7
2,Africa,2022,Unemployment rate - Female,8.7
15,Northern Africa,2005,Labour force participation - Total,46.8
15,Northern Africa,2005,Unemployment rate - Total,12.8
15,Northern Africa,2005,Labour force participation - Male,71.9
15,Northern Africa,2005,Unemployment rate - Male,10.7
15,Northern Africa,2005,Labour force participation - Female,21.9
15,Northern Africa,2005,Unemployment rate - Female,19.6
15,Northern Africa,2010,Labour force participation - Total,47.8
15,Northern Africa,2010,Unemployment rate - Total,10.6
15,Northern Africa,2010,Labour force participation - Male,72.7
15,Northern Africa,2010,Unemployment rate - Male,7.5
15,Northern Africa,2010,Labour force participation - Female,23.2
15,Northern Africa,2010,Unemployment rate - Female,20
15,Northern Africa,2015,Labour force participation - Total,46.5
15,Northern Africa,2015,Unemployment rate - Total,13.2
15,Northern Africa,2015,Labour force participation - Male,69.8
15,Northern Africa,2015,Unemployment rate - Male,10.2
15,Northern Africa,2015,Labour force participation - Female,23.4
15,Northern Africa,2015,Unemployment rate - Female,21.8
15,Northern Africa,2022,Labour force participation - Total,43.4
15,Northern Africa,2022,Unemployment rate - Total,12.6
15,Northern Africa,2022,Labour force participation - Male,66.8
15,Northern Africa,2022,Unemployment rate - Male,9.3
15,Northern Africa,2022,Labour force participation - Female,20.1
15,Northern Africa,2022,Unemployment rate - Female,23.4
202,Sub-Saharan Africa,2005,Labour force participation - Total,70.5
202,Sub-Saharan Africa,2005,Unemployment rate - Total,6
202,Sub-Saharan Africa,2005,Labour force participation - Male,75.6
202,Sub-Saharan Africa,2005,Unemployment rate - Male,5.5
202,Sub-Saharan Africa,2005,Labour force participation - Female,65.5
202,Sub-Saharan Africa,2005,Unemployment rate - Female,6.4
202,Sub-Saharan Africa,2010,Labour force participation - Total,69.3
202,Sub-Saharan Africa,2010,Unemployment rate - Total,5.7
202,Sub-Saharan Africa,2010,Labour force participation - Male,74.4
202,Sub-Saharan Africa,2010,Unemployment rate - Male,5.4
202,Sub-Saharan Africa,2010,Labour force participation - Female,64.3
202,Sub-Saharan Africa,2010,Unemployment rate - Female,6.1
202,Sub-Saharan Africa,2015,Labour force participation - Total,67.8
202,Sub-Saharan Africa,2015,Unemployment rate - Total,5.5
202,Sub-Saharan Africa,2015,Labour force participation - Male,73
202,Sub-Saharan Africa,2015,Unemployment rate - Male,5.1
202,Sub-Saharan Africa,2015,Labour force participation - Female,62.8
202,Sub-Saharan Africa,2015,Unemployment rate - Female,5.9
202,Sub-Saharan Africa,2022,Labour force participation - Total,67.1
202,Sub-Saharan Africa,2022,Unemployment rate - Total,7.2
202,Sub-Saharan Africa,2022,Labour force participation - Male,72.1
202,Sub-Saharan Africa,2022,Unemployment rate - Male,7
202,Sub-Saharan Africa,2022,Labour force participation - Female,62.2
202,Sub-Saharan Africa,2022,Unemployment rate - Female,7.5
14,Eastern Africa,2005,Labour force participation - Total,78.8
14,Eastern Africa,2005,Unemployment rate - Total,3.9
14,Eastern Africa,2005,Labour force participation - Male,83.2
14,Eastern Africa,2005,Unemployment rate - Male,3.6
14,Eastern Africa,2005,Labour force participation - Female,74.6
14,Eastern Africa,2005,Unemployment rate - Female,4.3
14,Eastern Africa,2010,Labour force participation - Total,78.1
14,Eastern Africa,2010,Unemployment rate - Total,4
14,Eastern Africa,2010,Labour force participation - Male,82.6
14,Eastern Africa,2010,Unemployment rate - Male,3.6
14,Eastern Africa,2010,Labour force participation - Female,73.7
14,Eastern Africa,2010,Unemployment rate - Female,4.5
14,Eastern Africa,2015,Labour force participation - Total,77.4
14,Eastern Africa,2015,Unemployment rate - Total,3.4
14,Eastern Africa,2015,Labour force participation - Male,82
14,Eastern Africa,2015,Unemployment rate - Male,3
14,Eastern Africa,2015,Labour force participation - Female,73
14,Eastern Africa,2015,Unemployment rate - Female,3.9
14,Eastern Africa,2022,Labour force participation - Total,76.4
14,Eastern Africa,2022,Unemployment rate - Total,4.7
14,Eastern Africa,2022,Labour force participation - Male,80.3
14,Eastern Africa,2022,Unemployment rate - Male,4
14,Eastern Africa,2022,Labour force participation - Female,72.6
14,Eastern Africa,2022,Unemployment rate - Female,5.4
17,Middle Africa,2005,Labour force participation - Total,73.8
17,Middle Africa,2005,Unemployment rate - Total,4
17,Middle Africa,2005,Labour force participation - Male,76.7
17,Middle Africa,2005,Unemployment rate - Male,4.3
17,Middle Africa,2005,Labour force participation - Female,71.1
17,Middle Africa,2005,Unemployment rate - Female,3.7
17,Middle Africa,2010,Labour force participation - Total,70.3
17,Middle Africa,2010,Unemployment rate - Total,5.6
17,Middle Africa,2010,Labour force participation - Male,74.4
17,Middle Africa,2010,Unemployment rate - Male,5.4
17,Middle Africa,2010,Labour force participation - Female,66.3
17,Middle Africa,2010,Unemployment rate - Female,5.9
17,Middle Africa,2015,Labour force participation - Total,69.1
17,Middle Africa,2015,Unemployment rate - Total,5.4
17,Middle Africa,2015,Labour force participation - Male,73.7
17,Middle Africa,2015,Unemployment rate - Male,5.4
17,Middle Africa,2015,Labour force participation - Female,64.6
17,Middle Africa,2015,Unemployment rate - Female,5.4
17,Middle Africa,2022,Labour force participation - Total,68.3
17,Middle Africa,2022,Unemployment rate - Total,6.2
17,Middle Africa,2022,Labour force participation - Male,72.8
17,Middle Africa,2022,Unemployment rate - Male,6.1
17,Middle Africa,2022,Labour force participation - Female,63.9
17,Middle Africa,2022,Unemployment rate - Female,6.3
18,Southern Africa,2005,Labour force participation - Total,56.5
18,Southern Africa,2005,Unemployment rate - Total,28.7
18,Southern Africa,2005,Labour force participation - Male,65.3
18,Southern Africa,2005,Unemployment rate - Male,23.3
18,Southern Africa,2005,Labour force participation - Female,48.2
18,Southern Africa,2005,Unemployment rate - Female,35.5
18,Southern Africa,2010,Labour force participation - Total,53.1
18,Southern Africa,2010,Unemployment rate - Total,24.5
18,Southern Africa,2010,Labour force participation - Male,61.1
18,Southern Africa,2010,Unemployment rate - Male,22.6
18,Southern Africa,2010,Labour force participation - Female,45.6
18,Southern Africa,2010,Unemployment rate - Female,26.9
18,Southern Africa,2015,Labour force participation - Total,55.2
18,Southern Africa,2015,Unemployment rate - Total,24.8
18,Southern Africa,2015,Labour force participation - Male,62.4
18,Southern Africa,2015,Unemployment rate - Male,22.9
18,Southern Africa,2015,Labour force participation - Female,48.4
18,Southern Africa,2015,Unemployment rate - Female,27.1
18,Southern Africa,2022,Labour force participation - Total,54.6
18,Southern Africa,2022,Unemployment rate - Total,32.2
18,Southern Africa,2022,Labour force participation - Male,61.4
18,Southern Africa,2022,Unemployment rate - Male,30.7
18,Southern Africa,2022,Labour force participation - Female,48.3
18,Southern Africa,2022,Unemployment rate - Female,34.1
11,Western Africa,2005,Labour force participation - Total,63.7
11,Western Africa,2005,Unemployment rate - Total,4.6
11,Western Africa,2005,Labour force participation - Male,69.6
11,Western Africa,2005,Unemployment rate - Male,4.5
11,Western Africa,2005,Labour force participation - Female,57.9
11,Western Africa,2005,Unemployment rate - Female,4.7
11,Western Africa,2010,Labour force participation - Total,63.1
11,Western Africa,2010,Unemployment rate - Total,4.4
11,Western Africa,2010,Labour force participation - Male,68.9
11,Western Africa,2010,Unemployment rate - Male,4.2
11,Western Africa,2010,Labour force participation - Female,57.4
11,Western Africa,2010,Unemployment rate - Female,4.5
11,Western Africa,2015,Labour force participation - Total,59.4
11,Western Africa,2015,Unemployment rate - Total,4.5
11,Western Africa,2015,Labour force participation - Male,65.2
11,Western Africa,2015,Unemployment rate - Male,4.1
11,Western Africa,2015,Labour force participation - Female,53.7
11,Western Africa,2015,Unemployment rate - Female,5
11,Western Africa,2022,Labour force participation - Total,58.6
11,Western Africa,2022,Unemployment rate - Total,6.8
11,Western Africa,2022,Labour force participation - Male,64.9
11,Western Africa,2022,Unemployment rate - Male,7.1
11,Western Africa,2022,Labour force participation - Female,52.3
11,Western Africa,2022,Unemployment rate - Female,6.4
19,Americas,2005,Labour force participation - Total,64.2
19,Americas,2005,Unemployment rate - Total,6.8
19,Americas,2005,Labour force participation - Male,75.7
19,Americas,2005,Unemployment rate - Male,6
19,Americas,2005,Labour force participation - Female,53.3
19,Americas,2005,Unemployment rate - Female,7.9
19,Americas,2010,Labour force participation - Total,63.5
19,Americas,2010,Unemployment rate - Total,7.9
19,Americas,2010,Labour force participation - Male,74.3
19,Americas,2010,Unemployment rate - Male,7.4
19,Americas,2010,Labour force participation - Female,53.3
19,Americas,2010,Unemployment rate - Female,8.4
19,Americas,2015,Labour force participation - Total,62.5
19,Americas,2015,Unemployment rate - Total,6.2
19,Americas,2015,Labour force participation - Male,72.9
19,Americas,2015,Unemployment rate - Male,5.7
19,Americas,2015,Labour force participation - Female,52.6
19,Americas,2015,Unemployment rate - Female,6.8
19,Americas,2022,Labour force participation - Total,61
19,Americas,2022,Unemployment rate - Total,7.4
19,Americas,2022,Labour force participation - Male,70.7
19,Americas,2022,Unemployment rate - Male,6.6
19,Americas,2022,Labour force participation - Female,51.8
19,Americas,2022,Unemployment rate - Female,8.5
21,Northern America,2005,Labour force participation - Total,65.2
21,Northern America,2005,Unemployment rate - Total,5.3
21,Northern America,2005,Labour force participation - Male,72.1
21,Northern America,2005,Unemployment rate - Male,5.3
21,Northern America,2005,Labour force participation - Female,58.7
21,Northern America,2005,Unemployment rate - Female,5.2
21,Northern America,2010,Labour force participation - Total,64
21,Northern America,2010,Unemployment rate - Total,9.5
21,Northern America,2010,Labour force participation - Male,70
21,Northern America,2010,Unemployment rate - Male,10.3
21,Northern America,2010,Labour force participation - Female,58.2
21,Northern America,2010,Unemployment rate - Female,8.5
21,Northern America,2015,Labour force participation - Total,62.2
21,Northern America,2015,Unemployment rate - Total,5.5
21,Northern America,2015,Labour force participation - Male,68.1
21,Northern America,2015,Unemployment rate - Male,5.6
21,Northern America,2015,Labour force participation - Female,56.4
21,Northern America,2015,Unemployment rate - Female,5.3
21,Northern America,2022,Labour force participation - Total,61.1
21,Northern America,2022,Unemployment rate - Total,4.3
21,Northern America,2022,Labour force participation - Male,66.7
21,Northern America,2022,Unemployment rate - Male,4.5
21,Northern America,2022,Labour force participation - Female,55.8
21,Northern America,2022,Unemployment rate - Female,4.1
419,Latin America & the Caribbean,2005,Labour force participation - Total,63.5
419,Latin America & the Caribbean,2005,Unemployment rate - Total,7.9
419,Latin America & the Caribbean,2005,Labour force participation - Male,78.1
419,Latin America & the Caribbean,2005,Unemployment rate - Male,6.4
419,Latin America & the Caribbean,2005,Labour force participation - Female,49.8
419,Latin America & the Caribbean,2005,Unemployment rate - Female,10
419,Latin America & the Caribbean,2010,Labour force participation - Total,63.2
419,Latin America & the Caribbean,2010,Unemployment rate - Total,6.8
419,Latin America & the Caribbean,2010,Labour force participation - Male,77
419,Latin America & the Caribbean,2010,Unemployment rate - Male,5.7
419,Latin America & the Caribbean,2010,Labour force participation - Female,50.2
419,Latin America & the Caribbean,2010,Unemployment rate - Female,8.4
419,Latin America & the Caribbean,2015,Labour force participation - Total,62.7
419,Latin America & the Caribbean,2015,Unemployment rate - Total,6.6
419,Latin America & the Caribbean,2015,Labour force participation - Male,75.9
419,Latin America & the Caribbean,2015,Unemployment rate - Male,5.7
419,Latin America & the Caribbean,2015,Labour force participation - Female,50.2
419,Latin America & the Caribbean,2015,Unemployment rate - Female,7.9
419,Latin America & the Caribbean,2022,Labour force participation - Total,61
419,Latin America & the Caribbean,2022,Unemployment rate - Total,9.3
419,Latin America & the Caribbean,2022,Labour force participation - Male,73.2
419,Latin America & the Caribbean,2022,Unemployment rate - Male,7.7
419,Latin America & the Caribbean,2022,Labour force participation - Female,49.4
419,Latin America & the Caribbean,2022,Unemployment rate - Female,11.5
29,Caribbean,2005,Labour force participation - Total,56.9
29,Caribbean,2005,Unemployment rate - Total,8
29,Caribbean,2005,Labour force participation - Male,69.1
29,Caribbean,2005,Unemployment rate - Male,6.5
29,Caribbean,2005,Labour force participation - Female,45.2
29,Caribbean,2005,Unemployment rate - Female,10.1
29,Caribbean,2010,Labour force participation - Total,57.5
29,Caribbean,2010,Unemployment rate - Total,8.5
29,Caribbean,2010,Labour force participation - Male,68.5
29,Caribbean,2010,Unemployment rate - Male,7.2
29,Caribbean,2010,Labour force participation - Female,46.9
29,Caribbean,2010,Unemployment rate - Female,10.3
29,Caribbean,2015,Labour force participation - Total,59.3
29,Caribbean,2015,Unemployment rate - Total,8.4
29,Caribbean,2015,Labour force participation - Male,69.8
29,Caribbean,2015,Unemployment rate - Male,6.7
29,Caribbean,2015,Labour force participation - Female,49.2
29,Caribbean,2015,Unemployment rate - Female,10.8
29,Caribbean,2022,Labour force participation - Total,59.4
29,Caribbean,2022,Unemployment rate - Total,8.5
29,Caribbean,2022,Labour force participation - Male,69.5
29,Caribbean,2022,Unemployment rate - Male,6.6
29,Caribbean,2022,Labour force participation - Female,49.6
29,Caribbean,2022,Unemployment rate - Female,11
13,Central America,2005,Labour force participation - Total,60
13,Central America,2005,Unemployment rate - Total,3.9
13,Central America,2005,Labour force participation - Male,80.3
13,Central America,2005,Unemployment rate - Male,3.7
13,Central America,2005,Labour force participation - Female,41.2
13,Central America,2005,Unemployment rate - Female,4.3
13,Central America,2010,Labour force participation - Total,60.1
13,Central America,2010,Unemployment rate - Total,5.2
13,Central America,2010,Labour force participation - Male,79
13,Central America,2010,Unemployment rate - Male,5.1
13,Central America,2010,Labour force participation - Female,42.6
13,Central America,2010,Unemployment rate - Female,5.3
13,Central America,2015,Labour force participation - Total,60.3
13,Central America,2015,Unemployment rate - Total,4.4
13,Central America,2015,Labour force participation - Male,78.4
13,Central America,2015,Unemployment rate - Male,4.1
13,Central America,2015,Labour force participation - Female,43.5
13,Central America,2015,Unemployment rate - Female,4.8
13,Central America,2022,Labour force participation - Total,59.4
13,Central America,2022,Unemployment rate - Total,4.9
13,Central America,2022,Labour force participation - Male,76.1
13,Central America,2022,Unemployment rate - Male,4.5
13,Central America,2022,Labour force participation - Female,43.9
13,Central America,2022,Unemployment rate - Female,5.4
5,South America,2005,Labour force participation - Total,65.5
5,South America,2005,Unemployment rate - Total,9.2
5,South America,2005,Labour force participation - Male,78.2
5,South America,2005,Unemployment rate - Male,7.5
5,South America,2005,Labour force participation - Female,53.5
5,South America,2005,Unemployment rate - Female,11.6
5,South America,2010,Labour force participation - Total,65
5,South America,2010,Unemployment rate - Total,7.2
5,South America,2010,Labour force participation - Male,77.1
5,South America,2010,Unemployment rate - Male,5.8
5,South America,2010,Labour force participation - Female,53.5
5,South America,2010,Unemployment rate - Female,9.2
5,South America,2015,Labour force participation - Total,63.9
5,South America,2015,Unemployment rate - Total,7.3
5,South America,2015,Labour force participation - Male,75.5
5,South America,2015,Unemployment rate - Male,6.3
5,South America,2015,Labour force participation - Female,53
5,South America,2015,Unemployment rate - Female,8.7
5,South America,2022,Labour force participation - Total,61.7
5,South America,2022,Unemployment rate - Total,11.1
5,South America,2022,Labour force participation - Male,72.4
5,South America,2022,Unemployment rate - Male,9.1
5,South America,2022,Labour force participation - Female,51.6
5,South America,2022,Unemployment rate - Female,13.6
143,Central Asia,2005,Labour force participation - Total,63.1
143,Central Asia,2005,Unemployment rate - Total,8
143,Central Asia,2005,Labour force participation - Male,73.1
143,Central Asia,2005,Unemployment rate - Male,7.3
143,Central Asia,2005,Labour force participation - Female,53.7
143,Central Asia,2005,Unemployment rate - Female,8.8
143,Central Asia,2010,Labour force participation - Total,61.5
143,Central Asia,2010,Unemployment rate - Total,6.1
143,Central Asia,2010,Labour force participation - Male,71.8
143,Central Asia,2010,Unemployment rate - Male,5.7
143,Central Asia,2010,Labour force participation - Female,51.6
143,Central Asia,2010,Unemployment rate - Female,6.7
143,Central Asia,2015,Labour force participation - Total,60.2
143,Central Asia,2015,Unemployment rate - Total,5.4
143,Central Asia,2015,Labour force participation - Male,70.7
143,Central Asia,2015,Unemployment rate - Male,5.4
143,Central Asia,2015,Labour force participation - Female,50.2
143,Central Asia,2015,Unemployment rate - Female,5.5
143,Central Asia,2022,Labour force participation - Total,57.6
143,Central Asia,2022,Unemployment rate - Total,6.4
143,Central Asia,2022,Labour force participation - Male,68.5
143,Central Asia,2022,Unemployment rate - Male,6.4
143,Central Asia,2022,Labour force participation - Female,47.3
143,Central Asia,2022,Unemployment rate - Female,6.4
30,Eastern Asia,2005,Labour force participation - Total,72.2
30,Eastern Asia,2005,Unemployment rate - Total,4.5
30,Eastern Asia,2005,Labour force participation - Male,79.6
30,Eastern Asia,2005,Unemployment rate - Male,4.9
30,Eastern Asia,2005,Labour force participation - Female,64.7
30,Eastern Asia,2005,Unemployment rate - Female,3.9
30,Eastern Asia,2010,Labour force participation - Total,69.6
30,Eastern Asia,2010,Unemployment rate - Total,4.5
30,Eastern Asia,2010,Labour force participation - Male,77.2
30,Eastern Asia,2010,Unemployment rate - Male,5
30,Eastern Asia,2010,Labour force participation - Female,61.8
30,Eastern Asia,2010,Unemployment rate - Female,3.9
30,Eastern Asia,2015,Labour force participation - Total,69.2
30,Eastern Asia,2015,Unemployment rate - Total,4.5
30,Eastern Asia,2015,Labour force participation - Male,76.2
30,Eastern Asia,2015,Unemployment rate - Male,4.9
30,Eastern Asia,2015,Labour force participation - Female,62
30,Eastern Asia,2015,Unemployment rate - Female,3.9
30,Eastern Asia,2022,Labour force participation - Total,67.2
30,Eastern Asia,2022,Unemployment rate - Total,4.5
30,Eastern Asia,2022,Labour force participation - Male,73.7
30,Eastern Asia,2022,Unemployment rate - Male,4.9
30,Eastern Asia,2022,Labour force participation - Female,60.6
30,Eastern Asia,2022,Unemployment rate - Female,3.9
35,South-eastern Asia,2005,Labour force participation - Total,67.1
35,South-eastern Asia,2005,Unemployment rate - Total,4.4
35,South-eastern Asia,2005,Labour force participation - Male,80.3
35,South-eastern Asia,2005,Unemployment rate - Male,4.1
35,South-eastern Asia,2005,Labour force participation - Female,54.2
35,South-eastern Asia,2005,Unemployment rate - Female,4.9
35,South-eastern Asia,2010,Labour force participation - Total,68.1
35,South-eastern Asia,2010,Unemployment rate - Total,3.2
35,South-eastern Asia,2010,Labour force participation - Male,80.3
35,South-eastern Asia,2010,Unemployment rate - Male,3.1
35,South-eastern Asia,2010,Labour force participation - Female,56.2
35,South-eastern Asia,2010,Unemployment rate - Female,3.3
35,South-eastern Asia,2015,Labour force participation - Total,68
35,South-eastern Asia,2015,Unemployment rate - Total,2.9
35,South-eastern Asia,2015,Labour force participation - Male,80.2
35,South-eastern Asia,2015,Unemployment rate - Male,3
35,South-eastern Asia,2015,Labour force participation - Female,56
35,South-eastern Asia,2015,Unemployment rate - Female,2.7
35,South-eastern Asia,2022,Labour force participation - Total,66.1
35,South-eastern Asia,2022,Unemployment rate - Total,3.1
35,South-eastern Asia,2022,Labour force participation - Male,77.5
35,South-eastern Asia,2022,Unemployment rate - Male,3.2
35,South-eastern Asia,2022,Labour force participation - Female,54.9
35,South-eastern Asia,2022,Unemployment rate - Female,2.9
34,Southern Asia,2005,Labour force participation - Total,56.8
34,Southern Asia,2005,Unemployment rate - Total,5.3
34,Southern Asia,2005,Labour force participation - Male,81.6
34,Southern Asia,2005,Unemployment rate - Male,5.1
34,Southern Asia,2005,Labour force participation - Female,30.4
34,Southern Asia,2005,Unemployment rate - Female,6
34,Southern Asia,2010,Labour force participation - Total,53.4
34,Southern Asia,2010,Unemployment rate - Total,5.2
34,Southern Asia,2010,Labour force participation - Male,79
34,Southern Asia,2010,Unemployment rate - Male,5.1
34,Southern Asia,2010,Labour force participation - Female,26.3
34,Southern Asia,2010,Unemployment rate - Female,5.5
34,Southern Asia,2015,Labour force participation - Total,50.7
34,Southern Asia,2015,Unemployment rate - Total,5.4
34,Southern Asia,2015,Labour force participation - Male,76.2
34,Southern Asia,2015,Unemployment rate - Male,5.1
34,Southern Asia,2015,Labour force participation - Female,23.7
34,Southern Asia,2015,Unemployment rate - Female,6.2
34,Southern Asia,2022,Labour force participation - Total,48.1
34,Southern Asia,2022,Unemployment rate - Total,5.6
34,Southern Asia,2022,Labour force participation - Male,72.5
34,Southern Asia,2022,Unemployment rate - Male,5.6
34,Southern Asia,2022,Labour force participation - Female,22.3
34,Southern Asia,2022,Unemployment rate - Female,5.6
145,Western Asia,2005,Labour force participation - Total,47.8
145,Western Asia,2005,Unemployment rate - Total,8
145,Western Asia,2005,Labour force participation - Male,73.9
145,Western Asia,2005,Unemployment rate - Male,7
145,Western Asia,2005,Labour force participation - Female,16.9
145,Western Asia,2005,Unemployment rate - Female,13.3
145,Western Asia,2010,Labour force participation - Total,49
145,Western Asia,2010,Unemployment rate - Total,7.1
145,Western Asia,2010,Labour force participation - Male,74.5
145,Western Asia,2010,Unemployment rate - Male,5.8
145,Western Asia,2010,Labour force participation - Female,16.8
145,Western Asia,2010,Unemployment rate - Female,14.1
145,Western Asia,2015,Labour force participation - Total,50.4
145,Western Asia,2015,Unemployment rate - Total,7.6
145,Western Asia,2015,Labour force participation - Male,75.7
145,Western Asia,2015,Unemployment rate - Male,5.7
145,Western Asia,2015,Labour force participation - Female,18.6
145,Western Asia,2015,Unemployment rate - Female,17.2
145,Western Asia,2022,Labour force participation - Total,51
145,Western Asia,2022,Unemployment rate - Total,9.2
145,Western Asia,2022,Labour force participation - Male,76.3
145,Western Asia,2022,Unemployment rate - Male,7
145,Western Asia,2022,Labour force participation - Female,19.3
145,Western Asia,2022,Unemployment rate - Female,20
134,Caucasus,2005,Labour force participation - Total,51
134,Caucasus,2005,Unemployment rate - Total,10.4
134,Caucasus,2005,Labour force participation - Male,70.8
134,Caucasus,2005,Unemployment rate - Male,10.3
134,Caucasus,2005,Labour force participation - Female,32.4
134,Caucasus,2005,Unemployment rate - Female,10.5
134,Caucasus,2010,Labour force participation - Total,52.2
134,Caucasus,2010,Unemployment rate - Total,10.6
134,Caucasus,2010,Labour force participation - Male,70.2
134,Caucasus,2010,Unemployment rate - Male,10.4
134,Caucasus,2010,Labour force participation - Female,35.3
134,Caucasus,2010,Unemployment rate - Female,11
134,Caucasus,2015,Labour force participation - Total,54.6
134,Caucasus,2015,Unemployment rate - Total,9.9
134,Caucasus,2015,Labour force participation - Male,71.6
134,Caucasus,2015,Unemployment rate - Male,9.1
134,Caucasus,2015,Labour force participation - Female,38.6
134,Caucasus,2015,Unemployment rate - Female,11.1
134,Caucasus,2022,Labour force participation - Total,53.8
134,Caucasus,2022,Unemployment rate - Total,12.3
134,Caucasus,2022,Labour force participation - Male,69.6
134,Caucasus,2022,Unemployment rate - Male,11.6
134,Caucasus,2022,Labour force participation - Female,38.7
134,Caucasus,2022,Unemployment rate - Female,13.5
151,Eastern Europe,2005,Labour force participation - Total,58
151,Eastern Europe,2005,Unemployment rate - Total,8.7
151,Eastern Europe,2005,Labour force participation - Male,64.6
151,Eastern Europe,2005,Unemployment rate - Male,8.9
151,Eastern Europe,2005,Labour force participation - Female,52.2
151,Eastern Europe,2005,Unemployment rate - Female,8.6
151,Eastern Europe,2010,Labour force participation - Total,58.9
151,Eastern Europe,2010,Unemployment rate - Total,8
151,Eastern Europe,2010,Labour force participation - Male,66.4
151,Eastern Europe,2010,Unemployment rate - Male,8.5
151,Eastern Europe,2010,Labour force participation - Female,52.4
151,Eastern Europe,2010,Unemployment rate - Female,7.4
151,Eastern Europe,2015,Labour force participation - Total,59.4
151,Eastern Europe,2015,Unemployment rate - Total,6.6
151,Eastern Europe,2015,Labour force participation - Male,67.6
151,Eastern Europe,2015,Unemployment rate - Male,6.9
151,Eastern Europe,2015,Labour force participation - Female,52.4
151,Eastern Europe,2015,Unemployment rate - Female,6.3
151,Eastern Europe,2022,Labour force participation - Total,58.7
151,Eastern Europe,2022,Unemployment rate - Total,4.9
151,Eastern Europe,2022,Labour force participation - Male,67
151,Eastern Europe,2022,Unemployment rate - Male,4.9
151,Eastern Europe,2022,Labour force participation - Female,51.6
151,Eastern Europe,2022,Unemployment rate - Female,4.9
154,Northern Europe,2005,Labour force participation - Total,62.4
154,Northern Europe,2005,Unemployment rate - Total,5.4
154,Northern Europe,2005,Labour force participation - Male,69.1
154,Northern Europe,2005,Unemployment rate - Male,5.7
154,Northern Europe,2005,Labour force participation - Female,56
154,Northern Europe,2005,Unemployment rate - Female,5.2
154,Northern Europe,2010,Labour force participation - Total,62.3
154,Northern Europe,2010,Unemployment rate - Total,8.6
154,Northern Europe,2010,Labour force participation - Male,68.3
154,Northern Europe,2010,Unemployment rate - Male,9.5
154,Northern Europe,2010,Labour force participation - Female,56.6
154,Northern Europe,2010,Unemployment rate - Female,7.6
154,Northern Europe,2015,Labour force participation - Total,62.5
154,Northern Europe,2015,Unemployment rate - Total,6.1
154,Northern Europe,2015,Labour force participation - Male,67.9
154,Northern Europe,2015,Unemployment rate - Male,6.3
154,Northern Europe,2015,Labour force participation - Female,57.4
154,Northern Europe,2015,Unemployment rate - Female,5.9
154,Northern Europe,2022,Labour force participation - Total,62.9
154,Northern Europe,2022,Unemployment rate - Total,4.8
154,Northern Europe,2022,Labour force participation - Male,67.5
154,Northern Europe,2022,Unemployment rate - Male,5
154,Northern Europe,2022,Labour force participation - Female,58.4
154,Northern Europe,2022,Unemployment rate - Female,4.7
39,Southern Europe,2005,Labour force participation - Total,53.1
39,Southern Europe,2005,Unemployment rate - Total,10.3
39,Southern Europe,2005,Labour force participation - Male,64
39,Southern Europe,2005,Unemployment rate - Male,8.4
39,Southern Europe,2005,Labour force participation - Female,42.8
39,Southern Europe,2005,Unemployment rate - Female,13
39,Southern Europe,2010,Labour force participation - Total,53.3
39,Southern Europe,2010,Unemployment rate - Total,14.3
39,Southern Europe,2010,Labour force participation - Male,62.6
39,Southern Europe,2010,Unemployment rate - Male,13.4
39,Southern Europe,2010,Labour force participation - Female,44.7
39,Southern Europe,2010,Unemployment rate - Female,15.4
39,Southern Europe,2015,Labour force participation - Total,53.3
39,Southern Europe,2015,Unemployment rate - Total,17.2
39,Southern Europe,2015,Labour force participation - Male,61.4
39,Southern Europe,2015,Unemployment rate - Male,16.2
39,Southern Europe,2015,Labour force participation - Female,45.8
39,Southern Europe,2015,Unemployment rate - Female,18.5
39,Southern Europe,2022,Labour force participation - Total,52.8
39,Southern Europe,2022,Unemployment rate - Total,11.1
39,Southern Europe,2022,Labour force participation - Male,60
39,Southern Europe,2022,Unemployment rate - Male,9.7
39,Southern Europe,2022,Labour force participation - Female,45.9
39,Southern Europe,2022,Unemployment rate - Female,12.7
155,Western Europe,2005,Labour force participation - Total,58.2
155,Western Europe,2005,Unemployment rate - Total,9.1
155,Western Europe,2005,Labour force participation - Male,65.6
155,Western Europe,2005,Unemployment rate - Male,8.9
155,Western Europe,2005,Labour force participation - Female,51.3
155,Western Europe,2005,Unemployment rate - Female,9.4
155,Western Europe,2010,Labour force participation - Total,59
155,Western Europe,2010,Unemployment rate - Total,7.2
155,Western Europe,2010,Labour force participation - Male,65.3
155,Western Europe,2010,Unemployment rate - Male,7.3
155,Western Europe,2010,Labour force participation - Female,53
155,Western Europe,2010,Unemployment rate - Female,7.2
155,Western Europe,2015,Labour force participation - Total,59.1
155,Western Europe,2015,Unemployment rate - Total,6.9
155,Western Europe,2015,Labour force participation - Male,64.6
155,Western Europe,2015,Unemployment rate - Male,7.2
155,Western Europe,2015,Labour force participation - Female,54
155,Western Europe,2015,Unemployment rate - Female,6.6
155,Western Europe,2022,Labour force participation - Total,59.7
155,Western Europe,2022,Unemployment rate - Total,4.9
155,Western Europe,2022,Labour force participation - Male,64.3
155,Western Europe,2022,Unemployment rate - Male,5
155,Western Europe,2022,Labour force participation - Female,55.3
155,Western Europe,2022,Unemployment rate - Female,4.8
9,Oceania,2005,Labour force participation - Total,64.2
9,Oceania,2005,Unemployment rate - Total,4.5
9,Oceania,2005,Labour force participation - Male,71
9,Oceania,2005,Unemployment rate - Male,4.5
9,Oceania,2005,Labour force participation - Female,57.6
9,Oceania,2005,Unemployment rate - Female,4.6
9,Oceania,2010,Labour force participation - Total,62.9
9,Oceania,2010,Unemployment rate - Total,5
9,Oceania,2010,Labour force participation - Male,68.9
9,Oceania,2010,Unemployment rate - Male,4.9
9,Oceania,2010,Labour force participation - Female,57
9,Oceania,2010,Unemployment rate - Female,5.1
9,Oceania,2015,Labour force participation - Total,62.5
9,Oceania,2015,Unemployment rate - Total,5.5
9,Oceania,2015,Labour force participation - Male,67.7
9,Oceania,2015,Unemployment rate - Male,5.5
9,Oceania,2015,Labour force participation - Female,57.3
9,Oceania,2015,Unemployment rate - Female,5.4
9,Oceania,2022,Labour force participation - Total,62.3
9,Oceania,2022,Unemployment rate - Total,4.6
9,Oceania,2022,Labour force participation - Male,66.7
9,Oceania,2022,Unemployment rate - Male,4.8
9,Oceania,2022,Labour force participation - Female,58
9,Oceania,2022,Unemployment rate - Female,4.2
4,Afghanistan,2005,Labour force participation - Total,47.1
4,Afghanistan,2005,Unemployment rate - Total,11.2
4,Afghanistan,2005,Labour force participation - Male,76.3
4,Afghanistan,2005,Unemployment rate - Male,10.6
4,Afghanistan,2005,Labour force participation - Female,15.6
4,Afghanistan,2005,Unemployment rate - Female,14.3
4,Afghanistan,2010,Labour force participation - Total,46.7
4,Afghanistan,2010,Unemployment rate - Total,11.4
4,Afghanistan,2010,Labour force participation - Male,76.8
4,Afghanistan,2010,Unemployment rate - Male,10.8
4,Afghanistan,2010,Labour force participation - Female,15.1
4,Afghanistan,2010,Unemployment rate - Female,14.5
4,Afghanistan,2015,Labour force participation - Total,47.2
4,Afghanistan,2015,Unemployment rate - Total,11.1
4,Afghanistan,2015,Labour force participation - Male,73.9
4,Afghanistan,2015,Unemployment rate - Male,10.4
4,Afghanistan,2015,Labour force participation - Female,18.7
4,Afghanistan,2015,Unemployment rate - Female,14.1
4,Afghanistan,2022,Labour force participation - Total,42
4,Afghanistan,2022,Unemployment rate - Total,18.5
4,Afghanistan,2022,Labour force participation - Male,68.1
4,Afghanistan,2022,Unemployment rate - Male,17
4,Afghanistan,2022,Labour force participation - Female,14.4
4,Afghanistan,2022,Unemployment rate - Female,26.4
8,Albania,2005,Labour force participation - Total,56.4
8,Albania,2005,Unemployment rate - Total,16
8,Albania,2005,Labour force participation - Male,65.9
8,Albania,2005,Unemployment rate - Male,15.6
8,Albania,2005,Labour force participation - Female,47.1
8,Albania,2005,Unemployment rate - Female,16.4
8,Albania,2010,Labour force participation - Total,55.2
8,Albania,2010,Unemployment rate - Total,14.1
8,Albania,2010,Labour force participation - Male,63.8
8,Albania,2010,Unemployment rate - Male,12.8
8,Albania,2010,Labour force participation - Female,46.7
8,Albania,2010,Unemployment rate - Female,15.9
8,Albania,2015,Labour force participation - Total,55.5
8,Albania,2015,Unemployment rate - Total,17.2
8,Albania,2015,Labour force participation - Male,64
8,Albania,2015,Unemployment rate - Male,17.2
8,Albania,2015,Labour force participation - Female,46.9
8,Albania,2015,Unemployment rate - Female,17.1
8,Albania,2022,Labour force participation - Total,58.1
8,Albania,2022,Unemployment rate - Total,10.9
8,Albania,2022,Labour force participation - Male,65.6
8,Albania,2022,Unemployment rate - Male,10.8
8,Albania,2022,Labour force participation - Female,50.4
8,Albania,2022,Unemployment rate - Female,10.9
12,Algeria,2005,Labour force participation - Total,42.5
12,Algeria,2005,Unemployment rate - Total,15.3
12,Algeria,2005,Labour force participation - Male,71.3
12,Algeria,2005,Unemployment rate - Male,14.9
12,Algeria,2005,Labour force participation - Female,13.2
12,Algeria,2005,Unemployment rate - Female,17.2
12,Algeria,2010,Labour force participation - Total,41.7
12,Algeria,2010,Unemployment rate - Total,10
12,Algeria,2010,Labour force participation - Male,68.9
12,Algeria,2010,Unemployment rate - Male,8.1
12,Algeria,2010,Labour force participation - Female,14.2
12,Algeria,2010,Unemployment rate - Female,19.1
12,Algeria,2015,Labour force participation - Total,41.7
12,Algeria,2015,Unemployment rate - Total,11.2
12,Algeria,2015,Labour force participation - Male,66.8
12,Algeria,2015,Unemployment rate - Male,9.9
12,Algeria,2015,Labour force participation - Female,16.3
12,Algeria,2015,Unemployment rate - Female,16.6
12,Algeria,2022,Labour force participation - Total,41
12,Algeria,2022,Unemployment rate - Total,12.2
12,Algeria,2022,Labour force participation - Male,65.6
12,Algeria,2022,Unemployment rate - Male,9.9
12,Algeria,2022,Labour force participation - Female,16.2
12,Algeria,2022,Unemployment rate - Female,21.5
16,American Samoa,2000,Labour force participation - Total,52.9
16,American Samoa,2000,Unemployment rate - Total,5.1
16,American Samoa,2000,Labour force participation - Male,58.8
16,American Samoa,2000,Unemployment rate - Male,4.9
16,American Samoa,2000,Labour force participation - Female,41.2
16,American Samoa,2000,Unemployment rate - Female,6
16,American Samoa,2005,Labour force participation - Total,59.9
16,American Samoa,2010,Labour force participation - Total,52.8
16,American Samoa,2010,Unemployment rate - Total,9.2
24,Angola,2005,Labour force participation - Total,77.2
24,Angola,2005,Unemployment rate - Total,3.9
24,Angola,2005,Labour force participation - Male,78.9
24,Angola,2005,Unemployment rate - Male,4.7
24,Angola,2005,Labour force participation - Female,75.6
24,Angola,2005,Unemployment rate - Female,3
24,Angola,2010,Labour force participation - Total,77.3
24,Angola,2010,Unemployment rate - Total,9.4
24,Angola,2010,Labour force participation - Male,79
24,Angola,2010,Unemployment rate - Male,8
24,Angola,2010,Labour force participation - Female,75.6
24,Angola,2010,Unemployment rate - Female,10.9
24,Angola,2015,Labour force participation - Total,77.3
24,Angola,2015,Unemployment rate - Total,7.4
24,Angola,2015,Labour force participation - Male,79.9
24,Angola,2015,Unemployment rate - Male,7
24,Angola,2015,Labour force participation - Female,74.9
24,Angola,2015,Unemployment rate - Female,7.8
24,Angola,2022,Labour force participation - Total,76.9
24,Angola,2022,Unemployment rate - Total,8.3
24,Angola,2022,Labour force participation - Male,79.3
24,Angola,2022,Unemployment rate - Male,7.7
24,Angola,2022,Labour force participation - Female,74.6
24,Angola,2022,Unemployment rate - Female,8.8
32,Argentina,2005,Labour force participation - Total,61.5
32,Argentina,2005,Unemployment rate - Total,11.5
32,Argentina,2005,Labour force participation - Male,74.9
32,Argentina,2005,Unemployment rate - Male,10
32,Argentina,2005,Labour force participation - Female,49.3
32,Argentina,2005,Unemployment rate - Female,13.6
32,Argentina,2010,Labour force participation - Total,60.2
32,Argentina,2010,Unemployment rate - Total,7.7
32,Argentina,2010,Labour force participation - Male,73.6
32,Argentina,2010,Unemployment rate - Male,6.7
32,Argentina,2010,Labour force participation - Female,47.9
32,Argentina,2010,Unemployment rate - Female,9.2
32,Argentina,2015,Labour force participation - Total,59.2
32,Argentina,2015,Unemployment rate - Total,7.5
32,Argentina,2015,Labour force participation - Male,71.7
32,Argentina,2015,Unemployment rate - Male,6.7
32,Argentina,2015,Labour force participation - Female,47.7
32,Argentina,2015,Unemployment rate - Female,8.6
32,Argentina,2022,Labour force participation - Total,60.2
32,Argentina,2022,Unemployment rate - Total,10.6
32,Argentina,2022,Labour force participation - Male,71.2
32,Argentina,2022,Unemployment rate - Male,8.9
32,Argentina,2022,Labour force participation - Female,50
32,Argentina,2022,Unemployment rate - Female,12.8
51,Armenia,2005,Labour force participation - Total,53.3
51,Armenia,2005,Unemployment rate - Total,10.2
51,Armenia,2005,Labour force participation - Male,63.2
51,Armenia,2005,Unemployment rate - Male,9.4
51,Armenia,2005,Labour force participation - Female,45.1
51,Armenia,2005,Unemployment rate - Female,11.2
51,Armenia,2010,Labour force participation - Total,56.3
51,Armenia,2010,Unemployment rate - Total,19
51,Armenia,2010,Labour force participation - Male,67.6
51,Armenia,2010,Unemployment rate - Male,17.1
51,Armenia,2010,Labour force participation - Female,46.9
51,Armenia,2010,Unemployment rate - Female,21.3
51,Armenia,2015,Labour force participation - Total,56.9
51,Armenia,2015,Unemployment rate - Total,18.3
51,Armenia,2015,Labour force participation - Male,66.6
51,Armenia,2015,Unemployment rate - Male,17.4
51,Armenia,2015,Labour force participation - Female,48.8
51,Armenia,2015,Unemployment rate - Female,19.3
51,Armenia,2022,Labour force participation - Total,52.5
51,Armenia,2022,Unemployment rate - Total,20.8
51,Armenia,2022,Labour force participation - Male,63.5
51,Armenia,2022,Unemployment rate - Male,19.7
51,Armenia,2022,Labour force participation - Female,43.3
51,Armenia,2022,Unemployment rate - Female,22.1
533,Aruba,2001,Unemployment rate - Total,6.9
533,Aruba,2001,Unemployment rate - Male,6.5
533,Aruba,2001,Unemployment rate - Female,7.4
533,Aruba,2010,Labour force participation - Total,63.9
533,Aruba,2010,Unemployment rate - Total,10.6
533,Aruba,2010,Labour force participation - Male,68.9
533,Aruba,2010,Unemployment rate - Male,10.8
533,Aruba,2010,Labour force participation - Female,59.5
533,Aruba,2010,Unemployment rate - Female,10.4
533,Aruba,2011,Labour force participation - Total,63.8
533,Aruba,2011,Labour force participation - Male,69.6
533,Aruba,2011,Labour force participation - Female,58.8
36,Australia,2005,Labour force participation - Total,64.4
36,Australia,2005,Unemployment rate - Total,5
36,Australia,2005,Labour force participation - Male,72
36,Australia,2005,Unemployment rate - Male,4.9
36,Australia,2005,Labour force participation - Female,56.9
36,Australia,2005,Unemployment rate - Female,5.2
36,Australia,2010,Labour force participation - Total,65.4
36,Australia,2010,Unemployment rate - Total,5.2
36,Australia,2010,Labour force participation - Male,72.3
36,Australia,2010,Unemployment rate - Male,5.1
36,Australia,2010,Labour force participation - Female,58.6
36,Australia,2010,Unemployment rate - Female,5.4
36,Australia,2015,Labour force participation - Total,65
36,Australia,2015,Unemployment rate - Total,6.1
36,Australia,2015,Labour force participation - Male,71.1
36,Australia,2015,Unemployment rate - Male,6
36,Australia,2015,Labour force participation - Female,59.1
36,Australia,2015,Unemployment rate - Female,6.1
36,Australia,2022,Labour force participation - Total,65.2
36,Australia,2022,Unemployment rate - Total,5
36,Australia,2022,Labour force participation - Male,70
36,Australia,2022,Unemployment rate - Male,5.2
36,Australia,2022,Labour force participation - Female,60.4
36,Australia,2022,Unemployment rate - Female,4.7
40,Austria,2005,Labour force participation - Total,58.6
40,Austria,2005,Unemployment rate - Total,5.6
40,Austria,2005,Labour force participation - Male,66.4
40,Austria,2005,Unemployment rate - Male,5.4
40,Austria,2005,Labour force participation - Female,51.3
40,Austria,2005,Unemployment rate - Female,5.9
40,Austria,2010,Labour force participation - Total,60.4
40,Austria,2010,Unemployment rate - Total,4.8
40,Austria,2010,Labour force participation - Male,67.1
40,Austria,2010,Unemployment rate - Male,5
40,Austria,2010,Labour force participation - Female,54.2
40,Austria,2010,Unemployment rate - Female,4.6
40,Austria,2015,Labour force participation - Total,60.7
40,Austria,2015,Unemployment rate - Total,5.7
40,Austria,2015,Labour force participation - Male,66.4
40,Austria,2015,Unemployment rate - Male,6.1
40,Austria,2015,Labour force participation - Female,55.4
40,Austria,2015,Unemployment rate - Female,5.3
40,Austria,2022,Labour force participation - Total,60.5
40,Austria,2022,Unemployment rate - Total,5.4
40,Austria,2022,Labour force participation - Male,66
40,Austria,2022,Unemployment rate - Male,5.4
40,Austria,2022,Labour force participation - Female,55.3
40,Austria,2022,Unemployment rate - Female,5.4
31,Azerbaijan,2005,Labour force participation - Total,68.4
31,Azerbaijan,2005,Unemployment rate - Total,7.3
31,Azerbaijan,2005,Labour force participation - Male,73
31,Azerbaijan,2005,Unemployment rate - Male,7.2
31,Azerbaijan,2005,Labour force participation - Female,64.1
31,Azerbaijan,2005,Unemployment rate - Female,7.3
31,Azerbaijan,2010,Labour force participation - Total,64.8
31,Azerbaijan,2010,Unemployment rate - Total,5.6
31,Azerbaijan,2010,Labour force participation - Male,67.8
31,Azerbaijan,2010,Unemployment rate - Male,4.4
31,Azerbaijan,2010,Labour force participation - Female,62
31,Azerbaijan,2010,Unemployment rate - Female,6.9
31,Azerbaijan,2015,Labour force participation - Total,65.5
31,Azerbaijan,2015,Unemployment rate - Total,5
31,Azerbaijan,2015,Labour force participation - Male,68.7
31,Azerbaijan,2015,Unemployment rate - Male,4.1
31,Azerbaijan,2015,Labour force participation - Female,62.5
31,Azerbaijan,2015,Unemployment rate - Female,5.9
31,Azerbaijan,2022,Labour force participation - Total,64.9
31,Azerbaijan,2022,Unemployment rate - Total,6.6
31,Azerbaijan,2022,Labour force participation - Male,68.1
31,Azerbaijan,2022,Unemployment rate - Male,5.4
31,Azerbaijan,2022,Labour force participation - Female,61.7
31,Azerbaijan,2022,Unemployment rate - Female,7.7
44,Bahamas,2005,Labour force participation - Total,75.2
44,Bahamas,2005,Unemployment rate - Total,10.2
44,Bahamas,2005,Labour force participation - Male,80.2
44,Bahamas,2005,Unemployment rate - Male,9.3
44,Bahamas,2005,Labour force participation - Female,70.6
44,Bahamas,2005,Unemployment rate - Female,11.2
44,Bahamas,2010,Labour force participation - Total,72.9
44,Bahamas,2010,Unemployment rate - Total,14.3
44,Bahamas,2010,Labour force participation - Male,76.8
44,Bahamas,2010,Unemployment rate - Male,14
44,Bahamas,2010,Labour force participation - Female,69.4
44,Bahamas,2010,Unemployment rate - Female,14.6
44,Bahamas,2015,Labour force participation - Total,72.7
44,Bahamas,2015,Unemployment rate - Total,12
44,Bahamas,2015,Labour force participation - Male,75.7
44,Bahamas,2015,Unemployment rate - Male,11
44,Bahamas,2015,Labour force participation - Female,69.9
44,Bahamas,2015,Unemployment rate - Female,13
44,Bahamas,2022,Labour force participation - Total,70.3
44,Bahamas,2022,Unemployment rate - Total,12.9
44,Bahamas,2022,Labour force participation - Male,72.9
44,Bahamas,2022,Unemployment rate - Male,12.6
44,Bahamas,2022,Labour force participation - Female,67.8
44,Bahamas,2022,Unemployment rate - Female,13.1
48,Bahrain,2005,Labour force participation - Total,68.6
48,Bahrain,2005,Unemployment rate - Total,1.1
48,Bahrain,2005,Labour force participation - Male,86.2
48,Bahrain,2005,Unemployment rate - Male,0.4
48,Bahrain,2005,Labour force participation - Female,38.9
48,Bahrain,2005,Unemployment rate - Female,3.6
48,Bahrain,2010,Labour force participation - Total,72.1
48,Bahrain,2010,Unemployment rate - Total,1.1
48,Bahrain,2010,Labour force participation - Male,87.2
48,Bahrain,2010,Unemployment rate - Male,0.4
48,Bahrain,2010,Labour force participation - Female,43.6
48,Bahrain,2010,Unemployment rate - Female,3.7
48,Bahrain,2015,Labour force participation - Total,71.6
48,Bahrain,2015,Unemployment rate - Total,1.2
48,Bahrain,2015,Labour force participation - Male,87
48,Bahrain,2015,Unemployment rate - Male,0.5
48,Bahrain,2015,Labour force participation - Female,43.6
48,Bahrain,2015,Unemployment rate - Female,3.8
48,Bahrain,2022,Labour force participation - Total,71
48,Bahrain,2022,Unemployment rate - Total,1.8
48,Bahrain,2022,Labour force participation - Male,84.2
48,Bahrain,2022,Unemployment rate - Male,0.9
48,Bahrain,2022,Labour force participation - Female,43.2
48,Bahrain,2022,Unemployment rate - Female,5.4
50,Bangladesh,2005,Labour force participation - Total,58.2
50,Bangladesh,2005,Unemployment rate - Total,4.3
50,Bangladesh,2005,Labour force participation - Male,86
50,Bangladesh,2005,Unemployment rate - Male,3.4
50,Bangladesh,2005,Labour force participation - Female,28.9
50,Bangladesh,2005,Unemployment rate - Female,7.1
50,Bangladesh,2010,Labour force participation - Total,57.3
50,Bangladesh,2010,Unemployment rate - Total,3.4
50,Bangladesh,2010,Labour force participation - Male,83.3
50,Bangladesh,2010,Unemployment rate - Male,3
50,Bangladesh,2010,Labour force participation - Female,30.5
50,Bangladesh,2010,Unemployment rate - Female,4.4
50,Bangladesh,2015,Labour force participation - Total,56.3
50,Bangladesh,2015,Unemployment rate - Total,4.4
50,Bangladesh,2015,Labour force participation - Male,79.6
50,Bangladesh,2015,Unemployment rate - Male,3.1
50,Bangladesh,2015,Labour force participation - Female,32.5
50,Bangladesh,2015,Unemployment rate - Female,7.4
50,Bangladesh,2022,Labour force participation - Total,57.5
50,Bangladesh,2022,Unemployment rate - Total,5
50,Bangladesh,2022,Labour force participation - Male,79.2
50,Bangladesh,2022,Unemployment rate - Male,3.9
50,Bangladesh,2022,Labour force participation - Female,35.5
50,Bangladesh,2022,Unemployment rate - Female,7.6
52,Barbados,2005,Labour force participation - Total,69.6
52,Barbados,2005,Unemployment rate - Total,9.1
52,Barbados,2005,Labour force participation - Male,75.2
52,Barbados,2005,Unemployment rate - Male,7.4
52,Barbados,2005,Labour force participation - Female,64.5
52,Barbados,2005,Unemployment rate - Female,10.8
52,Barbados,2010,Labour force participation - Total,66.6
52,Barbados,2010,Unemployment rate - Total,10.7
52,Barbados,2010,Labour force participation - Male,71.8
52,Barbados,2010,Unemployment rate - Male,10.9
52,Barbados,2010,Labour force participation - Female,61.9
52,Barbados,2010,Unemployment rate - Female,10.5
52,Barbados,2015,Labour force participation - Total,64
52,Barbados,2015,Unemployment rate - Total,9.8
52,Barbados,2015,Labour force participation - Male,67.4
52,Barbados,2015,Unemployment rate - Male,10.6
52,Barbados,2015,Labour force participation - Female,60.8
52,Barbados,2015,Unemployment rate - Female,9
52,Barbados,2022,Labour force participation - Total,60.2
52,Barbados,2022,Unemployment rate - Total,9.8
52,Barbados,2022,Labour force participation - Male,63.9
52,Barbados,2022,Unemployment rate - Male,10.8
52,Barbados,2022,Labour force participation - Female,56.7
52,Barbados,2022,Unemployment rate - Female,8.7
112,Belarus,2005,Labour force participation - Total,60.8
112,Belarus,2005,Unemployment rate - Total,9.1
112,Belarus,2005,Labour force participation - Male,67.7
112,Belarus,2005,Unemployment rate - Male,11
112,Belarus,2005,Labour force participation - Female,55
112,Belarus,2005,Unemployment rate - Female,7
112,Belarus,2010,Labour force participation - Total,62.4
112,Belarus,2010,Unemployment rate - Total,6.3
112,Belarus,2010,Labour force participation - Male,69.2
112,Belarus,2010,Unemployment rate - Male,7.8
112,Belarus,2010,Labour force participation - Female,56.7
112,Belarus,2010,Unemployment rate - Female,4.7
112,Belarus,2015,Labour force participation - Total,64.1
112,Belarus,2015,Unemployment rate - Total,5.8
112,Belarus,2015,Labour force participation - Male,70.8
112,Belarus,2015,Unemployment rate - Male,7.4
112,Belarus,2015,Labour force participation - Female,58.4
112,Belarus,2015,Unemployment rate - Female,4.2
112,Belarus,2022,Labour force participation - Total,63.7
112,Belarus,2022,Unemployment rate - Total,4.6
112,Belarus,2022,Labour force participation - Male,71.2
112,Belarus,2022,Unemployment rate - Male,5.5
112,Belarus,2022,Labour force participation - Female,57.3
112,Belarus,2022,Unemployment rate - Female,3.6
56,Belgium,2005,Labour force participation - Total,53.3
56,Belgium,2005,Unemployment rate - Total,8.4
56,Belgium,2005,Labour force participation - Male,61.4
56,Belgium,2005,Unemployment rate - Male,7.6
56,Belgium,2005,Labour force participation - Female,45.7
56,Belgium,2005,Unemployment rate - Female,9.5
56,Belgium,2010,Labour force participation - Total,54.1
56,Belgium,2010,Unemployment rate - Total,8.3
56,Belgium,2010,Labour force participation - Male,60.8
56,Belgium,2010,Unemployment rate - Male,8.1
56,Belgium,2010,Labour force participation - Female,47.7
56,Belgium,2010,Unemployment rate - Female,8.5
56,Belgium,2015,Labour force participation - Total,53.3
56,Belgium,2015,Unemployment rate - Total,8.5
56,Belgium,2015,Labour force participation - Male,58.9
56,Belgium,2015,Unemployment rate - Male,9.1
56,Belgium,2015,Labour force participation - Female,48
56,Belgium,2015,Unemployment rate - Female,7.8
56,Belgium,2022,Labour force participation - Total,54.5
56,Belgium,2022,Unemployment rate - Total,6.2
56,Belgium,2022,Labour force participation - Male,58.9
56,Belgium,2022,Unemployment rate - Male,6.1
56,Belgium,2022,Labour force participation - Female,50.1
56,Belgium,2022,Unemployment rate - Female,6.3
84,Belize,2005,Labour force participation - Total,60.7
84,Belize,2005,Unemployment rate - Total,10.9
84,Belize,2005,Labour force participation - Male,79
84,Belize,2005,Unemployment rate - Male,7.5
84,Belize,2005,Labour force participation - Female,42.4
84,Belize,2005,Unemployment rate - Female,17.4
84,Belize,2010,Labour force participation - Total,61.9
84,Belize,2010,Unemployment rate - Total,8.2
84,Belize,2010,Labour force participation - Male,79
84,Belize,2010,Unemployment rate - Male,5.7
84,Belize,2010,Labour force participation - Female,45
84,Belize,2010,Unemployment rate - Female,12.6
84,Belize,2015,Labour force participation - Total,63.9
84,Belize,2015,Unemployment rate - Total,7.6
84,Belize,2015,Labour force participation - Male,79.7
84,Belize,2015,Unemployment rate - Male,5.4
84,Belize,2015,Labour force participation - Female,48.4
84,Belize,2015,Unemployment rate - Female,11.1
84,Belize,2022,Labour force participation - Total,62.8
84,Belize,2022,Unemployment rate - Total,7.8
84,Belize,2022,Labour force participation - Male,77.8
84,Belize,2022,Unemployment rate - Male,5.5
84,Belize,2022,Labour force participation - Female,48.2
84,Belize,2022,Unemployment rate - Female,11.4
204,Benin,2005,Labour force participation - Total,71.8
204,Benin,2005,Unemployment rate - Total,0.8
204,Benin,2005,Labour force participation - Male,77.2
204,Benin,2005,Unemployment rate - Male,0.9
204,Benin,2005,Labour force participation - Female,66.7
204,Benin,2005,Unemployment rate - Female,0.7
204,Benin,2010,Labour force participation - Total,71.9
204,Benin,2010,Unemployment rate - Total,1
204,Benin,2010,Labour force participation - Male,74.8
204,Benin,2010,Unemployment rate - Male,0.9
204,Benin,2010,Labour force participation - Female,69.1
204,Benin,2010,Unemployment rate - Female,1.1
204,Benin,2015,Labour force participation - Total,71.7
204,Benin,2015,Unemployment rate - Total,2
204,Benin,2015,Labour force participation - Male,73.7
204,Benin,2015,Unemployment rate - Male,1.8
204,Benin,2015,Labour force participation - Female,69.8
204,Benin,2015,Unemployment rate - Female,2.2
204,Benin,2022,Labour force participation - Total,71.2
204,Benin,2022,Unemployment rate - Total,1.5
204,Benin,2022,Labour force participation - Male,72.7
204,Benin,2022,Unemployment rate - Male,1.2
204,Benin,2022,Labour force participation - Female,69.7
204,Benin,2022,Unemployment rate - Female,1.7
60,Bermuda,2000,Unemployment rate - Total,2.7
60,Bermuda,2000,Unemployment rate - Male,3.1
60,Bermuda,2000,Unemployment rate - Female,2.3
60,Bermuda,2009,Labour force participation - Total,82
60,Bermuda,2009,Unemployment rate - Total,4.5
60,Bermuda,2009,Labour force participation - Male,86
60,Bermuda,2009,Unemployment rate - Male,6
60,Bermuda,2009,Labour force participation - Female,79
60,Bermuda,2009,Unemployment rate - Female,3
60,Bermuda,2010,Labour force participation - Total,84
60,Bermuda,2010,Labour force participation - Male,87
60,Bermuda,2010,Labour force participation - Female,81
60,Bermuda,2012,Labour force participation - Total,76.1
60,Bermuda,2012,Unemployment rate - Total,8.4
60,Bermuda,2012,Labour force participation - Male,80
60,Bermuda,2012,Unemployment rate - Male,8.7
60,Bermuda,2012,Labour force participation - Female,72.6
60,Bermuda,2012,Unemployment rate - Female,8.2
60,Bermuda,2013,Unemployment rate - Total,6.7
64,Bhutan,2005,Labour force participation - Total,70.2
64,Bhutan,2005,Unemployment rate - Total,3.1
64,Bhutan,2005,Labour force participation - Male,75.1
64,Bhutan,2005,Unemployment rate - Male,2.9
64,Bhutan,2005,Labour force participation - Female,64.6
64,Bhutan,2005,Unemployment rate - Female,3.3
64,Bhutan,2010,Labour force participation - Total,68.2
64,Bhutan,2010,Unemployment rate - Total,3.3
64,Bhutan,2010,Labour force participation - Male,72.3
64,Bhutan,2010,Unemployment rate - Male,2.8
64,Bhutan,2010,Labour force participation - Female,63.4
64,Bhutan,2010,Unemployment rate - Female,4.1
64,Bhutan,2015,Labour force participation - Total,63.1
64,Bhutan,2015,Unemployment rate - Total,2.5
64,Bhutan,2015,Labour force participation - Male,70.1
64,Bhutan,2015,Unemployment rate - Male,1.9
64,Bhutan,2015,Labour force participation - Female,55.1
64,Bhutan,2015,Unemployment rate - Female,3.3
64,Bhutan,2022,Labour force participation - Total,60.9
64,Bhutan,2022,Unemployment rate - Total,4.4
64,Bhutan,2022,Labour force participation - Male,68
64,Bhutan,2022,Unemployment rate - Male,3.5
64,Bhutan,2022,Labour force participation - Female,52.6
64,Bhutan,2022,Unemployment rate - Female,5.7
68,Bolivia (Plurin. State of),2005,Labour force participation - Total,72.3
68,Bolivia (Plurin. State of),2005,Unemployment rate - Total,2.5
68,Bolivia (Plurin. State of),2005,Labour force participation - Male,82
68,Bolivia (Plurin. State of),2005,Unemployment rate - Male,2.1
68,Bolivia (Plurin. State of),2005,Labour force participation - Female,62.7
68,Bolivia (Plurin. State of),2005,Unemployment rate - Female,3.1
68,Bolivia (Plurin. State of),2010,Labour force participation - Total,72.1
68,Bolivia (Plurin. State of),2010,Unemployment rate - Total,2.6
68,Bolivia (Plurin. State of),2010,Labour force participation - Male,81.9
68,Bolivia (Plurin. State of),2010,Unemployment rate - Male,2.2
68,Bolivia (Plurin. State of),2010,Labour force participation - Female,62.3
68,Bolivia (Plurin. State of),2010,Unemployment rate - Female,3.2
68,Bolivia (Plurin. State of),2015,Labour force participation - Total,67.1
68,Bolivia (Plurin. State of),2015,Unemployment rate - Total,3.1
68,Bolivia (Plurin. State of),2015,Labour force participation - Male,79.6
68,Bolivia (Plurin. State of),2015,Unemployment rate - Male,2.6
68,Bolivia (Plurin. State of),2015,Labour force participation - Female,54.6
68,Bolivia (Plurin. State of),2015,Unemployment rate - Female,3.8
68,Bolivia (Plurin. State of),2022,Labour force participation - Total,74.5
68,Bolivia (Plurin. State of),2022,Unemployment rate - Total,5.6
68,Bolivia (Plurin. State of),2022,Labour force participation - Male,83.1
68,Bolivia (Plurin. State of),2022,Unemployment rate - Male,4.5
68,Bolivia (Plurin. State of),2022,Labour force participation - Female,66
68,Bolivia (Plurin. State of),2022,Unemployment rate - Female,7
70,Bosnia and Herzegovina,2005,Labour force participation - Total,42.9
70,Bosnia and Herzegovina,2005,Unemployment rate - Total,30.4
70,Bosnia and Herzegovina,2005,Labour force participation - Male,55.7
70,Bosnia and Herzegovina,2005,Unemployment rate - Male,28.2
70,Bosnia and Herzegovina,2005,Labour force participation - Female,30.9
70,Bosnia and Herzegovina,2005,Unemployment rate - Female,34.2
70,Bosnia and Herzegovina,2010,Labour force participation - Total,44.2
70,Bosnia and Herzegovina,2010,Unemployment rate - Total,27.3
70,Bosnia and Herzegovina,2010,Labour force participation - Male,55.9
70,Bosnia and Herzegovina,2010,Unemployment rate - Male,25.7
70,Bosnia and Herzegovina,2010,Labour force participation - Female,33
70,Bosnia and Herzegovina,2010,Unemployment rate - Female,29.9
70,Bosnia and Herzegovina,2015,Labour force participation - Total,43.9
70,Bosnia and Herzegovina,2015,Unemployment rate - Total,27.7
70,Bosnia and Herzegovina,2015,Labour force participation - Male,54.9
70,Bosnia and Herzegovina,2015,Unemployment rate - Male,25.8
70,Bosnia and Herzegovina,2015,Labour force participation - Female,33.5
70,Bosnia and Herzegovina,2015,Unemployment rate - Female,30.7
70,Bosnia and Herzegovina,2022,Labour force participation - Total,41.5
70,Bosnia and Herzegovina,2022,Unemployment rate - Total,15
70,Bosnia and Herzegovina,2022,Labour force participation - Male,51.6
70,Bosnia and Herzegovina,2022,Unemployment rate - Male,13.3
70,Bosnia and Herzegovina,2022,Labour force participation - Female,31.9
70,Bosnia and Herzegovina,2022,Unemployment rate - Female,17.5
72,Botswana,2005,Labour force participation - Total,58.6
72,Botswana,2005,Unemployment rate - Total,19.8
72,Botswana,2005,Labour force participation - Male,66.2
72,Botswana,2005,Unemployment rate - Male,17.7
72,Botswana,2005,Labour force participation - Female,51.7
72,Botswana,2005,Unemployment rate - Female,22.3
72,Botswana,2010,Labour force participation - Total,59.1
72,Botswana,2010,Unemployment rate - Total,17.9
72,Botswana,2010,Labour force participation - Male,66.1
72,Botswana,2010,Unemployment rate - Male,14.7
72,Botswana,2010,Labour force participation - Female,52.7
72,Botswana,2010,Unemployment rate - Female,21.6
72,Botswana,2015,Labour force participation - Total,59.8
72,Botswana,2015,Unemployment rate - Total,20.6
72,Botswana,2015,Labour force participation - Male,65.3
72,Botswana,2015,Unemployment rate - Male,18.6
72,Botswana,2015,Labour force participation - Female,54.9
72,Botswana,2015,Unemployment rate - Female,22.7
72,Botswana,2022,Labour force participation - Total,60.4
72,Botswana,2022,Unemployment rate - Total,23.7
72,Botswana,2022,Labour force participation - Male,64.9
72,Botswana,2022,Unemployment rate - Male,22.7
72,Botswana,2022,Labour force participation - Female,56.4
72,Botswana,2022,Unemployment rate - Female,24.9
76,Brazil,2005,Labour force participation - Total,65.7
76,Brazil,2005,Unemployment rate - Total,9.6
76,Brazil,2005,Labour force participation - Male,77.4
76,Brazil,2005,Unemployment rate - Male,7.4
76,Brazil,2005,Labour force participation - Female,54.6
76,Brazil,2005,Unemployment rate - Female,12.5
76,Brazil,2010,Labour force participation - Total,63.9
76,Brazil,2010,Unemployment rate - Total,7.3
76,Brazil,2010,Labour force participation - Male,75.5
76,Brazil,2010,Unemployment rate - Male,5.4
76,Brazil,2010,Labour force participation - Female,52.9
76,Brazil,2010,Unemployment rate - Female,9.8
76,Brazil,2015,Labour force participation - Total,62.2
76,Brazil,2015,Unemployment rate - Total,8.4
76,Brazil,2015,Labour force participation - Male,73.3
76,Brazil,2015,Unemployment rate - Male,7.2
76,Brazil,2015,Labour force participation - Female,51.7
76,Brazil,2015,Unemployment rate - Female,10.1
76,Brazil,2022,Labour force participation - Total,59.9
76,Brazil,2022,Unemployment rate - Total,13.6
76,Brazil,2022,Labour force participation - Male,69.6
76,Brazil,2022,Unemployment rate - Male,11.3
76,Brazil,2022,Labour force participation - Female,50.7
76,Brazil,2022,Unemployment rate - Female,16.7
96,Brunei Darussalam,2005,Labour force participation - Total,67.3
96,Brunei Darussalam,2005,Unemployment rate - Total,6.1
96,Brunei Darussalam,2005,Labour force participation - Male,77.9
96,Brunei Darussalam,2005,Unemployment rate - Male,5.2
96,Brunei Darussalam,2005,Labour force participation - Female,56.4
96,Brunei Darussalam,2005,Unemployment rate - Female,7.4
96,Brunei Darussalam,2010,Labour force participation - Total,66.6
96,Brunei Darussalam,2010,Unemployment rate - Total,6.8
96,Brunei Darussalam,2010,Labour force participation - Male,76.1
96,Brunei Darussalam,2010,Unemployment rate - Male,6
96,Brunei Darussalam,2010,Labour force participation - Female,56.4
96,Brunei Darussalam,2010,Unemployment rate - Female,7.9
96,Brunei Darussalam,2015,Labour force participation - Total,64
96,Brunei Darussalam,2015,Unemployment rate - Total,7.8
96,Brunei Darussalam,2015,Labour force participation - Male,71
96,Brunei Darussalam,2015,Unemployment rate - Male,7.2
96,Brunei Darussalam,2015,Labour force participation - Female,56.3
96,Brunei Darussalam,2015,Unemployment rate - Female,8.6
96,Brunei Darussalam,2022,Labour force participation - Total,63.3
96,Brunei Darussalam,2022,Unemployment rate - Total,7.4
96,Brunei Darussalam,2022,Labour force participation - Male,72
96,Brunei Darussalam,2022,Unemployment rate - Male,6.3
96,Brunei Darussalam,2022,Labour force participation - Female,53.9
96,Brunei Darussalam,2022,Unemployment rate - Female,8.9
100,Bulgaria,2005,Labour force participation - Total,49.7
100,Bulgaria,2005,Unemployment rate - Total,10.1
100,Bulgaria,2005,Labour force participation - Male,55.4
100,Bulgaria,2005,Unemployment rate - Male,10.3
100,Bulgaria,2005,Labour force participation - Female,44.4
100,Bulgaria,2005,Unemployment rate - Female,9.8
100,Bulgaria,2010,Labour force participation - Total,53.4
100,Bulgaria,2010,Unemployment rate - Total,10.3
100,Bulgaria,2010,Labour force participation - Male,59.4
100,Bulgaria,2010,Unemployment rate - Male,10.9
100,Bulgaria,2010,Labour force participation - Female,47.8
100,Bulgaria,2010,Unemployment rate - Female,9.6
100,Bulgaria,2015,Labour force participation - Total,54.1
100,Bulgaria,2015,Unemployment rate - Total,9.1
100,Bulgaria,2015,Labour force participation - Male,60
100,Bulgaria,2015,Unemployment rate - Male,9.8
100,Bulgaria,2015,Labour force participation - Female,48.6
100,Bulgaria,2015,Unemployment rate - Female,8.4
100,Bulgaria,2022,Labour force participation - Total,55.8
100,Bulgaria,2022,Unemployment rate - Total,4.9
100,Bulgaria,2022,Labour force participation - Male,62.7
100,Bulgaria,2022,Unemployment rate - Male,5
100,Bulgaria,2022,Labour force participation - Female,49.3
100,Bulgaria,2022,Unemployment rate - Female,4.8
854,Burkina Faso,2005,Labour force participation - Total,73.6
854,Burkina Faso,2005,Unemployment rate - Total,4
854,Burkina Faso,2005,Labour force participation - Male,86
854,Burkina Faso,2005,Unemployment rate - Male,3.5
854,Burkina Faso,2005,Labour force participation - Female,62.1
854,Burkina Faso,2005,Unemployment rate - Female,4.7
854,Burkina Faso,2010,Labour force participation - Total,69.3
854,Burkina Faso,2010,Unemployment rate - Total,3.6
854,Burkina Faso,2010,Labour force participation - Male,80.2
854,Burkina Faso,2010,Unemployment rate - Male,3.3
854,Burkina Faso,2010,Labour force participation - Female,59
854,Burkina Faso,2010,Unemployment rate - Female,4.1
854,Burkina Faso,2015,Labour force participation - Total,65.6
854,Burkina Faso,2015,Unemployment rate - Total,4.3
854,Burkina Faso,2015,Labour force participation - Male,73.8
854,Burkina Faso,2015,Unemployment rate - Male,4.2
854,Burkina Faso,2015,Labour force participation - Female,57.7
854,Burkina Faso,2015,Unemployment rate - Female,4.4
854,Burkina Faso,2022,Labour force participation - Total,64.8
854,Burkina Faso,2022,Unemployment rate - Total,4.7
854,Burkina Faso,2022,Labour force participation - Male,72.7
854,Burkina Faso,2022,Unemployment rate - Male,4.7
854,Burkina Faso,2022,Labour force participation - Female,57.2
854,Burkina Faso,2022,Unemployment rate - Female,4.7
108,Burundi,2005,Labour force participation - Total,82.8
108,Burundi,2005,Unemployment rate - Total,1.6
108,Burundi,2005,Labour force participation - Male,81.9
108,Burundi,2005,Unemployment rate - Male,2.1
108,Burundi,2005,Labour force participation - Female,83.6
108,Burundi,2005,Unemployment rate - Female,1.2
108,Burundi,2010,Labour force participation - Total,80.7
108,Burundi,2010,Unemployment rate - Total,1.6
108,Burundi,2010,Labour force participation - Male,79.8
108,Burundi,2010,Unemployment rate - Male,2.1
108,Burundi,2010,Labour force participation - Female,81.6
108,Burundi,2010,Unemployment rate - Female,1.1
108,Burundi,2015,Labour force participation - Total,79
108,Burundi,2015,Unemployment rate - Total,1.6
108,Burundi,2015,Labour force participation - Male,78
108,Burundi,2015,Unemployment rate - Male,2
108,Burundi,2015,Labour force participation - Female,79.9
108,Burundi,2015,Unemployment rate - Female,1.2
108,Burundi,2022,Labour force participation - Total,78.2
108,Burundi,2022,Unemployment rate - Total,1.7
108,Burundi,2022,Labour force participation - Male,77.3
108,Burundi,2022,Unemployment rate - Male,2
108,Burundi,2022,Labour force participation - Female,79.1
108,Burundi,2022,Unemployment rate - Female,1.3
132,Cabo Verde,2005,Labour force participation - Total,58.7
132,Cabo Verde,2005,Unemployment rate - Total,10.8
132,Cabo Verde,2005,Labour force participation - Male,73.2
132,Cabo Verde,2005,Unemployment rate - Male,10.4
132,Cabo Verde,2005,Labour force participation - Female,45.6
132,Cabo Verde,2005,Unemployment rate - Female,11.4
132,Cabo Verde,2010,Labour force participation - Total,58.6
132,Cabo Verde,2010,Unemployment rate - Total,10.7
132,Cabo Verde,2010,Labour force participation - Male,70
132,Cabo Verde,2010,Unemployment rate - Male,10.3
132,Cabo Verde,2010,Labour force participation - Female,47.4
132,Cabo Verde,2010,Unemployment rate - Female,11.2
132,Cabo Verde,2015,Labour force participation - Total,58.8
132,Cabo Verde,2015,Unemployment rate - Total,11.8
132,Cabo Verde,2015,Labour force participation - Male,67.2
132,Cabo Verde,2015,Unemployment rate - Male,11.4
132,Cabo Verde,2015,Labour force participation - Female,50.3
132,Cabo Verde,2015,Unemployment rate - Female,12.3
132,Cabo Verde,2022,Labour force participation - Total,55.8
132,Cabo Verde,2022,Unemployment rate - Total,15.1
132,Cabo Verde,2022,Labour force participation - Male,62.9
132,Cabo Verde,2022,Unemployment rate - Male,15.4
132,Cabo Verde,2022,Labour force participation - Female,48.7
132,Cabo Verde,2022,Unemployment rate - Female,14.7
116,Cambodia,2005,Labour force participation - Total,80.7
116,Cambodia,2005,Unemployment rate - Total,1.1
116,Cambodia,2005,Labour force participation - Male,86.8
116,Cambodia,2005,Unemployment rate - Male,1.1
116,Cambodia,2005,Labour force participation - Female,75.2
116,Cambodia,2005,Unemployment rate - Female,1.2
116,Cambodia,2010,Labour force participation - Total,84.8
116,Cambodia,2010,Unemployment rate - Total,0.8
116,Cambodia,2010,Labour force participation - Male,88.6
116,Cambodia,2010,Unemployment rate - Male,0.8
116,Cambodia,2010,Labour force participation - Female,81.3
116,Cambodia,2010,Unemployment rate - Female,0.8
116,Cambodia,2015,Labour force participation - Total,79.6
116,Cambodia,2015,Unemployment rate - Total,0.4
116,Cambodia,2015,Labour force participation - Male,86.4
116,Cambodia,2015,Unemployment rate - Male,0.3
116,Cambodia,2015,Labour force participation - Female,73.4
116,Cambodia,2015,Unemployment rate - Female,0.5
116,Cambodia,2022,Labour force participation - Total,80.3
116,Cambodia,2022,Unemployment rate - Total,0.6
116,Cambodia,2022,Labour force participation - Male,86.2
116,Cambodia,2022,Unemployment rate - Male,0.5
116,Cambodia,2022,Labour force participation - Female,74.9
116,Cambodia,2022,Unemployment rate - Female,0.7
120,Cameroon,2005,Labour force participation - Total,82.8
120,Cameroon,2005,Unemployment rate - Total,4.4
120,Cameroon,2005,Labour force participation - Male,86.3
120,Cameroon,2005,Unemployment rate - Male,4.2
120,Cameroon,2005,Labour force participation - Female,79.5
120,Cameroon,2005,Unemployment rate - Female,4.6
120,Cameroon,2010,Labour force participation - Total,76.2
120,Cameroon,2010,Unemployment rate - Total,4.1
120,Cameroon,2010,Labour force participation - Male,82.1
120,Cameroon,2010,Unemployment rate - Male,3.4
120,Cameroon,2010,Labour force participation - Female,70.5
120,Cameroon,2010,Unemployment rate - Female,4.9
120,Cameroon,2015,Labour force participation - Total,76.1
120,Cameroon,2015,Unemployment rate - Total,3.6
120,Cameroon,2015,Labour force participation - Male,81.8
120,Cameroon,2015,Unemployment rate - Male,3.1
120,Cameroon,2015,Labour force participation - Female,70.6
120,Cameroon,2015,Unemployment rate - Female,4.1
120,Cameroon,2022,Labour force participation - Total,75.6
120,Cameroon,2022,Unemployment rate - Total,3.8
120,Cameroon,2022,Labour force participation - Male,80.9
120,Cameroon,2022,Unemployment rate - Male,3.2
120,Cameroon,2022,Labour force participation - Female,70.4
120,Cameroon,2022,Unemployment rate - Female,4.4
124,Canada,2005,Labour force participation - Total,67.1
124,Canada,2005,Unemployment rate - Total,6.8
124,Canada,2005,Labour force participation - Male,72.8
124,Canada,2005,Unemployment rate - Male,7
124,Canada,2005,Labour force participation - Female,61.7
124,Canada,2005,Unemployment rate - Female,6.5
124,Canada,2010,Labour force participation - Total,66.9
124,Canada,2010,Unemployment rate - Total,8.1
124,Canada,2010,Labour force participation - Male,71.6
124,Canada,2010,Unemployment rate - Male,8.8
124,Canada,2010,Labour force participation - Female,62.4
124,Canada,2010,Unemployment rate - Female,7.2
124,Canada,2015,Labour force participation - Total,65.8
124,Canada,2015,Unemployment rate - Total,6.9
124,Canada,2015,Labour force participation - Male,70.6
124,Canada,2015,Unemployment rate - Male,7.5
124,Canada,2015,Labour force participation - Female,61.2
124,Canada,2015,Unemployment rate - Female,6.3
124,Canada,2022,Labour force participation - Total,65
124,Canada,2022,Unemployment rate - Total,6.1
124,Canada,2022,Labour force participation - Male,69.4
124,Canada,2022,Unemployment rate - Male,6.5
124,Canada,2022,Labour force participation - Female,60.6
124,Canada,2022,Unemployment rate - Female,5.8
136,Cayman Islands,2005,Unemployment rate - Total,3.5
136,Cayman Islands,2009,Labour force participation - Total,84.2
136,Cayman Islands,2009,Unemployment rate - Total,6
136,Cayman Islands,2009,Labour force participation - Male,88
136,Cayman Islands,2009,Unemployment rate - Male,7
136,Cayman Islands,2009,Labour force participation - Female,80.6
136,Cayman Islands,2009,Unemployment rate - Female,5
136,Cayman Islands,2010,Labour force participation - Total,81.8
136,Cayman Islands,2010,Unemployment rate - Total,6.7
136,Cayman Islands,2013,Labour force participation - Total,83.1
136,Cayman Islands,2013,Unemployment rate - Total,6.3
136,Cayman Islands,2013,Labour force participation - Male,85.6
136,Cayman Islands,2013,Unemployment rate - Male,6.7
136,Cayman Islands,2013,Labour force participation - Female,80.6
136,Cayman Islands,2013,Unemployment rate - Female,5.8
140,Central African Republic,2005,Labour force participation - Total,71.6
140,Central African Republic,2005,Unemployment rate - Total,5.7
140,Central African Republic,2005,Labour force participation - Male,79.4
140,Central African Republic,2005,Unemployment rate - Male,4.8
140,Central African Republic,2005,Labour force participation - Female,64.1
140,Central African Republic,2005,Unemployment rate - Female,6.7
140,Central African Republic,2010,Labour force participation - Total,71.7
140,Central African Republic,2010,Unemployment rate - Total,5.7
140,Central African Republic,2010,Labour force participation - Male,79.8
140,Central African Republic,2010,Unemployment rate - Male,4.7
140,Central African Republic,2010,Labour force participation - Female,63.9
140,Central African Republic,2010,Unemployment rate - Female,6.8
140,Central African Republic,2015,Labour force participation - Total,72
140,Central African Republic,2015,Unemployment rate - Total,5.6
140,Central African Republic,2015,Labour force participation - Male,80.7
140,Central African Republic,2015,Unemployment rate - Male,4.8
140,Central African Republic,2015,Labour force participation - Female,63.6
140,Central African Republic,2015,Unemployment rate - Female,6.6
140,Central African Republic,2022,Labour force participation - Total,71.5
140,Central African Republic,2022,Unemployment rate - Total,6.4
140,Central African Republic,2022,Labour force participation - Male,79.6
140,Central African Republic,2022,Unemployment rate - Male,5.6
140,Central African Republic,2022,Labour force participation - Female,63.7
140,Central African Republic,2022,Unemployment rate - Female,7.3
148,Chad,2005,Labour force participation - Total,66.6
148,Chad,2005,Unemployment rate - Total,0.9
148,Chad,2005,Labour force participation - Male,76.5
148,Chad,2005,Unemployment rate - Male,1.2
148,Chad,2005,Labour force participation - Female,56.9
148,Chad,2005,Unemployment rate - Female,0.5
148,Chad,2010,Labour force participation - Total,64.1
148,Chad,2010,Unemployment rate - Total,1
148,Chad,2010,Labour force participation - Male,74.7
148,Chad,2010,Unemployment rate - Male,1.2
148,Chad,2010,Labour force participation - Female,53.7
148,Chad,2010,Unemployment rate - Female,0.6
148,Chad,2015,Labour force participation - Total,61.5
148,Chad,2015,Unemployment rate - Total,1.1
148,Chad,2015,Labour force participation - Male,72.7
148,Chad,2015,Unemployment rate - Male,1.3
148,Chad,2015,Labour force participation - Female,50.4
148,Chad,2015,Unemployment rate - Female,0.7
148,Chad,2022,Labour force participation - Total,58.7
148,Chad,2022,Unemployment rate - Total,1.8
148,Chad,2022,Labour force participation - Male,70.2
148,Chad,2022,Unemployment rate - Male,2.1
148,Chad,2022,Labour force participation - Female,47.4
148,Chad,2022,Unemployment rate - Female,1.3
830,Channel Islands,2005,Labour force participation - Total,59.4
830,Channel Islands,2005,Unemployment rate - Total,6
830,Channel Islands,2005,Labour force participation - Male,68.3
830,Channel Islands,2005,Unemployment rate - Male,5.6
830,Channel Islands,2005,Labour force participation - Female,50.9
830,Channel Islands,2005,Unemployment rate - Female,6.7
830,Channel Islands,2010,Labour force participation - Total,59.4
830,Channel Islands,2010,Unemployment rate - Total,7.2
830,Channel Islands,2010,Labour force participation - Male,67.7
830,Channel Islands,2010,Unemployment rate - Male,7.2
830,Channel Islands,2010,Labour force participation - Female,51.4
830,Channel Islands,2010,Unemployment rate - Female,7.3
830,Channel Islands,2015,Labour force participation - Total,59.6
830,Channel Islands,2015,Unemployment rate - Total,8.2
830,Channel Islands,2015,Labour force participation - Male,68.2
830,Channel Islands,2015,Unemployment rate - Male,8
830,Channel Islands,2015,Labour force participation - Female,51.2
830,Channel Islands,2015,Unemployment rate - Female,8.4
830,Channel Islands,2022,Labour force participation - Total,59.4
830,Channel Islands,2022,Unemployment rate - Total,6.8
830,Channel Islands,2022,Labour force participation - Male,67.2
830,Channel Islands,2022,Unemployment rate - Male,6.4
830,Channel Islands,2022,Labour force participation - Female,51.8
830,Channel Islands,2022,Unemployment rate - Female,7.3
152,Chile,2005,Labour force participation - Total,55.7
152,Chile,2005,Unemployment rate - Total,9.3
152,Chile,2005,Labour force participation - Male,72.1
152,Chile,2005,Unemployment rate - Male,7.6
152,Chile,2005,Labour force participation - Female,40.3
152,Chile,2005,Unemployment rate - Female,12.3
152,Chile,2010,Labour force participation - Total,58.7
152,Chile,2010,Unemployment rate - Total,8.4
152,Chile,2010,Labour force participation - Male,72.4
152,Chile,2010,Unemployment rate - Male,7.4
152,Chile,2010,Labour force participation - Female,45.6
152,Chile,2010,Unemployment rate - Female,9.9
152,Chile,2015,Labour force participation - Total,59.9
152,Chile,2015,Unemployment rate - Total,6.5
152,Chile,2015,Labour force participation - Male,71.8
152,Chile,2015,Unemployment rate - Male,6.1
152,Chile,2015,Labour force participation - Female,48.5
152,Chile,2015,Unemployment rate - Female,7.1
152,Chile,2022,Labour force participation - Total,56.5
152,Chile,2022,Unemployment rate - Total,8.2
152,Chile,2022,Labour force participation - Male,67.1
152,Chile,2022,Unemployment rate - Male,7.9
152,Chile,2022,Labour force participation - Female,46.4
152,Chile,2022,Unemployment rate - Female,8.6
156,China,2005,Labour force participation - Total,74
156,China,2005,Unemployment rate - Total,4.5
156,China,2005,Labour force participation - Male,80.6
156,China,2005,Unemployment rate - Male,5
156,China,2005,Labour force participation - Female,67.2
156,China,2005,Unemployment rate - Female,3.9
156,China,2010,Labour force participation - Total,71
156,China,2010,Unemployment rate - Total,4.5
156,China,2010,Labour force participation - Male,78
156,China,2010,Unemployment rate - Male,5
156,China,2010,Labour force participation - Female,63.6
156,China,2010,Unemployment rate - Female,3.9
156,China,2015,Labour force participation - Total,70.3
156,China,2015,Unemployment rate - Total,4.6
156,China,2015,Labour force participation - Male,76.9
156,China,2015,Unemployment rate - Male,5.1
156,China,2015,Labour force participation - Female,63.6
156,China,2015,Unemployment rate - Female,4
156,China,2022,Labour force participation - Total,67.9
156,China,2022,Unemployment rate - Total,4.7
156,China,2022,Labour force participation - Male,74
156,China,2022,Unemployment rate - Male,5.2
156,China,2022,Labour force participation - Female,61.5
156,China,2022,Unemployment rate - Female,4.1
344,"China, Hong Kong SAR",2005,Labour force participation - Total,61
344,"China, Hong Kong SAR",2005,Unemployment rate - Total,5.6
344,"China, Hong Kong SAR",2005,Labour force participation - Male,71.1
344,"China, Hong Kong SAR",2005,Unemployment rate - Male,6.5
344,"China, Hong Kong SAR",2005,Labour force participation - Female,51.9
344,"China, Hong Kong SAR",2005,Unemployment rate - Female,4.4
344,"China, Hong Kong SAR",2010,Labour force participation - Total,59.6
344,"China, Hong Kong SAR",2010,Unemployment rate - Total,4.3
344,"China, Hong Kong SAR",2010,Labour force participation - Male,68.5
344,"China, Hong Kong SAR",2010,Unemployment rate - Male,5.1
344,"China, Hong Kong SAR",2010,Labour force participation - Female,51.9
344,"China, Hong Kong SAR",2010,Unemployment rate - Female,3.5
344,"China, Hong Kong SAR",2015,Labour force participation - Total,61.1
344,"China, Hong Kong SAR",2015,Unemployment rate - Total,3.3
344,"China, Hong Kong SAR",2015,Labour force participation - Male,68.8
344,"China, Hong Kong SAR",2015,Unemployment rate - Male,3.4
344,"China, Hong Kong SAR",2015,Labour force participation - Female,54.7
344,"China, Hong Kong SAR",2015,Unemployment rate - Female,3.2
344,"China, Hong Kong SAR",2022,Labour force participation - Total,58.7
344,"China, Hong Kong SAR",2022,Unemployment rate - Total,4.2
344,"China, Hong Kong SAR",2022,Labour force participation - Male,65.4
344,"China, Hong Kong SAR",2022,Unemployment rate - Male,5
344,"China, Hong Kong SAR",2022,Labour force participation - Female,53.4
344,"China, Hong Kong SAR",2022,Unemployment rate - Female,3.5
446,"China, Macao SAR",2005,Labour force participation - Total,63.4
446,"China, Macao SAR",2005,Unemployment rate - Total,4.2
446,"China, Macao SAR",2005,Labour force participation - Male,70.9
446,"China, Macao SAR",2005,Unemployment rate - Male,4.5
446,"China, Macao SAR",2005,Labour force participation - Female,56.9
446,"China, Macao SAR",2005,Unemployment rate - Female,3.8
446,"China, Macao SAR",2010,Labour force participation - Total,71.5
446,"China, Macao SAR",2010,Unemployment rate - Total,2.8
446,"China, Macao SAR",2010,Labour force participation - Male,77.5
446,"China, Macao SAR",2010,Unemployment rate - Male,3.6
446,"China, Macao SAR",2010,Labour force participation - Female,66
446,"China, Macao SAR",2010,Unemployment rate - Female,2.1
446,"China, Macao SAR",2015,Labour force participation - Total,73.7
446,"China, Macao SAR",2015,Unemployment rate - Total,1.8
446,"China, Macao SAR",2015,Labour force participation - Male,79.8
446,"China, Macao SAR",2015,Unemployment rate - Male,2
446,"China, Macao SAR",2015,Labour force participation - Female,68.2
446,"China, Macao SAR",2015,Unemployment rate - Female,1.6
446,"China, Macao SAR",2022,Labour force participation - Total,68.4
446,"China, Macao SAR",2022,Unemployment rate - Total,2.5
446,"China, Macao SAR",2022,Labour force participation - Male,72.2
446,"China, Macao SAR",2022,Unemployment rate - Male,2.9
446,"China, Macao SAR",2022,Labour force participation - Female,65
446,"China, Macao SAR",2022,Unemployment rate - Female,2.2
170,Colombia,2005,Labour force participation - Total,65.3
170,Colombia,2005,Unemployment rate - Total,11.1
170,Colombia,2005,Labour force participation - Male,80.4
170,Colombia,2005,Unemployment rate - Male,8.7
170,Colombia,2005,Labour force participation - Female,51.3
170,Colombia,2005,Unemployment rate - Female,14.4
170,Colombia,2010,Labour force participation - Total,67.8
170,Colombia,2010,Unemployment rate - Total,11
170,Colombia,2010,Labour force participation - Male,81
170,Colombia,2010,Unemployment rate - Male,8.6
170,Colombia,2010,Labour force participation - Female,55.4
170,Colombia,2010,Unemployment rate - Female,14.2
170,Colombia,2015,Labour force participation - Total,69.5
170,Colombia,2015,Unemployment rate - Total,8.3
170,Colombia,2015,Labour force participation - Male,81.6
170,Colombia,2015,Unemployment rate - Male,6.4
170,Colombia,2015,Labour force participation - Female,58.2
170,Colombia,2015,Unemployment rate - Female,10.8
170,Colombia,2022,Labour force participation - Total,65.5
170,Colombia,2022,Unemployment rate - Total,13.1
170,Colombia,2022,Labour force participation - Male,78.6
170,Colombia,2022,Unemployment rate - Male,10.5
170,Colombia,2022,Labour force participation - Female,53.2
170,Colombia,2022,Unemployment rate - Female,16.7
174,Comoros,2005,Labour force participation - Total,41.7
174,Comoros,2005,Unemployment rate - Total,4.9
174,Comoros,2005,Labour force participation - Male,51
174,Comoros,2005,Unemployment rate - Male,4.6
174,Comoros,2005,Labour force participation - Female,32.4
174,Comoros,2005,Unemployment rate - Female,5.4
174,Comoros,2010,Labour force participation - Total,43.2
174,Comoros,2010,Unemployment rate - Total,6.7
174,Comoros,2010,Labour force participation - Male,53.9
174,Comoros,2010,Unemployment rate - Male,5.8
174,Comoros,2010,Labour force participation - Female,32.5
174,Comoros,2010,Unemployment rate - Female,8.2
174,Comoros,2015,Labour force participation - Total,44.4
174,Comoros,2015,Unemployment rate - Total,8.1
174,Comoros,2015,Labour force participation - Male,56.1
174,Comoros,2015,Unemployment rate - Male,6.8
174,Comoros,2015,Labour force participation - Female,32.7
174,Comoros,2015,Unemployment rate - Female,10.5
174,Comoros,2022,Labour force participation - Total,43.7
174,Comoros,2022,Unemployment rate - Total,9.1
174,Comoros,2022,Labour force participation - Male,54.9
174,Comoros,2022,Unemployment rate - Male,7.6
174,Comoros,2022,Labour force participation - Female,32.6
174,Comoros,2022,Unemployment rate - Female,11.7
178,Congo,2005,Labour force participation - Total,67.9
178,Congo,2005,Unemployment rate - Total,19.8
178,Congo,2005,Labour force participation - Male,69.1
178,Congo,2005,Unemployment rate - Male,18.5
178,Congo,2005,Labour force participation - Female,66.8
178,Congo,2005,Unemployment rate - Female,21.1
178,Congo,2010,Labour force participation - Total,67.9
178,Congo,2010,Unemployment rate - Total,20.1
178,Congo,2010,Labour force participation - Male,68.8
178,Congo,2010,Unemployment rate - Male,18.8
178,Congo,2010,Labour force participation - Female,66.9
178,Congo,2010,Unemployment rate - Female,21.3
178,Congo,2015,Labour force participation - Total,68
178,Congo,2015,Unemployment rate - Total,20.4
178,Congo,2015,Labour force participation - Male,69.3
178,Congo,2015,Unemployment rate - Male,19.2
178,Congo,2015,Labour force participation - Female,66.7
178,Congo,2015,Unemployment rate - Female,21.7
178,Congo,2022,Labour force participation - Total,67.1
178,Congo,2022,Unemployment rate - Total,22.5
178,Congo,2022,Labour force participation - Male,68
178,Congo,2022,Unemployment rate - Male,20.9
178,Congo,2022,Labour force participation - Female,66.2
178,Congo,2022,Unemployment rate - Female,24.2
184,Cook Islands,2001,Labour force participation - Total,74.5
184,Cook Islands,2001,Labour force participation - Male,75.5
184,Cook Islands,2001,Labour force participation - Female,63
184,Cook Islands,2006,Labour force participation - Total,70.2
184,Cook Islands,2006,Unemployment rate - Total,6.9
184,Cook Islands,2006,Labour force participation - Male,76.1
184,Cook Islands,2006,Unemployment rate - Male,6.7
184,Cook Islands,2006,Labour force participation - Female,64.2
184,Cook Islands,2006,Unemployment rate - Female,7.3
184,Cook Islands,2011,Labour force participation - Total,71
184,Cook Islands,2011,Unemployment rate - Total,8.2
184,Cook Islands,2011,Labour force participation - Male,76.6
184,Cook Islands,2011,Unemployment rate - Male,8.2
184,Cook Islands,2011,Labour force participation - Female,65.4
184,Cook Islands,2011,Unemployment rate - Female,8.1
188,Costa Rica,2005,Labour force participation - Total,62.1
188,Costa Rica,2005,Unemployment rate - Total,6.6
188,Costa Rica,2005,Labour force participation - Male,79.7
188,Costa Rica,2005,Unemployment rate - Male,5
188,Costa Rica,2005,Labour force participation - Female,44.6
188,Costa Rica,2005,Unemployment rate - Female,9.3
188,Costa Rica,2010,Labour force participation - Total,59.2
188,Costa Rica,2010,Unemployment rate - Total,7.2
188,Costa Rica,2010,Labour force participation - Male,74.6
188,Costa Rica,2010,Unemployment rate - Male,6
188,Costa Rica,2010,Labour force participation - Female,43.9
188,Costa Rica,2010,Unemployment rate - Female,9.1
188,Costa Rica,2015,Labour force participation - Total,60.8
188,Costa Rica,2015,Unemployment rate - Total,9
188,Costa Rica,2015,Labour force participation - Male,74.2
188,Costa Rica,2015,Unemployment rate - Male,7.6
188,Costa Rica,2015,Labour force participation - Female,47.7
188,Costa Rica,2015,Unemployment rate - Female,11.1
188,Costa Rica,2022,Labour force participation - Total,59.2
188,Costa Rica,2022,Unemployment rate - Total,17.1
188,Costa Rica,2022,Labour force participation - Male,71
188,Costa Rica,2022,Unemployment rate - Male,13.1
188,Costa Rica,2022,Labour force participation - Female,47.7
188,Costa Rica,2022,Unemployment rate - Female,22.8
384,Côte d’Ivoire,2005,Labour force participation - Total,61.9
384,Côte d’Ivoire,2005,Unemployment rate - Total,5.7
384,Côte d’Ivoire,2005,Labour force participation - Male,75.7
384,Côte d’Ivoire,2005,Unemployment rate - Male,5.6
384,Côte d’Ivoire,2005,Labour force participation - Female,47
384,Côte d’Ivoire,2005,Unemployment rate - Female,5.9
384,Côte d’Ivoire,2010,Labour force participation - Total,59.5
384,Côte d’Ivoire,2010,Unemployment rate - Total,6.8
384,Côte d’Ivoire,2010,Labour force participation - Male,71.7
384,Côte d’Ivoire,2010,Unemployment rate - Male,6.7
384,Côte d’Ivoire,2010,Labour force participation - Female,46.6
384,Côte d’Ivoire,2010,Unemployment rate - Female,7
384,Côte d’Ivoire,2015,Labour force participation - Total,57.1
384,Côte d’Ivoire,2015,Unemployment rate - Total,3.1
384,Côte d’Ivoire,2015,Labour force participation - Male,67.4
384,Côte d’Ivoire,2015,Unemployment rate - Male,2.6
384,Côte d’Ivoire,2015,Labour force participation - Female,46.3
384,Côte d’Ivoire,2015,Unemployment rate - Female,4
384,Côte d’Ivoire,2022,Labour force participation - Total,55.5
384,Côte d’Ivoire,2022,Unemployment rate - Total,3.4
384,Côte d’Ivoire,2022,Labour force participation - Male,64.8
384,Côte d’Ivoire,2022,Unemployment rate - Male,3
384,Côte d’Ivoire,2022,Labour force participation - Female,45.9
384,Côte d’Ivoire,2022,Unemployment rate - Female,4.1
191,Croatia,2005,Labour force participation - Total,49.6
191,Croatia,2005,Unemployment rate - Total,12.6
191,Croatia,2005,Labour force participation - Male,57.4
191,Croatia,2005,Unemployment rate - Male,11.6
191,Croatia,2005,Labour force participation - Female,42.5
191,Croatia,2005,Unemployment rate - Female,13.9
191,Croatia,2010,Labour force participation - Total,52.6
191,Croatia,2010,Unemployment rate - Total,11.6
191,Croatia,2010,Labour force participation - Male,59.7
191,Croatia,2010,Unemployment rate - Male,11
191,Croatia,2010,Labour force participation - Female,46.1
191,Croatia,2010,Unemployment rate - Female,12.3
191,Croatia,2015,Labour force participation - Total,52.7
191,Croatia,2015,Unemployment rate - Total,16.2
191,Croatia,2015,Labour force participation - Male,59.2
191,Croatia,2015,Unemployment rate - Male,15.6
191,Croatia,2015,Labour force participation - Female,46.9
191,Croatia,2015,Unemployment rate - Female,16.9
191,Croatia,2022,Labour force participation - Total,52
191,Croatia,2022,Unemployment rate - Total,7.2
191,Croatia,2022,Labour force participation - Male,58.7
191,Croatia,2022,Unemployment rate - Male,7.2
191,Croatia,2022,Labour force participation - Female,45.9
191,Croatia,2022,Unemployment rate - Female,7.2
192,Cuba,2005,Labour force participation - Total,53.5
192,Cuba,2005,Unemployment rate - Total,2
192,Cuba,2005,Labour force participation - Male,67.9
192,Cuba,2005,Unemployment rate - Male,1.8
192,Cuba,2005,Labour force participation - Female,39.3
192,Cuba,2005,Unemployment rate - Female,2.2
192,Cuba,2010,Labour force participation - Total,55
192,Cuba,2010,Unemployment rate - Total,2.5
192,Cuba,2010,Labour force participation - Male,68.4
192,Cuba,2010,Unemployment rate - Male,2.4
192,Cuba,2010,Labour force participation - Female,41.9
192,Cuba,2010,Unemployment rate - Female,2.7
192,Cuba,2015,Labour force participation - Total,56
192,Cuba,2015,Unemployment rate - Total,2.4
192,Cuba,2015,Labour force participation - Male,70
192,Cuba,2015,Unemployment rate - Male,2.3
192,Cuba,2015,Labour force participation - Female,42.3
192,Cuba,2015,Unemployment rate - Female,2.6
192,Cuba,2022,Labour force participation - Total,55
192,Cuba,2022,Unemployment rate - Total,2.5
192,Cuba,2022,Labour force participation - Male,69.3
192,Cuba,2022,Unemployment rate - Male,2.4
192,Cuba,2022,Labour force participation - Female,41.2
192,Cuba,2022,Unemployment rate - Female,2.8
531,Curaçao,2005,Labour force participation - Total,59.4
531,Curaçao,2005,Unemployment rate - Total,18.2
531,Curaçao,2005,Labour force participation - Male,65.4
531,Curaçao,2005,Unemployment rate - Male,17.1
531,Curaçao,2005,Labour force participation - Female,54.8
531,Curaçao,2005,Unemployment rate - Female,19.2
531,Curaçao,2008,Labour force participation - Total,59
531,Curaçao,2008,Unemployment rate - Total,10.3
531,Curaçao,2008,Labour force participation - Male,66.5
531,Curaçao,2008,Unemployment rate - Male,8
531,Curaçao,2008,Labour force participation - Female,53.2
531,Curaçao,2008,Unemployment rate - Female,12.5
531,Curaçao,2009,Unemployment rate - Total,9.6
531,Curaçao,2009,Unemployment rate - Male,7.8
531,Curaçao,2009,Unemployment rate - Female,11.2
531,Curaçao,2013,Unemployment rate - Total,13
531,Curaçao,2013,Unemployment rate - Male,10.5
531,Curaçao,2013,Unemployment rate - Female,15.4
196,Cyprus,2005,Labour force participation - Total,63.2
196,Cyprus,2005,Unemployment rate - Total,5.3
196,Cyprus,2005,Labour force participation - Male,73.3
196,Cyprus,2005,Unemployment rate - Male,4.4
196,Cyprus,2005,Labour force participation - Female,52.9
196,Cyprus,2005,Unemployment rate - Female,6.5
196,Cyprus,2010,Labour force participation - Total,64.3
196,Cyprus,2010,Unemployment rate - Total,6.3
196,Cyprus,2010,Labour force participation - Male,71.1
196,Cyprus,2010,Unemployment rate - Male,6.1
196,Cyprus,2010,Labour force participation - Female,57.6
196,Cyprus,2010,Unemployment rate - Female,6.4
196,Cyprus,2015,Labour force participation - Total,62.3
196,Cyprus,2015,Unemployment rate - Total,14.9
196,Cyprus,2015,Labour force participation - Male,67.1
196,Cyprus,2015,Unemployment rate - Male,15
196,Cyprus,2015,Labour force participation - Female,57.5
196,Cyprus,2015,Unemployment rate - Female,14.8
196,Cyprus,2022,Labour force participation - Total,62.6
196,Cyprus,2022,Unemployment rate - Total,6
196,Cyprus,2022,Labour force participation - Male,68.4
196,Cyprus,2022,Unemployment rate - Male,4.6
196,Cyprus,2022,Labour force participation - Female,56.9
196,Cyprus,2022,Unemployment rate - Female,7.7
203,Czechia,2005,Labour force participation - Total,59.4
203,Czechia,2005,Unemployment rate - Total,7.9
203,Czechia,2005,Labour force participation - Male,68.7
203,Czechia,2005,Unemployment rate - Male,6.5
203,Czechia,2005,Labour force participation - Female,50.7
203,Czechia,2005,Unemployment rate - Female,9.8
203,Czechia,2010,Labour force participation - Total,58.4
203,Czechia,2010,Unemployment rate - Total,7.3
203,Czechia,2010,Labour force participation - Male,68
203,Czechia,2010,Unemployment rate - Male,6.4
203,Czechia,2010,Labour force participation - Female,49.3
203,Czechia,2010,Unemployment rate - Female,8.5
203,Czechia,2015,Labour force participation - Total,59.4
203,Czechia,2015,Unemployment rate - Total,5.1
203,Czechia,2015,Labour force participation - Male,68
203,Czechia,2015,Unemployment rate - Male,4.2
203,Czechia,2015,Labour force participation - Female,51.2
203,Czechia,2015,Unemployment rate - Female,6.1
203,Czechia,2022,Labour force participation - Total,60
203,Czechia,2022,Unemployment rate - Total,2.3
203,Czechia,2022,Labour force participation - Male,68.4
203,Czechia,2022,Unemployment rate - Male,1.8
203,Czechia,2022,Labour force participation - Female,52
203,Czechia,2022,Unemployment rate - Female,2.9
408,Dem. People's Rep. Korea,2005,Labour force participation - Total,82.2
408,Dem. People's Rep. Korea,2005,Unemployment rate - Total,2.8
408,Dem. People's Rep. Korea,2005,Labour force participation - Male,86.8
408,Dem. People's Rep. Korea,2005,Unemployment rate - Male,2.7
408,Dem. People's Rep. Korea,2005,Labour force participation - Female,78
408,Dem. People's Rep. Korea,2005,Unemployment rate - Female,3
408,Dem. People's Rep. Korea,2010,Labour force participation - Total,82.3
408,Dem. People's Rep. Korea,2010,Unemployment rate - Total,2.7
408,Dem. People's Rep. Korea,2010,Labour force participation - Male,86.8
408,Dem. People's Rep. Korea,2010,Unemployment rate - Male,2.6
408,Dem. People's Rep. Korea,2010,Labour force participation - Female,78.1
408,Dem. People's Rep. Korea,2010,Unemployment rate - Female,2.8
408,Dem. People's Rep. Korea,2015,Labour force participation - Total,82.3
408,Dem. People's Rep. Korea,2015,Unemployment rate - Total,2.7
408,Dem. People's Rep. Korea,2015,Labour force participation - Male,86.8
408,Dem. People's Rep. Korea,2015,Unemployment rate - Male,2.7
408,Dem. People's Rep. Korea,2015,Labour force participation - Female,78.1
408,Dem. People's Rep. Korea,2015,Unemployment rate - Female,2.8
408,Dem. People's Rep. Korea,2022,Labour force participation - Total,81.4
408,Dem. People's Rep. Korea,2022,Unemployment rate - Total,2.2
408,Dem. People's Rep. Korea,2022,Labour force participation - Male,86
408,Dem. People's Rep. Korea,2022,Unemployment rate - Male,2.1
408,Dem. People's Rep. Korea,2022,Labour force participation - Female,77.1
408,Dem. People's Rep. Korea,2022,Unemployment rate - Female,2.3
180,Dem. Rep. of the Congo,2005,Labour force participation - Total,72.5
180,Dem. Rep. of the Congo,2005,Unemployment rate - Total,2.9
180,Dem. Rep. of the Congo,2005,Labour force participation - Male,73.8
180,Dem. Rep. of the Congo,2005,Unemployment rate - Male,3.5
180,Dem. Rep. of the Congo,2005,Labour force participation - Female,71.2
180,Dem. Rep. of the Congo,2005,Unemployment rate - Female,2.2
180,Dem. Rep. of the Congo,2010,Labour force participation - Total,68
180,Dem. Rep. of the Congo,2010,Unemployment rate - Total,4
180,Dem. Rep. of the Congo,2010,Labour force participation - Male,70.9
180,Dem. Rep. of the Congo,2010,Unemployment rate - Male,4.8
180,Dem. Rep. of the Congo,2010,Labour force participation - Female,65.1
180,Dem. Rep. of the Congo,2010,Unemployment rate - Female,3.2
180,Dem. Rep. of the Congo,2015,Labour force participation - Total,66
180,Dem. Rep. of the Congo,2015,Unemployment rate - Total,4.5
180,Dem. Rep. of the Congo,2015,Labour force participation - Male,69.7
180,Dem. Rep. of the Congo,2015,Unemployment rate - Male,5.2
180,Dem. Rep. of the Congo,2015,Labour force participation - Female,62.4
180,Dem. Rep. of the Congo,2015,Unemployment rate - Female,3.7
180,Dem. Rep. of the Congo,2022,Labour force participation - Total,65.4
180,Dem. Rep. of the Congo,2022,Unemployment rate - Total,5.4
180,Dem. Rep. of the Congo,2022,Labour force participation - Male,69.2
180,Dem. Rep. of the Congo,2022,Unemployment rate - Male,6
180,Dem. Rep. of the Congo,2022,Labour force participation - Female,61.7
180,Dem. Rep. of the Congo,2022,Unemployment rate - Female,4.6
208,Denmark,2005,Labour force participation - Total,65.7
208,Denmark,2005,Unemployment rate - Total,4.8
208,Denmark,2005,Labour force participation - Male,71.1
208,Denmark,2005,Unemployment rate - Male,4.4
208,Denmark,2005,Labour force participation - Female,60.4
208,Denmark,2005,Unemployment rate - Female,5.3
208,Denmark,2010,Labour force participation - Total,63.5
208,Denmark,2010,Unemployment rate - Total,7.8
208,Denmark,2010,Labour force participation - Male,68.3
208,Denmark,2010,Unemployment rate - Male,8.6
208,Denmark,2010,Labour force participation - Female,58.8
208,Denmark,2010,Unemployment rate - Female,6.8
208,Denmark,2015,Labour force participation - Total,61.3
208,Denmark,2015,Unemployment rate - Total,6.3
208,Denmark,2015,Labour force participation - Male,66
208,Denmark,2015,Unemployment rate - Male,6.1
208,Denmark,2015,Labour force participation - Female,56.7
208,Denmark,2015,Unemployment rate - Female,6.5
208,Denmark,2022,Labour force participation - Total,62.1
208,Denmark,2022,Unemployment rate - Total,4.3
208,Denmark,2022,Labour force participation - Male,66.5
208,Denmark,2022,Unemployment rate - Male,4.2
208,Denmark,2022,Labour force participation - Female,57.9
208,Denmark,2022,Unemployment rate - Female,4.3
262,Djibouti,2005,Labour force participation - Total,34.3
262,Djibouti,2005,Unemployment rate - Total,27.7
262,Djibouti,2005,Labour force participation - Male,52.8
262,Djibouti,2005,Unemployment rate - Male,24.9
262,Djibouti,2005,Labour force participation - Female,15.8
262,Djibouti,2005,Unemployment rate - Female,37.2
262,Djibouti,2010,Labour force participation - Total,32.9
262,Djibouti,2010,Unemployment rate - Total,27.1
262,Djibouti,2010,Labour force participation - Male,47.5
262,Djibouti,2010,Unemployment rate - Male,23.9
262,Djibouti,2010,Labour force participation - Female,16.9
262,Djibouti,2010,Unemployment rate - Female,36.9
262,Djibouti,2015,Labour force participation - Total,32.4
262,Djibouti,2015,Unemployment rate - Total,26.3
262,Djibouti,2015,Labour force participation - Male,45.9
262,Djibouti,2015,Unemployment rate - Male,22.8
262,Djibouti,2015,Labour force participation - Female,17.4
262,Djibouti,2015,Unemployment rate - Female,36.6
262,Djibouti,2022,Labour force participation - Total,31.6
262,Djibouti,2022,Unemployment rate - Total,27.9
262,Djibouti,2022,Labour force participation - Male,44.3
262,Djibouti,2022,Unemployment rate - Male,24.1
262,Djibouti,2022,Labour force participation - Female,17.4
262,Djibouti,2022,Unemployment rate - Female,38.7
214,Dominican Republic,2005,Labour force participation - Total,56.6
214,Dominican Republic,2005,Unemployment rate - Total,6.6
214,Dominican Republic,2005,Labour force participation - Male,73.6
214,Dominican Republic,2005,Unemployment rate - Male,4.9
214,Dominican Republic,2005,Labour force participation - Female,39.7
214,Dominican Republic,2005,Unemployment rate - Female,9.7
214,Dominican Republic,2010,Labour force participation - Total,56.7
214,Dominican Republic,2010,Unemployment rate - Total,5.2
214,Dominican Republic,2010,Labour force participation - Male,71.9
214,Dominican Republic,2010,Unemployment rate - Male,4.1
214,Dominican Republic,2010,Labour force participation - Female,41.6
214,Dominican Republic,2010,Unemployment rate - Female,7.1
214,Dominican Republic,2015,Labour force participation - Total,62
214,Dominican Republic,2015,Unemployment rate - Total,7.6
214,Dominican Republic,2015,Labour force participation - Male,76.1
214,Dominican Republic,2015,Unemployment rate - Male,5.5
214,Dominican Republic,2015,Labour force participation - Female,48.1
214,Dominican Republic,2015,Unemployment rate - Female,10.9
214,Dominican Republic,2022,Labour force participation - Total,63.5
214,Dominican Republic,2022,Unemployment rate - Total,7.5
214,Dominican Republic,2022,Labour force participation - Male,76.2
214,Dominican Republic,2022,Unemployment rate - Male,5
214,Dominican Republic,2022,Labour force participation - Female,51
214,Dominican Republic,2022,Unemployment rate - Female,11.3
218,Ecuador,2005,Labour force participation - Total,67
218,Ecuador,2005,Unemployment rate - Total,3.8
218,Ecuador,2005,Labour force participation - Male,82.3
218,Ecuador,2005,Unemployment rate - Male,3.2
218,Ecuador,2005,Labour force participation - Female,51.9
218,Ecuador,2005,Unemployment rate - Female,4.7
218,Ecuador,2010,Labour force participation - Total,62.7
218,Ecuador,2010,Unemployment rate - Total,4.1
218,Ecuador,2010,Labour force participation - Male,77.6
218,Ecuador,2010,Unemployment rate - Male,3.5
218,Ecuador,2010,Labour force participation - Female,48
218,Ecuador,2010,Unemployment rate - Female,5
218,Ecuador,2015,Labour force participation - Total,65.7
218,Ecuador,2015,Unemployment rate - Total,3.6
218,Ecuador,2015,Labour force participation - Male,79.6
218,Ecuador,2015,Unemployment rate - Male,3
218,Ecuador,2015,Labour force participation - Female,51.9
218,Ecuador,2015,Unemployment rate - Female,4.5
218,Ecuador,2022,Labour force participation - Total,64.9
218,Ecuador,2022,Unemployment rate - Total,6.1
218,Ecuador,2022,Labour force participation - Male,76.7
218,Ecuador,2022,Unemployment rate - Male,5.2
218,Ecuador,2022,Labour force participation - Female,53.4
218,Ecuador,2022,Unemployment rate - Female,7.4
818,Egypt,2005,Labour force participation - Total,46
818,Egypt,2005,Unemployment rate - Total,11.2
818,Egypt,2005,Labour force participation - Male,71.5
818,Egypt,2005,Unemployment rate - Male,7.3
818,Egypt,2005,Labour force participation - Female,20.5
818,Egypt,2005,Unemployment rate - Female,24.9
818,Egypt,2010,Labour force participation - Total,49.4
818,Egypt,2010,Unemployment rate - Total,8.8
818,Egypt,2010,Labour force participation - Male,75.4
818,Egypt,2010,Unemployment rate - Male,4.7
818,Egypt,2010,Labour force participation - Female,23.2
818,Egypt,2010,Unemployment rate - Female,21.9
818,Egypt,2015,Labour force participation - Total,47
818,Egypt,2015,Unemployment rate - Total,13.1
818,Egypt,2015,Labour force participation - Male,71.1
818,Egypt,2015,Unemployment rate - Male,9.3
818,Egypt,2015,Labour force participation - Female,22.8
818,Egypt,2015,Unemployment rate - Female,24.6
818,Egypt,2022,Labour force participation - Total,41.4
818,Egypt,2022,Unemployment rate - Total,9
818,Egypt,2022,Labour force participation - Male,67.3
818,Egypt,2022,Unemployment rate - Male,5.6
818,Egypt,2022,Labour force participation - Female,15.4
818,Egypt,2022,Unemployment rate - Female,23.5
222,El Salvador,2005,Labour force participation - Total,59
222,El Salvador,2005,Unemployment rate - Total,7.2
222,El Salvador,2005,Labour force participation - Male,76.3
222,El Salvador,2005,Unemployment rate - Male,8.9
222,El Salvador,2005,Labour force participation - Female,44.3
222,El Salvador,2005,Unemployment rate - Female,4.8
222,El Salvador,2010,Labour force participation - Total,59.5
222,El Salvador,2010,Unemployment rate - Total,4.9
222,El Salvador,2010,Labour force participation - Male,76.1
222,El Salvador,2010,Unemployment rate - Male,5.4
222,El Salvador,2010,Labour force participation - Female,45.7
222,El Salvador,2010,Unemployment rate - Female,4.2
222,El Salvador,2015,Labour force participation - Total,58.2
222,El Salvador,2015,Unemployment rate - Total,4
222,El Salvador,2015,Labour force participation - Male,74.4
222,El Salvador,2015,Unemployment rate - Male,4.4
222,El Salvador,2015,Labour force participation - Female,44.8
222,El Salvador,2015,Unemployment rate - Female,3.5
222,El Salvador,2022,Labour force participation - Total,57.8
222,El Salvador,2022,Unemployment rate - Total,5.8
222,El Salvador,2022,Labour force participation - Male,73.7
222,El Salvador,2022,Unemployment rate - Male,5.5
222,El Salvador,2022,Labour force participation - Female,44.7
222,El Salvador,2022,Unemployment rate - Female,6.2
226,Equatorial Guinea,2005,Labour force participation - Total,56.5
226,Equatorial Guinea,2005,Unemployment rate - Total,8.8
226,Equatorial Guinea,2005,Labour force participation - Male,61.7
226,Equatorial Guinea,2005,Unemployment rate - Male,7.8
226,Equatorial Guinea,2005,Labour force participation - Female,50.3
226,Equatorial Guinea,2005,Unemployment rate - Female,10.2
226,Equatorial Guinea,2010,Labour force participation - Total,56.2
226,Equatorial Guinea,2010,Unemployment rate - Total,8.8
226,Equatorial Guinea,2010,Labour force participation - Male,60.5
226,Equatorial Guinea,2010,Unemployment rate - Male,7.8
226,Equatorial Guinea,2010,Labour force participation - Female,50.6
226,Equatorial Guinea,2010,Unemployment rate - Female,10.4
226,Equatorial Guinea,2015,Labour force participation - Total,55.9
226,Equatorial Guinea,2015,Unemployment rate - Total,8.5
226,Equatorial Guinea,2015,Labour force participation - Male,59.5
226,Equatorial Guinea,2015,Unemployment rate - Male,7.7
226,Equatorial Guinea,2015,Labour force participation - Female,51
226,Equatorial Guinea,2015,Unemployment rate - Female,9.9
226,Equatorial Guinea,2022,Labour force participation - Total,55.3
226,Equatorial Guinea,2022,Unemployment rate - Total,8.9
226,Equatorial Guinea,2022,Labour force participation - Male,58.7
226,Equatorial Guinea,2022,Unemployment rate - Male,8.1
226,Equatorial Guinea,2022,Labour force participation - Female,50.5
226,Equatorial Guinea,2022,Unemployment rate - Female,10.2
232,Eritrea,2005,Labour force participation - Total,79.3
232,Eritrea,2005,Unemployment rate - Total,5.3
232,Eritrea,2005,Labour force participation - Male,85.2
232,Eritrea,2005,Unemployment rate - Male,4.4
232,Eritrea,2005,Labour force participation - Female,73.6
232,Eritrea,2005,Unemployment rate - Female,6.2
232,Eritrea,2010,Labour force participation - Total,79.5
232,Eritrea,2010,Unemployment rate - Total,5.5
232,Eritrea,2010,Labour force participation - Male,85.7
232,Eritrea,2010,Unemployment rate - Male,4.6
232,Eritrea,2010,Labour force participation - Female,73.4
232,Eritrea,2010,Unemployment rate - Female,6.6
232,Eritrea,2015,Labour force participation - Total,80
232,Eritrea,2015,Unemployment rate - Total,5.8
232,Eritrea,2015,Labour force participation - Male,87.3
232,Eritrea,2015,Unemployment rate - Male,5
232,Eritrea,2015,Labour force participation - Female,72.9
232,Eritrea,2015,Unemployment rate - Female,6.8
232,Eritrea,2022,Labour force participation - Total,78.6
232,Eritrea,2022,Unemployment rate - Total,7.9
232,Eritrea,2022,Labour force participation - Male,84.7
232,Eritrea,2022,Unemployment rate - Male,6.9
232,Eritrea,2022,Labour force participation - Female,72.6
232,Eritrea,2022,Unemployment rate - Female,9
233,Estonia,2005,Labour force participation - Total,58.7
233,Estonia,2005,Unemployment rate - Total,8
233,Estonia,2005,Labour force participation - Male,64.9
233,Estonia,2005,Unemployment rate - Male,9.1
233,Estonia,2005,Labour force participation - Female,53.6
233,Estonia,2005,Unemployment rate - Female,6.9
233,Estonia,2010,Labour force participation - Total,60.5
233,Estonia,2010,Unemployment rate - Total,16.7
233,Estonia,2010,Labour force participation - Male,66.9
233,Estonia,2010,Unemployment rate - Male,19.3
233,Estonia,2010,Labour force participation - Female,55.1
233,Estonia,2010,Unemployment rate - Female,14.1
233,Estonia,2015,Labour force participation - Total,62.1
233,Estonia,2015,Unemployment rate - Total,6.2
233,Estonia,2015,Labour force participation - Male,69.4
233,Estonia,2015,Unemployment rate - Male,6.2
233,Estonia,2015,Labour force participation - Female,55.9
233,Estonia,2015,Unemployment rate - Female,6.1
233,Estonia,2022,Labour force participation - Total,62.9
233,Estonia,2022,Unemployment rate - Total,5.2
233,Estonia,2022,Labour force participation - Male,69.6
233,Estonia,2022,Unemployment rate - Male,5.5
233,Estonia,2022,Labour force participation - Female,57.1
233,Estonia,2022,Unemployment rate - Female,5
748,Eswatini,2005,Labour force participation - Total,51.9
748,Eswatini,2005,Unemployment rate - Total,27.1
748,Eswatini,2005,Labour force participation - Male,58.8
748,Eswatini,2005,Unemployment rate - Male,24.2
748,Eswatini,2005,Labour force participation - Female,46.2
748,Eswatini,2005,Unemployment rate - Female,30.1
748,Eswatini,2010,Labour force participation - Total,51.6
748,Eswatini,2010,Unemployment rate - Total,26.4
748,Eswatini,2010,Labour force participation - Male,57.6
748,Eswatini,2010,Unemployment rate - Male,24
748,Eswatini,2010,Labour force participation - Female,46.6
748,Eswatini,2010,Unemployment rate - Female,28.9
748,Eswatini,2015,Labour force participation - Total,51.3
748,Eswatini,2015,Unemployment rate - Total,23.3
748,Eswatini,2015,Labour force participation - Male,56.2
748,Eswatini,2015,Unemployment rate - Male,21.6
748,Eswatini,2015,Labour force participation - Female,46.9
748,Eswatini,2015,Unemployment rate - Female,25.2
748,Eswatini,2022,Labour force participation - Total,50.3
748,Eswatini,2022,Unemployment rate - Total,25.2
748,Eswatini,2022,Labour force participation - Male,54.1
748,Eswatini,2022,Unemployment rate - Male,23.2
748,Eswatini,2022,Labour force participation - Female,46.6
748,Eswatini,2022,Unemployment rate - Female,27.4
231,Ethiopia,2005,Labour force participation - Total,82
231,Ethiopia,2005,Unemployment rate - Total,2.5
231,Ethiopia,2005,Labour force participation - Male,89.7
231,Ethiopia,2005,Unemployment rate - Male,1.8
231,Ethiopia,2005,Labour force participation - Female,74.6
231,Ethiopia,2005,Unemployment rate - Female,3.3
231,Ethiopia,2010,Labour force participation - Total,81.5
231,Ethiopia,2010,Unemployment rate - Total,2.3
231,Ethiopia,2010,Labour force participation - Male,88.9
231,Ethiopia,2010,Unemployment rate - Male,1.7
231,Ethiopia,2010,Labour force participation - Female,74.4
231,Ethiopia,2010,Unemployment rate - Female,3.1
231,Ethiopia,2015,Labour force participation - Total,81
231,Ethiopia,2015,Unemployment rate - Total,2.3
231,Ethiopia,2015,Labour force participation - Male,87.7
231,Ethiopia,2015,Unemployment rate - Male,1.7
231,Ethiopia,2015,Labour force participation - Female,74.5
231,Ethiopia,2015,Unemployment rate - Female,3
231,Ethiopia,2022,Labour force participation - Total,79.5
231,Ethiopia,2022,Unemployment rate - Total,4
231,Ethiopia,2022,Labour force participation - Male,85.2
231,Ethiopia,2022,Unemployment rate - Male,3
231,Ethiopia,2022,Labour force participation - Female,73.9
231,Ethiopia,2022,Unemployment rate - Female,5.1
238,Falkland Islands (Malvinas),2013,Labour force participation - Total,81.9
238,Falkland Islands (Malvinas),2013,Unemployment rate - Total,1.2
238,Falkland Islands (Malvinas),2013,Labour force participation - Male,86
238,Falkland Islands (Malvinas),2013,Unemployment rate - Male,1.1
238,Falkland Islands (Malvinas),2013,Labour force participation - Female,77.2
238,Falkland Islands (Malvinas),2013,Unemployment rate - Female,1.4
234,Faroe Islands,2005,Unemployment rate - Total,3.2
234,Faroe Islands,2005,Unemployment rate - Male,2.6
234,Faroe Islands,2005,Unemployment rate - Female,3.9
234,Faroe Islands,2010,Labour force participation - Total,81.7
234,Faroe Islands,2010,Unemployment rate - Total,6.4
234,Faroe Islands,2010,Labour force participation - Male,85.3
234,Faroe Islands,2010,Unemployment rate - Male,5.1
234,Faroe Islands,2010,Labour force participation - Female,77.5
234,Faroe Islands,2010,Unemployment rate - Female,8
234,Faroe Islands,2013,Labour force participation - Total,82.9
234,Faroe Islands,2013,Unemployment rate - Total,4
234,Faroe Islands,2013,Labour force participation - Male,86
234,Faroe Islands,2013,Unemployment rate - Male,3.4
234,Faroe Islands,2013,Labour force participation - Female,79.4
234,Faroe Islands,2013,Unemployment rate - Female,4.9
242,Fiji,2005,Labour force participation - Total,56.7
242,Fiji,2005,Unemployment rate - Total,3.9
242,Fiji,2005,Labour force participation - Male,78
242,Fiji,2005,Unemployment rate - Male,3.3
242,Fiji,2005,Labour force participation - Female,34.8
242,Fiji,2005,Unemployment rate - Female,5.2
242,Fiji,2010,Labour force participation - Total,62
242,Fiji,2010,Unemployment rate - Total,4.3
242,Fiji,2010,Labour force participation - Male,79.7
242,Fiji,2010,Unemployment rate - Male,4.1
242,Fiji,2010,Labour force participation - Female,43.7
242,Fiji,2010,Unemployment rate - Female,4.7
242,Fiji,2015,Labour force participation - Total,58.2
242,Fiji,2015,Unemployment rate - Total,4.3
242,Fiji,2015,Labour force participation - Male,76.2
242,Fiji,2015,Unemployment rate - Male,3.8
242,Fiji,2015,Labour force participation - Female,39.8
242,Fiji,2015,Unemployment rate - Female,5.3
242,Fiji,2022,Labour force participation - Total,56.7
242,Fiji,2022,Unemployment rate - Total,4.9
242,Fiji,2022,Labour force participation - Male,75.3
242,Fiji,2022,Unemployment rate - Male,4.2
242,Fiji,2022,Labour force participation - Female,37.8
242,Fiji,2022,Unemployment rate - Female,6.3
246,Finland,2005,Labour force participation - Total,60.7
246,Finland,2005,Unemployment rate - Total,8.4
246,Finland,2005,Labour force participation - Male,65
246,Finland,2005,Unemployment rate - Male,8.2
246,Finland,2005,Labour force participation - Female,56.7
246,Finland,2005,Unemployment rate - Female,8.6
246,Finland,2010,Labour force participation - Total,60
246,Finland,2010,Unemployment rate - Total,8.4
246,Finland,2010,Labour force participation - Male,64.1
246,Finland,2010,Unemployment rate - Male,9.1
246,Finland,2010,Labour force participation - Female,56
246,Finland,2010,Unemployment rate - Female,7.6
246,Finland,2015,Labour force participation - Total,58.9
246,Finland,2015,Unemployment rate - Total,9.4
246,Finland,2015,Labour force participation - Male,62.4
246,Finland,2015,Unemployment rate - Male,9.9
246,Finland,2015,Labour force participation - Female,55.6
246,Finland,2015,Unemployment rate - Female,8.8
246,Finland,2022,Labour force participation - Total,59.7
246,Finland,2022,Unemployment rate - Total,6.8
246,Finland,2022,Labour force participation - Male,63.6
246,Finland,2022,Unemployment rate - Male,7.3
246,Finland,2022,Labour force participation - Female,56.1
246,Finland,2022,Unemployment rate - Female,6.2
250,France,2005,Labour force participation - Total,56.2
250,France,2005,Unemployment rate - Total,8.5
250,France,2005,Labour force participation - Male,62.6
250,France,2005,Unemployment rate - Male,7.8
250,France,2005,Labour force participation - Female,50.5
250,France,2005,Unemployment rate - Female,9.3
250,France,2010,Labour force participation - Total,56.5
250,France,2010,Unemployment rate - Total,8.9
250,France,2010,Labour force participation - Male,62
250,France,2010,Unemployment rate - Male,8.7
250,France,2010,Labour force participation - Female,51.5
250,France,2010,Unemployment rate - Female,9.1
250,France,2015,Labour force participation - Total,56
250,France,2015,Unemployment rate - Total,10.4
250,France,2015,Labour force participation - Male,60.8
250,France,2015,Unemployment rate - Male,10.8
250,France,2015,Labour force participation - Female,51.6
250,France,2015,Unemployment rate - Female,9.9
250,France,2022,Labour force participation - Total,55.3
250,France,2022,Unemployment rate - Total,7.5
250,France,2022,Labour force participation - Male,59.4
250,France,2022,Unemployment rate - Male,7.5
250,France,2022,Labour force participation - Female,51.5
250,France,2022,Unemployment rate - Female,7.6
254,French Guiana,2005,Labour force participation - Total,42.1
254,French Guiana,2005,Unemployment rate - Total,24.8
254,French Guiana,2005,Labour force participation - Male,48.2
254,French Guiana,2005,Unemployment rate - Male,22.8
254,French Guiana,2005,Labour force participation - Female,36.3
254,French Guiana,2005,Unemployment rate - Female,27
254,French Guiana,2010,Labour force participation - Total,48.9
254,French Guiana,2010,Unemployment rate - Total,21
254,French Guiana,2010,Labour force participation - Male,54.9
254,French Guiana,2010,Unemployment rate - Male,17.8
254,French Guiana,2010,Labour force participation - Female,43.2
254,French Guiana,2010,Unemployment rate - Female,25.1
254,French Guiana,2013,Labour force participation - Total,53.4
254,French Guiana,2013,Unemployment rate - Total,21.3
254,French Guiana,2013,Labour force participation - Male,58.8
254,French Guiana,2013,Unemployment rate - Male,16.7
254,French Guiana,2013,Labour force participation - Female,48.4
254,French Guiana,2013,Unemployment rate - Female,26.3
258,French Polynesia,2005,Labour force participation - Total,56.9
258,French Polynesia,2005,Unemployment rate - Total,11.8
258,French Polynesia,2005,Labour force participation - Male,66
258,French Polynesia,2005,Unemployment rate - Male,10.9
258,French Polynesia,2005,Labour force participation - Female,47.4
258,French Polynesia,2005,Unemployment rate - Female,13.1
258,French Polynesia,2010,Labour force participation - Total,56.3
258,French Polynesia,2010,Unemployment rate - Total,12.2
258,French Polynesia,2010,Labour force participation - Male,63.9
258,French Polynesia,2010,Unemployment rate - Male,11.5
258,French Polynesia,2010,Labour force participation - Female,48.3
258,French Polynesia,2010,Unemployment rate - Female,13.2
258,French Polynesia,2015,Labour force participation - Total,56.3
258,French Polynesia,2015,Unemployment rate - Total,12.2
258,French Polynesia,2015,Labour force participation - Male,63.3
258,French Polynesia,2015,Unemployment rate - Male,11.5
258,French Polynesia,2015,Labour force participation - Female,49.2
258,French Polynesia,2015,Unemployment rate - Female,13.1
258,French Polynesia,2022,Labour force participation - Total,55.2
258,French Polynesia,2022,Unemployment rate - Total,14.2
258,French Polynesia,2022,Labour force participation - Male,62.1
258,French Polynesia,2022,Unemployment rate - Male,13.3
258,French Polynesia,2022,Labour force participation - Female,48.2
258,French Polynesia,2022,Unemployment rate - Female,15.3
266,Gabon,2005,Labour force participation - Total,49.3
266,Gabon,2005,Unemployment rate - Total,16.9
266,Gabon,2005,Labour force participation - Male,59.7
266,Gabon,2005,Unemployment rate - Male,12.9
266,Gabon,2005,Labour force participation - Female,39
266,Gabon,2005,Unemployment rate - Female,23
266,Gabon,2010,Labour force participation - Total,48.7
266,Gabon,2010,Unemployment rate - Total,20.4
266,Gabon,2010,Labour force participation - Male,57.7
266,Gabon,2010,Unemployment rate - Male,14.7
266,Gabon,2010,Labour force participation - Female,39.6
266,Gabon,2010,Unemployment rate - Female,29
266,Gabon,2015,Labour force participation - Total,48.4
266,Gabon,2015,Unemployment rate - Total,20.6
266,Gabon,2015,Labour force participation - Male,56.5
266,Gabon,2015,Unemployment rate - Male,15.3
266,Gabon,2015,Labour force participation - Female,40
266,Gabon,2015,Unemployment rate - Female,28.6
266,Gabon,2022,Labour force participation - Total,48.5
266,Gabon,2022,Unemployment rate - Total,21.8
266,Gabon,2022,Labour force participation - Male,57.2
266,Gabon,2022,Unemployment rate - Male,16.5
266,Gabon,2022,Labour force participation - Female,39.4
266,Gabon,2022,Unemployment rate - Female,29.9
270,Gambia,2005,Labour force participation - Total,58.4
270,Gambia,2005,Unemployment rate - Total,9.3
270,Gambia,2005,Labour force participation - Male,69
270,Gambia,2005,Unemployment rate - Male,7
270,Gambia,2005,Labour force participation - Female,48.2
270,Gambia,2005,Unemployment rate - Female,12.4
270,Gambia,2010,Labour force participation - Total,58.8
270,Gambia,2010,Unemployment rate - Total,9.4
270,Gambia,2010,Labour force participation - Male,68.4
270,Gambia,2010,Unemployment rate - Male,6.9
270,Gambia,2010,Labour force participation - Female,49.6
270,Gambia,2010,Unemployment rate - Female,12.7
270,Gambia,2015,Labour force participation - Total,58.8
270,Gambia,2015,Unemployment rate - Total,9.5
270,Gambia,2015,Labour force participation - Male,67.8
270,Gambia,2015,Unemployment rate - Male,7
270,Gambia,2015,Labour force participation - Female,50.3
270,Gambia,2015,Unemployment rate - Female,12.7
270,Gambia,2022,Labour force participation - Total,58.2
270,Gambia,2022,Unemployment rate - Total,11
270,Gambia,2022,Labour force participation - Male,66.8
270,Gambia,2022,Unemployment rate - Male,8.2
270,Gambia,2022,Labour force participation - Female,49.9
270,Gambia,2022,Unemployment rate - Female,14.5
268,Georgia,2005,Labour force participation - Total,64.1
268,Georgia,2005,Unemployment rate - Total,13.8
268,Georgia,2005,Labour force participation - Male,73.5
268,Georgia,2005,Unemployment rate - Male,14.8
268,Georgia,2005,Labour force participation - Female,55.8
268,Georgia,2005,Unemployment rate - Female,12.7
268,Georgia,2010,Labour force participation - Total,65.5
268,Georgia,2010,Unemployment rate - Total,20.2
268,Georgia,2010,Labour force participation - Male,76.8
268,Georgia,2010,Unemployment rate - Male,22.4
268,Georgia,2010,Labour force participation - Female,55.7
268,Georgia,2010,Unemployment rate - Female,17.5
268,Georgia,2015,Labour force participation - Total,68.8
268,Georgia,2015,Unemployment rate - Total,16.5
268,Georgia,2015,Labour force participation - Male,80.1
268,Georgia,2015,Unemployment rate - Male,18.7
268,Georgia,2015,Labour force participation - Female,58.9
268,Georgia,2015,Unemployment rate - Female,13.9
268,Georgia,2022,Labour force participation - Total,60.7
268,Georgia,2022,Unemployment rate - Total,11.8
268,Georgia,2022,Labour force participation - Male,69.7
268,Georgia,2022,Unemployment rate - Male,12.8
268,Georgia,2022,Labour force participation - Female,52.8
268,Georgia,2022,Unemployment rate - Female,10.7
276,Germany,2005,Labour force participation - Total,58.4
276,Germany,2005,Unemployment rate - Total,11.2
276,Germany,2005,Labour force participation - Male,66.2
276,Germany,2005,Unemployment rate - Male,11.4
276,Germany,2005,Labour force participation - Female,51.1
276,Germany,2005,Unemployment rate - Female,10.9
276,Germany,2010,Labour force participation - Total,59.4
276,Germany,2010,Unemployment rate - Total,7
276,Germany,2010,Labour force participation - Male,66
276,Germany,2010,Unemployment rate - Male,7.4
276,Germany,2010,Labour force participation - Female,53
276,Germany,2010,Unemployment rate - Female,6.5
276,Germany,2015,Labour force participation - Total,60.2
276,Germany,2015,Unemployment rate - Total,4.6
276,Germany,2015,Labour force participation - Male,65.9
276,Germany,2015,Unemployment rate - Male,5
276,Germany,2015,Labour force participation - Female,54.7
276,Germany,2015,Unemployment rate - Female,4.2
276,Germany,2022,Labour force participation - Total,61.5
276,Germany,2022,Unemployment rate - Total,3.2
276,Germany,2022,Labour force participation - Male,66.1
276,Germany,2022,Unemployment rate - Male,3.5
276,Germany,2022,Labour force participation - Female,57
276,Germany,2022,Unemployment rate - Female,2.8
288,Ghana,2005,Labour force participation - Total,72.9
288,Ghana,2005,Unemployment rate - Total,5.6
288,Ghana,2005,Labour force participation - Male,75.6
288,Ghana,2005,Unemployment rate - Male,5.5
288,Ghana,2005,Labour force participation - Female,70.2
288,Ghana,2005,Unemployment rate - Female,5.8
288,Ghana,2010,Labour force participation - Total,71.1
288,Ghana,2010,Unemployment rate - Total,5.4
288,Ghana,2010,Labour force participation - Male,74.5
288,Ghana,2010,Unemployment rate - Male,4.9
288,Ghana,2010,Labour force participation - Female,67.6
288,Ghana,2010,Unemployment rate - Female,5.9
288,Ghana,2015,Labour force participation - Total,69.3
288,Ghana,2015,Unemployment rate - Total,6.8
288,Ghana,2015,Labour force participation - Male,73.5
288,Ghana,2015,Unemployment rate - Male,7
288,Ghana,2015,Labour force participation - Female,65
288,Ghana,2015,Unemployment rate - Female,6.6
288,Ghana,2022,Labour force participation - Total,68.5
288,Ghana,2022,Unemployment rate - Total,4.5
288,Ghana,2022,Labour force participation - Male,72.3
288,Ghana,2022,Unemployment rate - Male,4.3
288,Ghana,2022,Labour force participation - Female,64.7
288,Ghana,2022,Unemployment rate - Female,4.8
300,Greece,2005,Labour force participation - Total,52.9
300,Greece,2005,Unemployment rate - Total,10
300,Greece,2005,Labour force participation - Male,64.1
300,Greece,2005,Unemployment rate - Male,6.3
300,Greece,2005,Labour force participation - Female,42
300,Greece,2005,Unemployment rate - Female,15.5
300,Greece,2010,Labour force participation - Total,53.5
300,Greece,2010,Unemployment rate - Total,12.7
300,Greece,2010,Labour force participation - Male,63.5
300,Greece,2010,Unemployment rate - Male,10.1
300,Greece,2010,Labour force participation - Female,44
300,Greece,2010,Unemployment rate - Female,16.4
300,Greece,2015,Labour force participation - Total,52
300,Greece,2015,Unemployment rate - Total,24.9
300,Greece,2015,Labour force participation - Male,59.7
300,Greece,2015,Unemployment rate - Male,21.8
300,Greece,2015,Labour force participation - Female,44.7
300,Greece,2015,Unemployment rate - Female,28.9
300,Greece,2022,Labour force participation - Total,50.6
300,Greece,2022,Unemployment rate - Total,14.8
300,Greece,2022,Labour force participation - Male,58.2
300,Greece,2022,Unemployment rate - Male,11.4
300,Greece,2022,Labour force participation - Female,43.4
300,Greece,2022,Unemployment rate - Female,19.1
304,Greenland,2005,Unemployment rate - Total,9.3
304,Greenland,2005,Unemployment rate - Male,10.4
304,Greenland,2005,Unemployment rate - Female,8
304,Greenland,2006,Unemployment rate - Total,8.4
304,Greenland,2006,Unemployment rate - Male,10
304,Greenland,2006,Unemployment rate - Female,6.7
304,Greenland,2013,Unemployment rate - Total,9.7
304,Greenland,2013,Unemployment rate - Male,9.6
304,Greenland,2013,Unemployment rate - Female,9.8
312,Guadeloupe,2005,Labour force participation - Total,41.8
312,Guadeloupe,2005,Unemployment rate - Total,25.9
312,Guadeloupe,2005,Labour force participation - Male,46.8
312,Guadeloupe,2005,Unemployment rate - Male,22.4
312,Guadeloupe,2005,Labour force participation - Female,37.7
312,Guadeloupe,2005,Unemployment rate - Female,29.5
312,Guadeloupe,2010,Labour force participation - Total,41.6
312,Guadeloupe,2010,Unemployment rate - Total,23.8
312,Guadeloupe,2010,Labour force participation - Male,44.2
312,Guadeloupe,2010,Unemployment rate - Male,21.4
312,Guadeloupe,2010,Labour force participation - Female,39.5
312,Guadeloupe,2010,Unemployment rate - Female,26
312,Guadeloupe,2013,Labour force participation - Total,52.7
312,Guadeloupe,2013,Unemployment rate - Total,26.1
312,Guadeloupe,2013,Labour force participation - Male,56.5
312,Guadeloupe,2013,Unemployment rate - Male,23.8
312,Guadeloupe,2013,Labour force participation - Female,49.6
312,Guadeloupe,2013,Unemployment rate - Female,28.3
316,Guam,2005,Labour force participation - Total,61.1
316,Guam,2005,Unemployment rate - Total,7
316,Guam,2005,Labour force participation - Male,67.2
316,Guam,2005,Unemployment rate - Male,6.4
316,Guam,2005,Labour force participation - Female,54.8
316,Guam,2005,Unemployment rate - Female,7.7
316,Guam,2010,Labour force participation - Total,61.4
316,Guam,2010,Unemployment rate - Total,8.2
316,Guam,2010,Labour force participation - Male,66.2
316,Guam,2010,Unemployment rate - Male,7.3
316,Guam,2010,Labour force participation - Female,56.5
316,Guam,2010,Unemployment rate - Female,9.3
316,Guam,2015,Labour force participation - Total,62.5
316,Guam,2015,Unemployment rate - Total,6.9
316,Guam,2015,Labour force participation - Male,68.6
316,Guam,2015,Unemployment rate - Male,7.2
316,Guam,2015,Labour force participation - Female,56.4
316,Guam,2015,Unemployment rate - Female,6.6
316,Guam,2022,Labour force participation - Total,61
316,Guam,2022,Unemployment rate - Total,6.8
316,Guam,2022,Labour force participation - Male,67.5
316,Guam,2022,Unemployment rate - Male,6.9
316,Guam,2022,Labour force participation - Female,54.5
316,Guam,2022,Unemployment rate - Female,6.6
320,Guatemala,2005,Labour force participation - Total,62.9
320,Guatemala,2005,Unemployment rate - Total,3.1
320,Guatemala,2005,Labour force participation - Male,85.6
320,Guatemala,2005,Unemployment rate - Male,2.8
320,Guatemala,2005,Labour force participation - Female,42.2
320,Guatemala,2005,Unemployment rate - Female,3.5
320,Guatemala,2010,Labour force participation - Total,61.6
320,Guatemala,2010,Unemployment rate - Total,3.5
320,Guatemala,2010,Labour force participation - Male,84.4
320,Guatemala,2010,Unemployment rate - Male,3.3
320,Guatemala,2010,Labour force participation - Female,40.7
320,Guatemala,2010,Unemployment rate - Female,3.8
320,Guatemala,2015,Labour force participation - Total,60.6
320,Guatemala,2015,Unemployment rate - Total,2.5
320,Guatemala,2015,Labour force participation - Male,84.2
320,Guatemala,2015,Unemployment rate - Male,2
320,Guatemala,2015,Labour force participation - Female,38.7
320,Guatemala,2015,Unemployment rate - Female,3.5
320,Guatemala,2022,Labour force participation - Total,59.5
320,Guatemala,2022,Unemployment rate - Total,3.5
320,Guatemala,2022,Labour force participation - Male,81.7
320,Guatemala,2022,Unemployment rate - Male,3
320,Guatemala,2022,Labour force participation - Female,38.6
320,Guatemala,2022,Unemployment rate - Female,4.6
324,Guinea,2005,Labour force participation - Total,64.4
324,Guinea,2005,Unemployment rate - Total,4.7
324,Guinea,2005,Labour force participation - Male,66.4
324,Guinea,2005,Unemployment rate - Male,5.6
324,Guinea,2005,Labour force participation - Female,62.8
324,Guinea,2005,Unemployment rate - Female,3.8
324,Guinea,2010,Labour force participation - Total,64.3
324,Guinea,2010,Unemployment rate - Total,4.8
324,Guinea,2010,Labour force participation - Male,65.8
324,Guinea,2010,Unemployment rate - Male,5.4
324,Guinea,2010,Labour force participation - Female,63
324,Guinea,2010,Unemployment rate - Female,4.3
324,Guinea,2015,Labour force participation - Total,64
324,Guinea,2015,Unemployment rate - Total,4.9
324,Guinea,2015,Labour force participation - Male,64.6
324,Guinea,2015,Unemployment rate - Male,5.2
324,Guinea,2015,Labour force participation - Female,63.4
324,Guinea,2015,Unemployment rate - Female,4.7
324,Guinea,2022,Labour force participation - Total,62.8
324,Guinea,2022,Unemployment rate - Total,6.2
324,Guinea,2022,Labour force participation - Male,62.5
324,Guinea,2022,Unemployment rate - Male,6
324,Guinea,2022,Labour force participation - Female,63
324,Guinea,2022,Unemployment rate - Female,6.3
624,Guinea-Bissau,2005,Labour force participation - Total,71.7
624,Guinea-Bissau,2005,Unemployment rate - Total,6.2
624,Guinea-Bissau,2005,Labour force participation - Male,80.2
624,Guinea-Bissau,2005,Unemployment rate - Male,5.3
624,Guinea-Bissau,2005,Labour force participation - Female,64.2
624,Guinea-Bissau,2005,Unemployment rate - Female,7.2
624,Guinea-Bissau,2010,Labour force participation - Total,71.5
624,Guinea-Bissau,2010,Unemployment rate - Total,6.1
624,Guinea-Bissau,2010,Labour force participation - Male,79.4
624,Guinea-Bissau,2010,Unemployment rate - Male,5.1
624,Guinea-Bissau,2010,Labour force participation - Female,64.4
624,Guinea-Bissau,2010,Unemployment rate - Female,7.2
624,Guinea-Bissau,2015,Labour force participation - Total,71.4
624,Guinea-Bissau,2015,Unemployment rate - Total,5.9
624,Guinea-Bissau,2015,Labour force participation - Male,79
624,Guinea-Bissau,2015,Unemployment rate - Male,5
624,Guinea-Bissau,2015,Labour force participation - Female,64.5
624,Guinea-Bissau,2015,Unemployment rate - Female,6.8
624,Guinea-Bissau,2022,Labour force participation - Total,71.1
624,Guinea-Bissau,2022,Unemployment rate - Total,6.6
624,Guinea-Bissau,2022,Labour force participation - Male,78.4
624,Guinea-Bissau,2022,Unemployment rate - Male,5.8
624,Guinea-Bissau,2022,Labour force participation - Female,64.2
624,Guinea-Bissau,2022,Unemployment rate - Female,7.5
328,Guyana,2005,Labour force participation - Total,55.8
328,Guyana,2005,Unemployment rate - Total,11
328,Guyana,2005,Labour force participation - Male,76.3
328,Guyana,2005,Unemployment rate - Male,9.6
328,Guyana,2005,Labour force participation - Female,35.5
328,Guyana,2005,Unemployment rate - Female,14
328,Guyana,2010,Labour force participation - Total,55.1
328,Guyana,2010,Unemployment rate - Total,11.8
328,Guyana,2010,Labour force participation - Male,72.7
328,Guyana,2010,Unemployment rate - Male,10.3
328,Guyana,2010,Labour force participation - Female,38.1
328,Guyana,2010,Unemployment rate - Female,14.5
328,Guyana,2015,Labour force participation - Total,54.5
328,Guyana,2015,Unemployment rate - Total,13.2
328,Guyana,2015,Labour force participation - Male,68.6
328,Guyana,2015,Unemployment rate - Male,11.6
328,Guyana,2015,Labour force participation - Female,40.6
328,Guyana,2015,Unemployment rate - Female,15.8
328,Guyana,2022,Labour force participation - Total,53.2
328,Guyana,2022,Unemployment rate - Total,14.9
328,Guyana,2022,Labour force participation - Male,65
328,Guyana,2022,Unemployment rate - Male,12.9
328,Guyana,2022,Labour force participation - Female,41.4
328,Guyana,2022,Unemployment rate - Female,18.1
332,Haiti,2005,Labour force participation - Total,63.8
332,Haiti,2005,Unemployment rate - Total,14.4
332,Haiti,2005,Labour force participation - Male,69.5
332,Haiti,2005,Unemployment rate - Male,12.7
332,Haiti,2005,Labour force participation - Female,58.5
332,Haiti,2005,Unemployment rate - Female,16.4
332,Haiti,2010,Labour force participation - Total,65.6
332,Haiti,2010,Unemployment rate - Total,15.4
332,Haiti,2010,Labour force participation - Male,70.9
332,Haiti,2010,Unemployment rate - Male,12.9
332,Haiti,2010,Labour force participation - Female,60.7
332,Haiti,2010,Unemployment rate - Female,18.1
332,Haiti,2015,Labour force participation - Total,66
332,Haiti,2015,Unemployment rate - Total,14
332,Haiti,2015,Labour force participation - Male,69.9
332,Haiti,2015,Unemployment rate - Male,11.3
332,Haiti,2015,Labour force participation - Female,62.2
332,Haiti,2015,Unemployment rate - Female,16.8
332,Haiti,2022,Labour force participation - Total,65.2
332,Haiti,2022,Unemployment rate - Total,15.4
332,Haiti,2022,Labour force participation - Male,69.2
332,Haiti,2022,Unemployment rate - Male,12.5
332,Haiti,2022,Labour force participation - Female,61.5
332,Haiti,2022,Unemployment rate - Female,18.6
340,Honduras,2005,Labour force participation - Total,61.7
340,Honduras,2005,Unemployment rate - Total,4.9
340,Honduras,2005,Labour force participation - Male,82.5
340,Honduras,2005,Unemployment rate - Male,4.1
340,Honduras,2005,Labour force participation - Female,41.6
340,Honduras,2005,Unemployment rate - Female,6.4
340,Honduras,2010,Labour force participation - Total,61.9
340,Honduras,2010,Unemployment rate - Total,4.1
340,Honduras,2010,Labour force participation - Male,81.6
340,Honduras,2010,Unemployment rate - Male,3.4
340,Honduras,2010,Labour force participation - Female,42.9
340,Honduras,2010,Unemployment rate - Female,5.4
340,Honduras,2015,Labour force participation - Total,64.1
340,Honduras,2015,Unemployment rate - Total,6.2
340,Honduras,2015,Labour force participation - Male,81.9
340,Honduras,2015,Unemployment rate - Male,4.5
340,Honduras,2015,Labour force participation - Female,46.7
340,Honduras,2015,Unemployment rate - Female,9
340,Honduras,2022,Labour force participation - Total,61.5
340,Honduras,2022,Unemployment rate - Total,8.4
340,Honduras,2022,Labour force participation - Male,79.9
340,Honduras,2022,Unemployment rate - Male,6.5
340,Honduras,2022,Labour force participation - Female,43.4
340,Honduras,2022,Unemployment rate - Female,11.8
348,Hungary,2005,Labour force participation - Total,50.2
348,Hungary,2005,Unemployment rate - Total,7.2
348,Hungary,2005,Labour force participation - Male,58.3
348,Hungary,2005,Unemployment rate - Male,7
348,Hungary,2005,Labour force participation - Female,43.1
348,Hungary,2005,Unemployment rate - Female,7.4
348,Hungary,2010,Labour force participation - Total,50.3
348,Hungary,2010,Unemployment rate - Total,11.2
348,Hungary,2010,Labour force participation - Male,57.8
348,Hungary,2010,Unemployment rate - Male,11.6
348,Hungary,2010,Labour force participation - Female,43.8
348,Hungary,2010,Unemployment rate - Female,10.7
348,Hungary,2015,Labour force participation - Total,54.8
348,Hungary,2015,Unemployment rate - Total,6.8
348,Hungary,2015,Labour force participation - Male,63.1
348,Hungary,2015,Unemployment rate - Male,6.6
348,Hungary,2015,Labour force participation - Female,47.4
348,Hungary,2015,Unemployment rate - Female,7
348,Hungary,2022,Labour force participation - Total,58.7
348,Hungary,2022,Unemployment rate - Total,3.8
348,Hungary,2022,Labour force participation - Male,67
348,Hungary,2022,Unemployment rate - Male,3.6
348,Hungary,2022,Labour force participation - Female,51.3
348,Hungary,2022,Unemployment rate - Female,4
352,Iceland,2005,Labour force participation - Total,75.8
352,Iceland,2005,Unemployment rate - Total,2.6
352,Iceland,2005,Labour force participation - Male,80.7
352,Iceland,2005,Unemployment rate - Male,2.6
352,Iceland,2005,Labour force participation - Female,70.9
352,Iceland,2005,Unemployment rate - Female,2.5
352,Iceland,2010,Labour force participation - Total,74.9
352,Iceland,2010,Unemployment rate - Total,7.6
352,Iceland,2010,Labour force participation - Male,79.1
352,Iceland,2010,Unemployment rate - Male,8.3
352,Iceland,2010,Labour force participation - Female,70.6
352,Iceland,2010,Unemployment rate - Female,6.7
352,Iceland,2015,Labour force participation - Total,77
352,Iceland,2015,Unemployment rate - Total,4
352,Iceland,2015,Labour force participation - Male,80.9
352,Iceland,2015,Unemployment rate - Male,3.9
352,Iceland,2015,Labour force participation - Female,73.1
352,Iceland,2015,Unemployment rate - Female,4.1
352,Iceland,2022,Labour force participation - Total,67.1
352,Iceland,2022,Unemployment rate - Total,3.7
352,Iceland,2022,Labour force participation - Male,71.5
352,Iceland,2022,Unemployment rate - Male,3.4
352,Iceland,2022,Labour force participation - Female,62.7
352,Iceland,2022,Unemployment rate - Female,4
356,India,2005,Labour force participation - Total,57.8
356,India,2005,Unemployment rate - Total,5.6
356,India,2005,Labour force participation - Male,82
356,India,2005,Unemployment rate - Male,5.5
356,India,2005,Labour force participation - Female,32
356,India,2005,Unemployment rate - Female,5.9
356,India,2010,Labour force participation - Total,53.5
356,India,2010,Unemployment rate - Total,5.5
356,India,2010,Labour force participation - Male,79.3
356,India,2010,Unemployment rate - Male,5.5
356,India,2010,Labour force participation - Female,26
356,India,2010,Unemployment rate - Female,5.7
356,India,2015,Labour force participation - Total,49.8
356,India,2015,Unemployment rate - Total,5.4
356,India,2015,Labour force participation - Male,75.9
356,India,2015,Unemployment rate - Male,5.4
356,India,2015,Labour force participation - Female,21.8
356,India,2015,Unemployment rate - Female,5.5
356,India,2022,Labour force participation - Total,46.4
356,India,2022,Unemployment rate - Total,5.4
356,India,2022,Labour force participation - Male,71.1
356,India,2022,Unemployment rate - Male,5.7
356,India,2022,Labour force participation - Female,19.9
356,India,2022,Unemployment rate - Female,4.3
360,Indonesia,2005,Labour force participation - Total,64.4
360,Indonesia,2005,Unemployment rate - Total,7.9
360,Indonesia,2005,Labour force participation - Male,82.9
360,Indonesia,2005,Unemployment rate - Male,6.8
360,Indonesia,2005,Labour force participation - Female,46
360,Indonesia,2005,Unemployment rate - Female,10
360,Indonesia,2010,Labour force participation - Total,66.6
360,Indonesia,2010,Unemployment rate - Total,5.6
360,Indonesia,2010,Labour force participation - Male,82.3
360,Indonesia,2010,Unemployment rate - Male,5.1
360,Indonesia,2010,Labour force participation - Female,50.9
360,Indonesia,2010,Unemployment rate - Female,6.4
360,Indonesia,2015,Labour force participation - Total,66.6
360,Indonesia,2015,Unemployment rate - Total,4.5
360,Indonesia,2015,Labour force participation - Male,82.4
360,Indonesia,2015,Unemployment rate - Male,4.6
360,Indonesia,2015,Labour force participation - Female,50.7
360,Indonesia,2015,Unemployment rate - Female,4.4
360,Indonesia,2022,Labour force participation - Total,67.6
360,Indonesia,2022,Unemployment rate - Total,4.4
360,Indonesia,2022,Labour force participation - Male,81.6
360,Indonesia,2022,Unemployment rate - Male,4.6
360,Indonesia,2022,Labour force participation - Female,53.7
360,Indonesia,2022,Unemployment rate - Female,3.9
364,Iran (Islamic Republic of),2005,Labour force participation - Total,45.4
364,Iran (Islamic Republic of),2005,Unemployment rate - Total,11.8
364,Iran (Islamic Republic of),2005,Labour force participation - Male,71.3
364,Iran (Islamic Republic of),2005,Unemployment rate - Male,10.3
364,Iran (Islamic Republic of),2005,Labour force participation - Female,18.6
364,Iran (Islamic Republic of),2005,Unemployment rate - Female,17.7
364,Iran (Islamic Republic of),2010,Labour force participation - Total,41.6
364,Iran (Islamic Republic of),2010,Unemployment rate - Total,13.7
364,Iran (Islamic Republic of),2010,Labour force participation - Male,67.7
364,Iran (Islamic Republic of),2010,Unemployment rate - Male,12.1
364,Iran (Islamic Republic of),2010,Labour force participation - Female,15.2
364,Iran (Islamic Republic of),2010,Unemployment rate - Female,20.7
364,Iran (Islamic Republic of),2015,Labour force participation - Total,41.4
364,Iran (Islamic Republic of),2015,Unemployment rate - Total,11.2
364,Iran (Islamic Republic of),2015,Labour force participation - Male,68
364,Iran (Islamic Republic of),2015,Unemployment rate - Male,9.4
364,Iran (Islamic Republic of),2015,Labour force participation - Female,14.3
364,Iran (Islamic Republic of),2015,Unemployment rate - Female,19.6
364,Iran (Islamic Republic of),2022,Labour force participation - Total,42.2
364,Iran (Islamic Republic of),2022,Unemployment rate - Total,11.1
364,Iran (Islamic Republic of),2022,Labour force participation - Male,69.1
364,Iran (Islamic Republic of),2022,Unemployment rate - Male,9.5
364,Iran (Islamic Republic of),2022,Labour force participation - Female,15.1
364,Iran (Islamic Republic of),2022,Unemployment rate - Female,18.4
368,Iraq,2005,Labour force participation - Total,41.8
368,Iraq,2005,Unemployment rate - Total,8.7
368,Iraq,2005,Labour force participation - Male,72.5
368,Iraq,2005,Unemployment rate - Male,8.9
368,Iraq,2005,Labour force participation - Female,11.3
368,Iraq,2005,Unemployment rate - Female,7.7
368,Iraq,2010,Labour force participation - Total,41.3
368,Iraq,2010,Unemployment rate - Total,8.3
368,Iraq,2010,Labour force participation - Male,70.8
368,Iraq,2010,Unemployment rate - Male,7.9
368,Iraq,2010,Labour force participation - Female,11.9
368,Iraq,2010,Unemployment rate - Female,10.5
368,Iraq,2015,Labour force participation - Total,43
368,Iraq,2015,Unemployment rate - Total,10.7
368,Iraq,2015,Labour force participation - Male,72
368,Iraq,2015,Unemployment rate - Male,8.5
368,Iraq,2015,Labour force participation - Female,14
368,Iraq,2015,Unemployment rate - Female,22.2
368,Iraq,2022,Labour force participation - Total,41.9
368,Iraq,2022,Unemployment rate - Total,13.3
368,Iraq,2022,Labour force participation - Male,72.3
368,Iraq,2022,Unemployment rate - Male,10.5
368,Iraq,2022,Labour force participation - Female,11.2
368,Iraq,2022,Unemployment rate - Female,31.3
372,Ireland,2005,Labour force participation - Total,65.1
372,Ireland,2005,Unemployment rate - Total,4.3
372,Ireland,2005,Labour force participation - Male,75.9
372,Ireland,2005,Unemployment rate - Male,4.6
372,Ireland,2005,Labour force participation - Female,54.5
372,Ireland,2005,Unemployment rate - Female,4
372,Ireland,2010,Labour force participation - Total,62.6
372,Ireland,2010,Unemployment rate - Total,14.5
372,Ireland,2010,Labour force participation - Male,70.2
372,Ireland,2010,Unemployment rate - Male,17.1
372,Ireland,2010,Labour force participation - Female,55.2
372,Ireland,2010,Unemployment rate - Female,11.4
372,Ireland,2015,Labour force participation - Total,61.8
372,Ireland,2015,Unemployment rate - Total,9.9
372,Ireland,2015,Labour force participation - Male,69.1
372,Ireland,2015,Unemployment rate - Male,10.7
372,Ireland,2015,Labour force participation - Female,54.9
372,Ireland,2015,Unemployment rate - Female,8.9
372,Ireland,2022,Labour force participation - Total,62.3
372,Ireland,2022,Unemployment rate - Total,6
372,Ireland,2022,Labour force participation - Male,68.4
372,Ireland,2022,Unemployment rate - Male,6.1
372,Ireland,2022,Labour force participation - Female,56.3
372,Ireland,2022,Unemployment rate - Female,5.9
833,Isle of Man,2001,Labour force participation - Total,63.3
833,Isle of Man,2001,Unemployment rate - Total,1.6
833,Isle of Man,2001,Labour force participation - Male,71.4
833,Isle of Man,2001,Unemployment rate - Male,1.7
833,Isle of Man,2001,Labour force participation - Female,55.7
833,Isle of Man,2001,Unemployment rate - Female,1.5
833,Isle of Man,2006,Labour force participation - Total,62.8
833,Isle of Man,2006,Unemployment rate - Total,2.4
833,Isle of Man,2006,Labour force participation - Male,69.9
833,Isle of Man,2006,Unemployment rate - Male,2.8
833,Isle of Man,2006,Labour force participation - Female,56.3
833,Isle of Man,2006,Unemployment rate - Female,2
833,Isle of Man,2011,Labour force participation - Total,63.3
833,Isle of Man,2011,Unemployment rate - Total,3.3
833,Isle of Man,2011,Labour force participation - Male,69.3
833,Isle of Man,2011,Unemployment rate - Male,3.8
833,Isle of Man,2011,Labour force participation - Female,57.5
833,Isle of Man,2011,Unemployment rate - Female,2.8
833,Isle of Man,2013,Unemployment rate - Total,2.6
833,Isle of Man,2013,Unemployment rate - Male,3.4
833,Isle of Man,2013,Unemployment rate - Female,1.7
376,Israel,2005,Labour force participation - Total,61.8
376,Israel,2005,Unemployment rate - Total,11.3
376,Israel,2005,Labour force participation - Male,68.7
376,Israel,2005,Unemployment rate - Male,11.1
376,Israel,2005,Labour force participation - Female,55.3
376,Israel,2005,Unemployment rate - Female,11.6
376,Israel,2010,Labour force participation - Total,63.3
376,Israel,2010,Unemployment rate - Total,8.5
376,Israel,2010,Labour force participation - Male,69.4
376,Israel,2010,Unemployment rate - Male,8.9
376,Israel,2010,Labour force participation - Female,57.5
376,Israel,2010,Unemployment rate - Female,8
376,Israel,2015,Labour force participation - Total,64.1
376,Israel,2015,Unemployment rate - Total,5.3
376,Israel,2015,Labour force participation - Male,69.3
376,Israel,2015,Unemployment rate - Male,5.1
376,Israel,2015,Labour force participation - Female,59.1
376,Israel,2015,Unemployment rate - Female,5.4
376,Israel,2022,Labour force participation - Total,62.7
376,Israel,2022,Unemployment rate - Total,4.7
376,Israel,2022,Labour force participation - Male,66.4
376,Israel,2022,Unemployment rate - Male,4.7
376,Israel,2022,Labour force participation - Female,59.1
376,Israel,2022,Unemployment rate - Female,4.7
380,Italy,2005,Labour force participation - Total,49.1
380,Italy,2005,Unemployment rate - Total,7.7
380,Italy,2005,Labour force participation - Male,61
380,Italy,2005,Unemployment rate - Male,6.2
380,Italy,2005,Labour force participation - Female,38.1
380,Italy,2005,Unemployment rate - Female,10
380,Italy,2010,Labour force participation - Total,48.2
380,Italy,2010,Unemployment rate - Total,8.4
380,Italy,2010,Labour force participation - Male,59.1
380,Italy,2010,Unemployment rate - Male,7.5
380,Italy,2010,Labour force participation - Female,38.2
380,Italy,2010,Unemployment rate - Female,9.6
380,Italy,2015,Labour force participation - Total,49
380,Italy,2015,Unemployment rate - Total,11.9
380,Italy,2015,Labour force participation - Male,58.9
380,Italy,2015,Unemployment rate - Male,11.3
380,Italy,2015,Labour force participation - Female,39.8
380,Italy,2015,Unemployment rate - Female,12.7
380,Italy,2022,Labour force participation - Total,48.9
380,Italy,2022,Unemployment rate - Total,9.5
380,Italy,2022,Labour force participation - Male,58.1
380,Italy,2022,Unemployment rate - Male,8.4
380,Italy,2022,Labour force participation - Female,40.4
380,Italy,2022,Unemployment rate - Female,11
388,Jamaica,2005,Labour force participation - Total,64.5
388,Jamaica,2005,Unemployment rate - Total,11.3
388,Jamaica,2005,Labour force participation - Male,73.6
388,Jamaica,2005,Unemployment rate - Male,7.6
388,Jamaica,2005,Labour force participation - Female,55.9
388,Jamaica,2005,Unemployment rate - Female,15.8
388,Jamaica,2010,Labour force participation - Total,62.4
388,Jamaica,2010,Unemployment rate - Total,12.4
388,Jamaica,2010,Labour force participation - Male,70.3
388,Jamaica,2010,Unemployment rate - Male,9.2
388,Jamaica,2010,Labour force participation - Female,54.7
388,Jamaica,2010,Unemployment rate - Female,16.3
388,Jamaica,2015,Labour force participation - Total,63.2
388,Jamaica,2015,Unemployment rate - Total,13.5
388,Jamaica,2015,Labour force participation - Male,70.3
388,Jamaica,2015,Unemployment rate - Male,9.9
388,Jamaica,2015,Labour force participation - Female,56.3
388,Jamaica,2015,Unemployment rate - Female,17.9
388,Jamaica,2022,Labour force participation - Total,61.7
388,Jamaica,2022,Unemployment rate - Total,8.3
388,Jamaica,2022,Labour force participation - Male,68.8
388,Jamaica,2022,Unemployment rate - Male,6.7
388,Jamaica,2022,Labour force participation - Female,54.9
388,Jamaica,2022,Unemployment rate - Female,10.3
392,Japan,2005,Labour force participation - Total,60.4
392,Japan,2005,Unemployment rate - Total,4.5
392,Japan,2005,Labour force participation - Male,73.2
392,Japan,2005,Unemployment rate - Male,4.6
392,Japan,2005,Labour force participation - Female,48.3
392,Japan,2005,Unemployment rate - Female,4.2
392,Japan,2010,Labour force participation - Total,59.6
392,Japan,2010,Unemployment rate - Total,5.1
392,Japan,2010,Labour force participation - Male,71.5
392,Japan,2010,Unemployment rate - Male,5.5
392,Japan,2010,Labour force participation - Female,48.3
392,Japan,2010,Unemployment rate - Female,4.6
392,Japan,2015,Labour force participation - Total,59.6
392,Japan,2015,Unemployment rate - Total,3.4
392,Japan,2015,Labour force participation - Male,70.3
392,Japan,2015,Unemployment rate - Male,3.6
392,Japan,2015,Labour force participation - Female,49.6
392,Japan,2015,Unemployment rate - Female,3.1
392,Japan,2022,Labour force participation - Total,61.7
392,Japan,2022,Unemployment rate - Total,2.6
392,Japan,2022,Labour force participation - Male,70.8
392,Japan,2022,Unemployment rate - Male,2.8
392,Japan,2022,Labour force participation - Female,53.1
392,Japan,2022,Unemployment rate - Female,2.4
400,Jordan,2005,Labour force participation - Total,39.5
400,Jordan,2005,Unemployment rate - Total,14.8
400,Jordan,2005,Labour force participation - Male,61.5
400,Jordan,2005,Unemployment rate - Male,12.4
400,Jordan,2005,Labour force participation - Female,15.8
400,Jordan,2005,Unemployment rate - Female,25
400,Jordan,2010,Labour force participation - Total,39.2
400,Jordan,2010,Unemployment rate - Total,12.5
400,Jordan,2010,Labour force participation - Male,61.3
400,Jordan,2010,Unemployment rate - Male,10.3
400,Jordan,2010,Labour force participation - Female,16.1
400,Jordan,2010,Unemployment rate - Female,21.4
400,Jordan,2015,Labour force participation - Total,40
400,Jordan,2015,Unemployment rate - Total,13.1
400,Jordan,2015,Labour force participation - Male,62.7
400,Jordan,2015,Unemployment rate - Male,10.8
400,Jordan,2015,Labour force participation - Female,16.6
400,Jordan,2015,Unemployment rate - Female,22.1
400,Jordan,2022,Labour force participation - Total,38.6
400,Jordan,2022,Unemployment rate - Total,18.8
400,Jordan,2022,Labour force participation - Male,63.1
400,Jordan,2022,Unemployment rate - Male,17.2
400,Jordan,2022,Labour force participation - Female,13.7
400,Jordan,2022,Unemployment rate - Female,26.7
398,Kazakhstan,2005,Labour force participation - Total,69.5
398,Kazakhstan,2005,Unemployment rate - Total,8.1
398,Kazakhstan,2005,Labour force participation - Male,74.9
398,Kazakhstan,2005,Unemployment rate - Male,6.7
398,Kazakhstan,2005,Labour force participation - Female,64.6
398,Kazakhstan,2005,Unemployment rate - Female,9.6
398,Kazakhstan,2010,Labour force participation - Total,70.4
398,Kazakhstan,2010,Unemployment rate - Total,5.8
398,Kazakhstan,2010,Labour force participation - Male,75.9
398,Kazakhstan,2010,Unemployment rate - Male,4.9
398,Kazakhstan,2010,Labour force participation - Female,65.4
398,Kazakhstan,2010,Unemployment rate - Female,6.6
398,Kazakhstan,2015,Labour force participation - Total,70.9
398,Kazakhstan,2015,Unemployment rate - Total,4.9
398,Kazakhstan,2015,Labour force participation - Male,77
398,Kazakhstan,2015,Unemployment rate - Male,4.4
398,Kazakhstan,2015,Labour force participation - Female,65.4
398,Kazakhstan,2015,Unemployment rate - Female,5.5
398,Kazakhstan,2022,Labour force participation - Total,69
398,Kazakhstan,2022,Unemployment rate - Total,4.9
398,Kazakhstan,2022,Labour force participation - Male,75.5
398,Kazakhstan,2022,Unemployment rate - Male,4.3
398,Kazakhstan,2022,Labour force participation - Female,63.2
398,Kazakhstan,2022,Unemployment rate - Female,5.4
404,Kenya,2005,Labour force participation - Total,73.1
404,Kenya,2005,Unemployment rate - Total,2.9
404,Kenya,2005,Labour force participation - Male,75.5
404,Kenya,2005,Unemployment rate - Male,2.7
404,Kenya,2005,Labour force participation - Female,70.8
404,Kenya,2005,Unemployment rate - Female,3.2
404,Kenya,2010,Labour force participation - Total,73.7
404,Kenya,2010,Unemployment rate - Total,2.8
404,Kenya,2010,Labour force participation - Male,76.4
404,Kenya,2010,Unemployment rate - Male,2.6
404,Kenya,2010,Labour force participation - Female,71.1
404,Kenya,2010,Unemployment rate - Female,3.1
404,Kenya,2015,Labour force participation - Total,74.3
404,Kenya,2015,Unemployment rate - Total,2.8
404,Kenya,2015,Labour force participation - Male,77.3
404,Kenya,2015,Unemployment rate - Male,2.6
404,Kenya,2015,Labour force participation - Female,71.4
404,Kenya,2015,Unemployment rate - Female,3
404,Kenya,2022,Labour force participation - Total,73.6
404,Kenya,2022,Unemployment rate - Total,5.5
404,Kenya,2022,Labour force participation - Male,75.7
404,Kenya,2022,Unemployment rate - Male,5.2
404,Kenya,2022,Labour force participation - Female,71.5
404,Kenya,2022,Unemployment rate - Female,5.9
296,Kiribati,2005,Labour force participation - Total,26.4
296,Kiribati,2005,Unemployment rate - Total,14.7
296,Kiribati,2005,Labour force participation - Male,32.8
296,Kiribati,2005,Unemployment rate - Male,12.3
296,Kiribati,2005,Labour force participation - Female,20.4
296,Kiribati,2005,Unemployment rate - Female,18.2
296,Kiribati,2010,Labour force participation - Total,59.3
296,Kiribati,2010,Unemployment rate - Total,30.6
296,Kiribati,2010,Labour force participation - Male,66.8
296,Kiribati,2010,Unemployment rate - Male,27.6
296,Kiribati,2010,Labour force participation - Female,52.3
296,Kiribati,2010,Unemployment rate - Female,34.1
412,Kosovo,2005,Labour force participation - Total,48.7
412,Kosovo,2005,Unemployment rate - Total,41.4
412,Kosovo,2005,Labour force participation - Male,68.3
412,Kosovo,2005,Unemployment rate - Male,32.9
412,Kosovo,2005,Labour force participation - Female,29.7
412,Kosovo,2005,Unemployment rate - Female,60.5
412,Kosovo,2009,Labour force participation - Total,47.7
412,Kosovo,2009,Unemployment rate - Total,45.4
412,Kosovo,2009,Labour force participation - Male,66.9
412,Kosovo,2009,Unemployment rate - Male,56.4
412,Kosovo,2009,Labour force participation - Female,28.7
412,Kosovo,2009,Unemployment rate - Female,40.7
412,Kosovo,2012,Labour force participation - Total,37.1
412,Kosovo,2012,Unemployment rate - Total,30.9
412,Kosovo,2012,Labour force participation - Male,55.5
412,Kosovo,2012,Unemployment rate - Male,28.1
412,Kosovo,2012,Labour force participation - Female,17.9
412,Kosovo,2012,Unemployment rate - Female,40
412,Kosovo,2013,Labour force participation - Total,40.6
412,Kosovo,2013,Labour force participation - Male,60.2
412,Kosovo,2013,Labour force participation - Female,21.1
414,Kuwait,2005,Labour force participation - Total,67.6
414,Kuwait,2005,Unemployment rate - Total,1.5
414,Kuwait,2005,Labour force participation - Male,80.8
414,Kuwait,2005,Unemployment rate - Male,0.9
414,Kuwait,2005,Labour force participation - Female,46.2
414,Kuwait,2005,Unemployment rate - Female,3.2
414,Kuwait,2010,Labour force participation - Total,70.5
414,Kuwait,2010,Unemployment rate - Total,1.8
414,Kuwait,2010,Labour force participation - Male,85.3
414,Kuwait,2010,Unemployment rate - Male,1.4
414,Kuwait,2010,Labour force participation - Female,48.5
414,Kuwait,2010,Unemployment rate - Female,2.8
414,Kuwait,2015,Labour force participation - Total,73.3
414,Kuwait,2015,Unemployment rate - Total,2.2
414,Kuwait,2015,Labour force participation - Male,88.3
414,Kuwait,2015,Unemployment rate - Male,1.3
414,Kuwait,2015,Labour force participation - Female,50.1
414,Kuwait,2015,Unemployment rate - Female,4.7
414,Kuwait,2022,Labour force participation - Total,72.4
414,Kuwait,2022,Unemployment rate - Total,3.4
414,Kuwait,2022,Labour force participation - Male,85.8
414,Kuwait,2022,Unemployment rate - Male,1.8
414,Kuwait,2022,Labour force participation - Female,49.2
414,Kuwait,2022,Unemployment rate - Female,8.5
417,Kyrgyzstan,2005,Labour force participation - Total,64.6
417,Kyrgyzstan,2005,Unemployment rate - Total,8.1
417,Kyrgyzstan,2005,Labour force participation - Male,75.8
417,Kyrgyzstan,2005,Unemployment rate - Male,7.4
417,Kyrgyzstan,2005,Labour force participation - Female,53.8
417,Kyrgyzstan,2005,Unemployment rate - Female,9.1
417,Kyrgyzstan,2010,Labour force participation - Total,64.3
417,Kyrgyzstan,2010,Unemployment rate - Total,8.6
417,Kyrgyzstan,2010,Labour force participation - Male,76.8
417,Kyrgyzstan,2010,Unemployment rate - Male,7.7
417,Kyrgyzstan,2010,Labour force participation - Female,52.4
417,Kyrgyzstan,2010,Unemployment rate - Female,9.9
417,Kyrgyzstan,2015,Labour force participation - Total,62.4
417,Kyrgyzstan,2015,Unemployment rate - Total,7.6
417,Kyrgyzstan,2015,Labour force participation - Male,75.5
417,Kyrgyzstan,2015,Unemployment rate - Male,6.5
417,Kyrgyzstan,2015,Labour force participation - Female,49.9
417,Kyrgyzstan,2015,Unemployment rate - Female,9
417,Kyrgyzstan,2022,Labour force participation - Total,57.3
417,Kyrgyzstan,2022,Unemployment rate - Total,8.8
417,Kyrgyzstan,2022,Labour force participation - Male,72.4
417,Kyrgyzstan,2022,Unemployment rate - Male,7.2
417,Kyrgyzstan,2022,Labour force participation - Female,43
417,Kyrgyzstan,2022,Unemployment rate - Female,11.3
418,Lao People's Dem. Rep.,2005,Labour force participation - Total,79.3
418,Lao People's Dem. Rep.,2005,Unemployment rate - Total,1.4
418,Lao People's Dem. Rep.,2005,Labour force participation - Male,80.8
418,Lao People's Dem. Rep.,2005,Unemployment rate - Male,1.3
418,Lao People's Dem. Rep.,2005,Labour force participation - Female,77.9
418,Lao People's Dem. Rep.,2005,Unemployment rate - Female,1.4
418,Lao People's Dem. Rep.,2010,Labour force participation - Total,78.2
418,Lao People's Dem. Rep.,2010,Unemployment rate - Total,0.7
418,Lao People's Dem. Rep.,2010,Labour force participation - Male,79.8
418,Lao People's Dem. Rep.,2010,Unemployment rate - Male,0.8
418,Lao People's Dem. Rep.,2010,Labour force participation - Female,76.7
418,Lao People's Dem. Rep.,2010,Unemployment rate - Female,0.7
418,Lao People's Dem. Rep.,2015,Labour force participation - Total,77.6
418,Lao People's Dem. Rep.,2015,Unemployment rate - Total,0.8
418,Lao People's Dem. Rep.,2015,Labour force participation - Male,79.1
418,Lao People's Dem. Rep.,2015,Unemployment rate - Male,0.8
418,Lao People's Dem. Rep.,2015,Labour force participation - Female,76.1
418,Lao People's Dem. Rep.,2015,Unemployment rate - Female,0.7
418,Lao People's Dem. Rep.,2022,Labour force participation - Total,76.6
418,Lao People's Dem. Rep.,2022,Unemployment rate - Total,1.3
418,Lao People's Dem. Rep.,2022,Labour force participation - Male,78.2
418,Lao People's Dem. Rep.,2022,Unemployment rate - Male,1.3
418,Lao People's Dem. Rep.,2022,Labour force participation - Female,75.1
418,Lao People's Dem. Rep.,2022,Unemployment rate - Female,1.2
428,Latvia,2005,Labour force participation - Total,57.4
428,Latvia,2005,Unemployment rate - Total,10
428,Latvia,2005,Labour force participation - Male,65.6
428,Latvia,2005,Unemployment rate - Male,10.1
428,Latvia,2005,Labour force participation - Female,50.7
428,Latvia,2005,Unemployment rate - Female,10
428,Latvia,2010,Labour force participation - Total,58.9
428,Latvia,2010,Unemployment rate - Total,19.5
428,Latvia,2010,Labour force participation - Male,65
428,Latvia,2010,Unemployment rate - Male,22.7
428,Latvia,2010,Labour force participation - Female,53.9
428,Latvia,2010,Unemployment rate - Female,16.3
428,Latvia,2015,Labour force participation - Total,60.1
428,Latvia,2015,Unemployment rate - Total,9.9
428,Latvia,2015,Labour force participation - Male,67.4
428,Latvia,2015,Unemployment rate - Male,11.1
428,Latvia,2015,Labour force participation - Female,54.1
428,Latvia,2015,Unemployment rate - Female,8.6
428,Latvia,2022,Labour force participation - Total,60.2
428,Latvia,2022,Unemployment rate - Total,7.1
428,Latvia,2022,Labour force participation - Male,66.9
428,Latvia,2022,Unemployment rate - Male,7.8
428,Latvia,2022,Labour force participation - Female,54.7
428,Latvia,2022,Unemployment rate - Female,6.3
422,Lebanon,2005,Labour force participation - Total,43.8
422,Lebanon,2005,Unemployment rate - Total,8.3
422,Lebanon,2005,Labour force participation - Male,66.3
422,Lebanon,2005,Unemployment rate - Male,7.8
422,Lebanon,2005,Labour force participation - Female,20
422,Lebanon,2005,Unemployment rate - Female,9.8
422,Lebanon,2010,Labour force participation - Total,42.5
422,Lebanon,2010,Unemployment rate - Total,6.8
422,Lebanon,2010,Labour force participation - Male,63.3
422,Lebanon,2010,Unemployment rate - Male,5.6
422,Lebanon,2010,Labour force participation - Female,20.9
422,Lebanon,2010,Unemployment rate - Female,10.9
422,Lebanon,2015,Labour force participation - Total,43.3
422,Lebanon,2015,Unemployment rate - Total,9.3
422,Lebanon,2015,Labour force participation - Male,65.7
422,Lebanon,2015,Unemployment rate - Male,8.1
422,Lebanon,2015,Labour force participation - Female,21.1
422,Lebanon,2015,Unemployment rate - Female,13
422,Lebanon,2022,Labour force participation - Total,43.1
422,Lebanon,2022,Unemployment rate - Total,14.2
422,Lebanon,2022,Labour force participation - Male,65
422,Lebanon,2022,Unemployment rate - Male,12.9
422,Lebanon,2022,Labour force participation - Female,21.2
422,Lebanon,2022,Unemployment rate - Female,18.4
426,Lesotho,2005,Labour force participation - Total,69.8
426,Lesotho,2005,Unemployment rate - Total,31.3
426,Lesotho,2005,Labour force participation - Male,77
426,Lesotho,2005,Unemployment rate - Male,26.1
426,Lesotho,2005,Labour force participation - Female,63.3
426,Lesotho,2005,Unemployment rate - Female,37
426,Lesotho,2010,Labour force participation - Total,67
426,Lesotho,2010,Unemployment rate - Total,27.1
426,Lesotho,2010,Labour force participation - Male,75.1
426,Lesotho,2010,Unemployment rate - Male,23.9
426,Lesotho,2010,Labour force participation - Female,59.5
426,Lesotho,2010,Unemployment rate - Female,30.7
426,Lesotho,2015,Labour force participation - Total,65.1
426,Lesotho,2015,Unemployment rate - Total,23.8
426,Lesotho,2015,Labour force participation - Male,73.2
426,Lesotho,2015,Unemployment rate - Male,22.5
426,Lesotho,2015,Labour force participation - Female,57.4
426,Lesotho,2015,Unemployment rate - Female,25.4
426,Lesotho,2022,Labour force participation - Total,64.1
426,Lesotho,2022,Unemployment rate - Total,23.9
426,Lesotho,2022,Labour force participation - Male,71.6
426,Lesotho,2022,Unemployment rate - Male,23.8
426,Lesotho,2022,Labour force participation - Female,56.8
426,Lesotho,2022,Unemployment rate - Female,24
430,Liberia,2005,Labour force participation - Total,77.2
430,Liberia,2005,Unemployment rate - Total,2.2
430,Liberia,2005,Labour force participation - Male,82.8
430,Liberia,2005,Unemployment rate - Male,2.1
430,Liberia,2005,Labour force participation - Female,71.7
430,Liberia,2005,Unemployment rate - Female,2.3
430,Liberia,2010,Labour force participation - Total,77.2
430,Liberia,2010,Unemployment rate - Total,2.3
430,Liberia,2010,Labour force participation - Male,82.9
430,Liberia,2010,Unemployment rate - Male,2.2
430,Liberia,2010,Labour force participation - Female,71.6
430,Liberia,2010,Unemployment rate - Female,2.3
430,Liberia,2015,Labour force participation - Total,77
430,Liberia,2015,Unemployment rate - Total,2.1
430,Liberia,2015,Labour force participation - Male,82.2
430,Liberia,2015,Unemployment rate - Male,2.3
430,Liberia,2015,Labour force participation - Female,71.8
430,Liberia,2015,Unemployment rate - Female,1.8
430,Liberia,2022,Labour force participation - Total,75.6
430,Liberia,2022,Unemployment rate - Total,3.9
430,Liberia,2022,Labour force participation - Male,80.2
430,Liberia,2022,Unemployment rate - Male,4.5
430,Liberia,2022,Labour force participation - Female,71.1
430,Liberia,2022,Unemployment rate - Female,3.2
434,Libya,2005,Labour force participation - Total,47.9
434,Libya,2005,Unemployment rate - Total,19.4
434,Libya,2005,Labour force participation - Male,61.5
434,Libya,2005,Unemployment rate - Male,16.3
434,Libya,2005,Labour force participation - Female,33.3
434,Libya,2005,Unemployment rate - Female,25.5
434,Libya,2010,Labour force participation - Total,47.8
434,Libya,2010,Unemployment rate - Total,19.3
434,Libya,2010,Labour force participation - Male,61.3
434,Libya,2010,Unemployment rate - Male,16.1
434,Libya,2010,Labour force participation - Female,33.9
434,Libya,2010,Unemployment rate - Female,25.3
434,Libya,2015,Labour force participation - Total,47.6
434,Libya,2015,Unemployment rate - Total,19.5
434,Libya,2015,Labour force participation - Male,61.2
434,Libya,2015,Unemployment rate - Male,16.3
434,Libya,2015,Labour force participation - Female,33.9
434,Libya,2015,Unemployment rate - Female,25.5
434,Libya,2022,Labour force participation - Total,47.7
434,Libya,2022,Unemployment rate - Total,19.5
434,Libya,2022,Labour force participation - Male,61.1
434,Libya,2022,Unemployment rate - Male,15.6
434,Libya,2022,Labour force participation - Female,34.2
434,Libya,2022,Unemployment rate - Female,26.5
438,Liechtenstein,2005,Labour force participation - Total,63
438,Liechtenstein,2005,Labour force participation - Male,73.7
438,Liechtenstein,2005,Labour force participation - Female,52.8
438,Liechtenstein,2010,Labour force participation - Total,61.6
438,Liechtenstein,2010,Unemployment rate - Total,2.6
438,Liechtenstein,2010,Labour force participation - Male,70.9
438,Liechtenstein,2010,Unemployment rate - Male,2.3
438,Liechtenstein,2010,Labour force participation - Female,52.6
438,Liechtenstein,2010,Unemployment rate - Female,3.1
438,Liechtenstein,2013,Labour force participation - Total,61.9
438,Liechtenstein,2013,Unemployment rate - Total,2.6
438,Liechtenstein,2013,Labour force participation - Male,70.6
438,Liechtenstein,2013,Unemployment rate - Male,2.3
438,Liechtenstein,2013,Labour force participation - Female,53.5
438,Liechtenstein,2013,Unemployment rate - Female,3.1
440,Lithuania,2005,Labour force participation - Total,56.3
440,Lithuania,2005,Unemployment rate - Total,8.3
440,Lithuania,2005,Labour force participation - Male,62.9
440,Lithuania,2005,Unemployment rate - Male,8.1
440,Lithuania,2005,Labour force participation - Female,50.8
440,Lithuania,2005,Unemployment rate - Female,8.5
440,Lithuania,2010,Labour force participation - Total,56.8
440,Lithuania,2010,Unemployment rate - Total,17.8
440,Lithuania,2010,Labour force participation - Male,62
440,Lithuania,2010,Unemployment rate - Male,21.2
440,Lithuania,2010,Labour force participation - Female,52.5
440,Lithuania,2010,Unemployment rate - Female,14.5
440,Lithuania,2015,Labour force participation - Total,59.2
440,Lithuania,2015,Unemployment rate - Total,9.1
440,Lithuania,2015,Labour force participation - Male,64.9
440,Lithuania,2015,Unemployment rate - Male,10.1
440,Lithuania,2015,Labour force participation - Female,54.4
440,Lithuania,2015,Unemployment rate - Female,8.2
440,Lithuania,2022,Labour force participation - Total,62.1
440,Lithuania,2022,Unemployment rate - Total,7.7
440,Lithuania,2022,Labour force participation - Male,67.8
440,Lithuania,2022,Unemployment rate - Male,8.2
440,Lithuania,2022,Labour force participation - Female,57.4
440,Lithuania,2022,Unemployment rate - Female,7.2
442,Luxembourg,2005,Labour force participation - Total,55.6
442,Luxembourg,2005,Unemployment rate - Total,4.5
442,Luxembourg,2005,Labour force participation - Male,65.1
442,Luxembourg,2005,Unemployment rate - Male,3.5
442,Luxembourg,2005,Labour force participation - Female,46.4
442,Luxembourg,2005,Unemployment rate - Female,5.8
442,Luxembourg,2010,Labour force participation - Total,57.7
442,Luxembourg,2010,Unemployment rate - Total,4.4
442,Luxembourg,2010,Labour force participation - Male,65.8
442,Luxembourg,2010,Unemployment rate - Male,3.8
442,Luxembourg,2010,Labour force participation - Female,49.8
442,Luxembourg,2010,Unemployment rate - Female,5.1
442,Luxembourg,2015,Labour force participation - Total,60
442,Luxembourg,2015,Unemployment rate - Total,6.7
442,Luxembourg,2015,Labour force participation - Male,65.4
442,Luxembourg,2015,Unemployment rate - Male,6.1
442,Luxembourg,2015,Labour force participation - Female,54.6
442,Luxembourg,2015,Unemployment rate - Female,7.3
442,Luxembourg,2022,Labour force participation - Total,62
442,Luxembourg,2022,Unemployment rate - Total,4.9
442,Luxembourg,2022,Labour force participation - Male,65.6
442,Luxembourg,2022,Unemployment rate - Male,4.5
442,Luxembourg,2022,Labour force participation - Female,58.3
442,Luxembourg,2022,Unemployment rate - Female,5.4
450,Madagascar,2005,Labour force participation - Total,86.9
450,Madagascar,2005,Unemployment rate - Total,2.6
450,Madagascar,2005,Labour force participation - Male,89.4
450,Madagascar,2005,Unemployment rate - Male,1.8
450,Madagascar,2005,Labour force participation - Female,84.6
450,Madagascar,2005,Unemployment rate - Female,3.5
450,Madagascar,2010,Labour force participation - Total,86.7
450,Madagascar,2010,Unemployment rate - Total,4.3
450,Madagascar,2010,Labour force participation - Male,89.3
450,Madagascar,2010,Unemployment rate - Male,3.3
450,Madagascar,2010,Labour force participation - Female,84.1
450,Madagascar,2010,Unemployment rate - Female,5.3
450,Madagascar,2015,Labour force participation - Total,86.4
450,Madagascar,2015,Unemployment rate - Total,1.8
450,Madagascar,2015,Labour force participation - Male,89.2
450,Madagascar,2015,Unemployment rate - Male,1.8
450,Madagascar,2015,Labour force participation - Female,83.6
450,Madagascar,2015,Unemployment rate - Female,1.8
450,Madagascar,2022,Labour force participation - Total,85.2
450,Madagascar,2022,Unemployment rate - Total,2.4
450,Madagascar,2022,Labour force participation - Male,87.8
450,Madagascar,2022,Unemployment rate - Male,2.3
450,Madagascar,2022,Labour force participation - Female,82.6
450,Madagascar,2022,Unemployment rate - Female,2.5
454,Malawi,2005,Labour force participation - Total,77.5
454,Malawi,2005,Unemployment rate - Total,5.8
454,Malawi,2005,Labour force participation - Male,81.1
454,Malawi,2005,Unemployment rate - Male,4.9
454,Malawi,2005,Labour force participation - Female,74.1
454,Malawi,2005,Unemployment rate - Female,6.8
454,Malawi,2010,Labour force participation - Total,77.7
454,Malawi,2010,Unemployment rate - Total,5.9
454,Malawi,2010,Labour force participation - Male,82.4
454,Malawi,2010,Unemployment rate - Male,4.9
454,Malawi,2010,Labour force participation - Female,73.2
454,Malawi,2010,Unemployment rate - Female,6.9
454,Malawi,2015,Labour force participation - Total,77.6
454,Malawi,2015,Unemployment rate - Total,5.9
454,Malawi,2015,Labour force participation - Male,82.7
454,Malawi,2015,Unemployment rate - Male,4.6
454,Malawi,2015,Labour force participation - Female,72.8
454,Malawi,2015,Unemployment rate - Female,7.2
454,Malawi,2022,Labour force participation - Total,76.4
454,Malawi,2022,Unemployment rate - Total,7
454,Malawi,2022,Labour force participation - Male,80.4
454,Malawi,2022,Unemployment rate - Male,5.2
454,Malawi,2022,Labour force participation - Female,72.7
454,Malawi,2022,Unemployment rate - Female,8.9
458,Malaysia,2005,Labour force participation - Total,60.9
458,Malaysia,2005,Unemployment rate - Total,3.5
458,Malaysia,2005,Labour force participation - Male,77.1
458,Malaysia,2005,Unemployment rate - Male,3.4
458,Malaysia,2005,Labour force participation - Female,43.9
458,Malaysia,2005,Unemployment rate - Female,3.7
458,Malaysia,2010,Labour force participation - Total,60.4
458,Malaysia,2010,Unemployment rate - Total,3.4
458,Malaysia,2010,Labour force participation - Male,76.2
458,Malaysia,2010,Unemployment rate - Male,3.3
458,Malaysia,2010,Labour force participation - Female,43.5
458,Malaysia,2010,Unemployment rate - Female,3.6
458,Malaysia,2015,Labour force participation - Total,64.5
458,Malaysia,2015,Unemployment rate - Total,3.1
458,Malaysia,2015,Labour force participation - Male,77.6
458,Malaysia,2015,Unemployment rate - Male,2.9
458,Malaysia,2015,Labour force participation - Female,50.5
458,Malaysia,2015,Unemployment rate - Female,3.4
458,Malaysia,2022,Labour force participation - Total,64.7
458,Malaysia,2022,Unemployment rate - Total,4.2
458,Malaysia,2022,Labour force participation - Male,77.5
458,Malaysia,2022,Unemployment rate - Male,4.1
458,Malaysia,2022,Labour force participation - Female,51.2
458,Malaysia,2022,Unemployment rate - Female,4.4
462,Maldives,2005,Labour force participation - Total,53.3
462,Maldives,2005,Unemployment rate - Total,7.2
462,Maldives,2005,Labour force participation - Male,68.1
462,Maldives,2005,Unemployment rate - Male,6.4
462,Maldives,2005,Labour force participation - Female,37
462,Maldives,2005,Unemployment rate - Female,8.8
462,Maldives,2010,Labour force participation - Total,52.9
462,Maldives,2010,Unemployment rate - Total,11.3
462,Maldives,2010,Labour force participation - Male,65.8
462,Maldives,2010,Unemployment rate - Male,10.4
462,Maldives,2010,Labour force participation - Female,36.9
462,Maldives,2010,Unemployment rate - Female,13.2
462,Maldives,2015,Labour force participation - Total,56.8
462,Maldives,2015,Unemployment rate - Total,6.9
462,Maldives,2015,Labour force participation - Male,68.3
462,Maldives,2015,Unemployment rate - Male,7
462,Maldives,2015,Labour force participation - Female,38.3
462,Maldives,2015,Unemployment rate - Female,6.8
462,Maldives,2022,Labour force participation - Total,56.7
462,Maldives,2022,Unemployment rate - Total,5.2
462,Maldives,2022,Labour force participation - Male,68.3
462,Maldives,2022,Unemployment rate - Male,5.3
462,Maldives,2022,Labour force participation - Female,35.2
462,Maldives,2022,Unemployment rate - Female,4.9
466,Mali,2005,Labour force participation - Total,70.3
466,Mali,2005,Unemployment rate - Total,9.7
466,Mali,2005,Labour force participation - Male,80.4
466,Mali,2005,Unemployment rate - Male,8.3
466,Mali,2005,Labour force participation - Female,60.7
466,Mali,2005,Unemployment rate - Female,11.5
466,Mali,2010,Labour force participation - Total,70.5
466,Mali,2010,Unemployment rate - Total,8.1
466,Mali,2010,Labour force participation - Male,80.8
466,Mali,2010,Unemployment rate - Male,5.9
466,Mali,2010,Labour force participation - Female,60.5
466,Mali,2010,Unemployment rate - Female,10.9
466,Mali,2015,Labour force participation - Total,70.6
466,Mali,2015,Unemployment rate - Total,7.7
466,Mali,2015,Labour force participation - Male,80
466,Mali,2015,Unemployment rate - Male,6.9
466,Mali,2015,Labour force participation - Female,61.4
466,Mali,2015,Unemployment rate - Female,8.8
466,Mali,2022,Labour force participation - Total,68.8
466,Mali,2022,Unemployment rate - Total,7.5
466,Mali,2022,Labour force participation - Male,79.9
466,Mali,2022,Unemployment rate - Male,6.7
466,Mali,2022,Labour force participation - Female,58
466,Mali,2022,Unemployment rate - Female,8.6
470,Malta,2005,Labour force participation - Total,49.1
470,Malta,2005,Unemployment rate - Total,6.9
470,Malta,2005,Labour force participation - Male,68.4
470,Malta,2005,Unemployment rate - Male,6.3
470,Malta,2005,Labour force participation - Female,30.3
470,Malta,2005,Unemployment rate - Female,8.4
470,Malta,2010,Labour force participation - Total,50.8
470,Malta,2010,Unemployment rate - Total,6.9
470,Malta,2010,Labour force participation - Male,67.1
470,Malta,2010,Unemployment rate - Male,6.7
470,Malta,2010,Labour force participation - Female,34.8
470,Malta,2010,Unemployment rate - Female,7.1
470,Malta,2015,Labour force participation - Total,55.7
470,Malta,2015,Unemployment rate - Total,5.4
470,Malta,2015,Labour force participation - Male,68
470,Malta,2015,Unemployment rate - Male,5.4
470,Malta,2015,Labour force participation - Female,43.6
470,Malta,2015,Unemployment rate - Female,5.4
470,Malta,2022,Labour force participation - Total,61.4
470,Malta,2022,Unemployment rate - Total,3.1
470,Malta,2022,Labour force participation - Male,70.7
470,Malta,2022,Unemployment rate - Male,3.5
470,Malta,2022,Labour force participation - Female,52.1
470,Malta,2022,Unemployment rate - Female,2.7
584,Marshall Islands,2006,Labour force participation - Total,44.6
584,Marshall Islands,2011,Unemployment rate - Total,4.7
584,Marshall Islands,2011,Unemployment rate - Male,4.9
584,Marshall Islands,2011,Unemployment rate - Female,4.5
474,Martinique,2005,Labour force participation - Total,43.6
474,Martinique,2005,Unemployment rate - Total,18.7
474,Martinique,2005,Labour force participation - Male,48.5
474,Martinique,2005,Unemployment rate - Male,16.9
474,Martinique,2005,Labour force participation - Female,39.6
474,Martinique,2005,Unemployment rate - Female,20.4
474,Martinique,2010,Labour force participation - Total,45.9
474,Martinique,2010,Unemployment rate - Total,21
474,Martinique,2010,Labour force participation - Male,49.1
474,Martinique,2010,Unemployment rate - Male,19.7
474,Martinique,2010,Labour force participation - Female,43.3
474,Martinique,2010,Unemployment rate - Female,22.2
474,Martinique,2013,Labour force participation - Total,53.1
474,Martinique,2013,Unemployment rate - Total,22.8
474,Martinique,2013,Labour force participation - Male,53.8
474,Martinique,2013,Unemployment rate - Male,22.8
474,Martinique,2013,Labour force participation - Female,52.6
474,Martinique,2013,Unemployment rate - Female,22.8
478,Mauritania,2005,Labour force participation - Total,48.4
478,Mauritania,2005,Unemployment rate - Total,9.8
478,Mauritania,2005,Labour force participation - Male,68.4
478,Mauritania,2005,Unemployment rate - Male,8.7
478,Mauritania,2005,Labour force participation - Female,28.9
478,Mauritania,2005,Unemployment rate - Female,12.4
478,Mauritania,2010,Labour force participation - Total,46.3
478,Mauritania,2010,Unemployment rate - Total,9.9
478,Mauritania,2010,Labour force participation - Male,64.7
478,Mauritania,2010,Unemployment rate - Male,8.7
478,Mauritania,2010,Labour force participation - Female,28.2
478,Mauritania,2010,Unemployment rate - Female,12.6
478,Mauritania,2015,Labour force participation - Total,45.3
478,Mauritania,2015,Unemployment rate - Total,10.1
478,Mauritania,2015,Labour force participation - Male,63
478,Mauritania,2015,Unemployment rate - Male,9.3
478,Mauritania,2015,Labour force participation - Female,27.9
478,Mauritania,2015,Unemployment rate - Female,12
478,Mauritania,2022,Labour force participation - Total,44.9
478,Mauritania,2022,Unemployment rate - Total,11.2
478,Mauritania,2022,Labour force participation - Male,62.3
478,Mauritania,2022,Unemployment rate - Male,10.5
478,Mauritania,2022,Labour force participation - Female,27.5
478,Mauritania,2022,Unemployment rate - Female,12.6
480,Mauritius,2005,Labour force participation - Total,58.7
480,Mauritius,2005,Unemployment rate - Total,9.5
480,Mauritius,2005,Labour force participation - Male,76.9
480,Mauritius,2005,Unemployment rate - Male,5.8
480,Mauritius,2005,Labour force participation - Female,41
480,Mauritius,2005,Unemployment rate - Female,16.3
480,Mauritius,2010,Labour force participation - Total,58.1
480,Mauritius,2010,Unemployment rate - Total,7.7
480,Mauritius,2010,Labour force participation - Male,73.9
480,Mauritius,2010,Unemployment rate - Male,4.5
480,Mauritius,2010,Labour force participation - Female,42.8
480,Mauritius,2010,Unemployment rate - Female,12.9
480,Mauritius,2015,Labour force participation - Total,59.1
480,Mauritius,2015,Unemployment rate - Total,7.4
480,Mauritius,2015,Labour force participation - Male,73.2
480,Mauritius,2015,Unemployment rate - Male,5.3
480,Mauritius,2015,Labour force participation - Female,45.4
480,Mauritius,2015,Unemployment rate - Female,10.7
480,Mauritius,2022,Labour force participation - Total,57.2
480,Mauritius,2022,Unemployment rate - Total,6.9
480,Mauritius,2022,Labour force participation - Male,70.9
480,Mauritius,2022,Unemployment rate - Male,4.5
480,Mauritius,2022,Labour force participation - Female,44.1
480,Mauritius,2022,Unemployment rate - Female,10.6
484,Mexico,2005,Labour force participation - Total,59.3
484,Mexico,2005,Unemployment rate - Total,3.6
484,Mexico,2005,Labour force participation - Male,79.6
484,Mexico,2005,Unemployment rate - Male,3.4
484,Mexico,2005,Labour force participation - Female,40.6
484,Mexico,2005,Unemployment rate - Female,3.9
484,Mexico,2010,Labour force participation - Total,59.7
484,Mexico,2010,Unemployment rate - Total,5.3
484,Mexico,2010,Labour force participation - Male,78.4
484,Mexico,2010,Unemployment rate - Male,5.4
484,Mexico,2010,Labour force participation - Female,42.3
484,Mexico,2010,Unemployment rate - Female,5.2
484,Mexico,2015,Labour force participation - Total,59.8
484,Mexico,2015,Unemployment rate - Total,4.3
484,Mexico,2015,Labour force participation - Male,77.7
484,Mexico,2015,Unemployment rate - Male,4.2
484,Mexico,2015,Labour force participation - Female,43.2
484,Mexico,2015,Unemployment rate - Female,4.4
484,Mexico,2022,Labour force participation - Total,59
484,Mexico,2022,Unemployment rate - Total,3.9
484,Mexico,2022,Labour force participation - Male,75.1
484,Mexico,2022,Unemployment rate - Male,4
484,Mexico,2022,Labour force participation - Female,44
484,Mexico,2022,Unemployment rate - Female,3.8
492,Monaco,2000,Labour force participation - Total,45.7
492,Monaco,2000,Unemployment rate - Total,3.6
492,Monaco,2000,Labour force participation - Male,57.3
492,Monaco,2000,Unemployment rate - Male,2.5
492,Monaco,2000,Labour force participation - Female,35.1
492,Monaco,2000,Unemployment rate - Female,5.2
496,Mongolia,2005,Labour force participation - Total,60.1
496,Mongolia,2005,Unemployment rate - Total,7
496,Mongolia,2005,Labour force participation - Male,64.4
496,Mongolia,2005,Unemployment rate - Male,7.2
496,Mongolia,2005,Labour force participation - Female,55.8
496,Mongolia,2005,Unemployment rate - Female,6.8
496,Mongolia,2010,Labour force participation - Total,59.4
496,Mongolia,2010,Unemployment rate - Total,6.6
496,Mongolia,2010,Labour force participation - Male,64.7
496,Mongolia,2010,Unemployment rate - Male,7.1
496,Mongolia,2010,Labour force participation - Female,54.2
496,Mongolia,2010,Unemployment rate - Female,5.9
496,Mongolia,2015,Labour force participation - Total,59.8
496,Mongolia,2015,Unemployment rate - Total,4.9
496,Mongolia,2015,Labour force participation - Male,66
496,Mongolia,2015,Unemployment rate - Male,5.4
496,Mongolia,2015,Labour force participation - Female,53.9
496,Mongolia,2015,Unemployment rate - Female,4.2
496,Mongolia,2022,Labour force participation - Total,59.5
496,Mongolia,2022,Unemployment rate - Total,6.2
496,Mongolia,2022,Labour force participation - Male,67.1
496,Mongolia,2022,Unemployment rate - Male,6.5
496,Mongolia,2022,Labour force participation - Female,52.3
496,Mongolia,2022,Unemployment rate - Female,6
499,Montenegro,2005,Labour force participation - Total,49.2
499,Montenegro,2005,Unemployment rate - Total,30.3
499,Montenegro,2005,Labour force participation - Male,56.3
499,Montenegro,2005,Unemployment rate - Male,26.1
499,Montenegro,2005,Labour force participation - Female,42.5
499,Montenegro,2005,Unemployment rate - Female,35.5
499,Montenegro,2010,Labour force participation - Total,48.8
499,Montenegro,2010,Unemployment rate - Total,19.7
499,Montenegro,2010,Labour force participation - Male,55.8
499,Montenegro,2010,Unemployment rate - Male,18.8
499,Montenegro,2010,Labour force participation - Female,42.2
499,Montenegro,2010,Unemployment rate - Female,20.7
499,Montenegro,2015,Labour force participation - Total,53.7
499,Montenegro,2015,Unemployment rate - Total,17.5
499,Montenegro,2015,Labour force participation - Male,60.1
499,Montenegro,2015,Unemployment rate - Male,17.7
499,Montenegro,2015,Labour force participation - Female,47.6
499,Montenegro,2015,Unemployment rate - Female,17.3
499,Montenegro,2022,Labour force participation - Total,55.9
499,Montenegro,2022,Unemployment rate - Total,16.7
499,Montenegro,2022,Labour force participation - Male,63
499,Montenegro,2022,Unemployment rate - Male,15.9
499,Montenegro,2022,Labour force participation - Female,49.1
499,Montenegro,2022,Unemployment rate - Female,17.6
500,Montserrat,2001,Labour force participation - Total,85.2
500,Montserrat,2001,Unemployment rate - Total,9.5
500,Montserrat,2001,Labour force participation - Male,89.2
500,Montserrat,2001,Labour force participation - Female,80.6
500,Montserrat,2011,Unemployment rate - Total,5.6
500,Montserrat,2011,Unemployment rate - Male,7.7
500,Montserrat,2011,Unemployment rate - Female,3.3
504,Morocco,2005,Labour force participation - Total,50.6
504,Morocco,2005,Unemployment rate - Total,11
504,Morocco,2005,Labour force participation - Male,76.9
504,Morocco,2005,Unemployment rate - Male,10.8
504,Morocco,2005,Labour force participation - Female,25.8
504,Morocco,2005,Unemployment rate - Female,11.6
504,Morocco,2010,Labour force participation - Total,49.6
504,Morocco,2010,Unemployment rate - Total,9.1
504,Morocco,2010,Labour force participation - Male,74.8
504,Morocco,2010,Unemployment rate - Male,8.9
504,Morocco,2010,Labour force participation - Female,25.9
504,Morocco,2010,Unemployment rate - Female,9.5
504,Morocco,2015,Labour force participation - Total,47.5
504,Morocco,2015,Unemployment rate - Total,9.5
504,Morocco,2015,Labour force participation - Male,71.4
504,Morocco,2015,Unemployment rate - Male,9.1
504,Morocco,2015,Labour force participation - Female,24.7
504,Morocco,2015,Unemployment rate - Female,10.4
504,Morocco,2022,Labour force participation - Total,44
504,Morocco,2022,Unemployment rate - Total,11.2
504,Morocco,2022,Labour force participation - Male,66.5
504,Morocco,2022,Unemployment rate - Male,10.5
504,Morocco,2022,Labour force participation - Female,22.4
504,Morocco,2022,Unemployment rate - Female,13.2
508,Mozambique,2005,Labour force participation - Total,85
508,Mozambique,2005,Unemployment rate - Total,3
508,Mozambique,2005,Labour force participation - Male,83.3
508,Mozambique,2005,Unemployment rate - Male,3.7
508,Mozambique,2005,Labour force participation - Female,86.5
508,Mozambique,2005,Unemployment rate - Female,2.5
508,Mozambique,2010,Labour force participation - Total,82.2
508,Mozambique,2010,Unemployment rate - Total,3.2
508,Mozambique,2010,Labour force participation - Male,81.7
508,Mozambique,2010,Unemployment rate - Male,3.4
508,Mozambique,2010,Labour force participation - Female,82.7
508,Mozambique,2010,Unemployment rate - Female,3
508,Mozambique,2015,Labour force participation - Total,79.1
508,Mozambique,2015,Unemployment rate - Total,3.4
508,Mozambique,2015,Labour force participation - Male,80.1
508,Mozambique,2015,Unemployment rate - Male,3.2
508,Mozambique,2015,Labour force participation - Female,78.1
508,Mozambique,2015,Unemployment rate - Female,3.7
508,Mozambique,2022,Labour force participation - Total,78.5
508,Mozambique,2022,Unemployment rate - Total,3.8
508,Mozambique,2022,Labour force participation - Male,79
508,Mozambique,2022,Unemployment rate - Male,3.4
508,Mozambique,2022,Labour force participation - Female,78
508,Mozambique,2022,Unemployment rate - Female,4.2
104,Myanmar,2005,Labour force participation - Total,67.4
104,Myanmar,2005,Unemployment rate - Total,0.7
104,Myanmar,2005,Labour force participation - Male,80.6
104,Myanmar,2005,Unemployment rate - Male,0.6
104,Myanmar,2005,Labour force participation - Female,55.4
104,Myanmar,2005,Unemployment rate - Female,0.8
104,Myanmar,2010,Labour force participation - Total,65.7
104,Myanmar,2010,Unemployment rate - Total,0.7
104,Myanmar,2010,Labour force participation - Male,80.3
104,Myanmar,2010,Unemployment rate - Male,0.6
104,Myanmar,2010,Labour force participation - Female,52.6
104,Myanmar,2010,Unemployment rate - Female,0.8
104,Myanmar,2015,Labour force participation - Total,64.7
104,Myanmar,2015,Unemployment rate - Total,0.8
104,Myanmar,2015,Labour force participation - Male,79.7
104,Myanmar,2015,Unemployment rate - Male,0.7
104,Myanmar,2015,Labour force participation - Female,51.2
104,Myanmar,2015,Unemployment rate - Female,0.9
104,Myanmar,2022,Labour force participation - Total,56.2
104,Myanmar,2022,Unemployment rate - Total,2.3
104,Myanmar,2022,Labour force participation - Male,71.2
104,Myanmar,2022,Unemployment rate - Male,2.1
104,Myanmar,2022,Labour force participation - Female,42.6
104,Myanmar,2022,Unemployment rate - Female,2.7
516,Namibia,2005,Labour force participation - Total,55.6
516,Namibia,2005,Unemployment rate - Total,22.2
516,Namibia,2005,Labour force participation - Male,62.1
516,Namibia,2005,Unemployment rate - Male,19.7
516,Namibia,2005,Labour force participation - Female,49.7
516,Namibia,2005,Unemployment rate - Female,25.1
516,Namibia,2010,Labour force participation - Total,57
516,Namibia,2010,Unemployment rate - Total,22.1
516,Namibia,2010,Labour force participation - Male,62.3
516,Namibia,2010,Unemployment rate - Male,20.4
516,Namibia,2010,Labour force participation - Female,52.1
516,Namibia,2010,Unemployment rate - Female,24
516,Namibia,2015,Labour force participation - Total,60.6
516,Namibia,2015,Unemployment rate - Total,20.9
516,Namibia,2015,Labour force participation - Male,65.4
516,Namibia,2015,Unemployment rate - Male,19.2
516,Namibia,2015,Labour force participation - Female,56.4
516,Namibia,2015,Unemployment rate - Female,22.7
516,Namibia,2022,Labour force participation - Total,58.6
516,Namibia,2022,Unemployment rate - Total,21.1
516,Namibia,2022,Labour force participation - Male,62.4
516,Namibia,2022,Unemployment rate - Male,22.1
516,Namibia,2022,Labour force participation - Female,55.1
516,Namibia,2022,Unemployment rate - Female,20
520,Nauru,2002,Labour force participation - Total,78
520,Nauru,2002,Unemployment rate - Total,22.7
520,Nauru,2002,Labour force participation - Male,86.8
520,Nauru,2002,Unemployment rate - Male,17.1
520,Nauru,2002,Labour force participation - Female,69.6
520,Nauru,2002,Unemployment rate - Female,29.6
520,Nauru,2011,Labour force participation - Total,64
520,Nauru,2011,Unemployment rate - Total,23
520,Nauru,2011,Labour force participation - Male,78.9
520,Nauru,2011,Unemployment rate - Male,21.4
520,Nauru,2011,Labour force participation - Female,49.3
520,Nauru,2011,Unemployment rate - Female,25.5
524,Nepal,2005,Labour force participation - Total,84.2
524,Nepal,2005,Unemployment rate - Total,1.5
524,Nepal,2005,Labour force participation - Male,88.4
524,Nepal,2005,Unemployment rate - Male,1.7
524,Nepal,2005,Labour force participation - Female,80.2
524,Nepal,2005,Unemployment rate - Female,1.2
524,Nepal,2010,Labour force participation - Total,83.2
524,Nepal,2010,Unemployment rate - Total,1.8
524,Nepal,2010,Labour force participation - Male,87
524,Nepal,2010,Unemployment rate - Male,2.1
524,Nepal,2010,Labour force participation - Female,79.7
524,Nepal,2010,Unemployment rate - Female,1.6
524,Nepal,2015,Labour force participation - Total,83.3
524,Nepal,2015,Unemployment rate - Total,3.1
524,Nepal,2015,Labour force participation - Male,85.5
524,Nepal,2015,Unemployment rate - Male,3.4
524,Nepal,2015,Labour force participation - Female,81.6
524,Nepal,2015,Unemployment rate - Female,2.9
524,Nepal,2022,Labour force participation - Total,81.7
524,Nepal,2022,Unemployment rate - Total,5.2
524,Nepal,2022,Labour force participation - Male,81.9
524,Nepal,2022,Unemployment rate - Male,5.3
524,Nepal,2022,Labour force participation - Female,81.5
524,Nepal,2022,Unemployment rate - Female,5.1
528,Netherlands,2005,Labour force participation - Total,63.4
528,Netherlands,2005,Unemployment rate - Total,5.9
528,Netherlands,2005,Labour force participation - Male,71.5
528,Netherlands,2005,Unemployment rate - Male,5
528,Netherlands,2005,Labour force participation - Female,55.6
528,Netherlands,2005,Unemployment rate - Female,6.9
528,Netherlands,2010,Labour force participation - Total,64.8
528,Netherlands,2010,Unemployment rate - Total,5
528,Netherlands,2010,Labour force participation - Male,71.2
528,Netherlands,2010,Unemployment rate - Male,4.5
528,Netherlands,2010,Labour force participation - Female,58.7
528,Netherlands,2010,Unemployment rate - Female,5.5
528,Netherlands,2015,Labour force participation - Total,64.4
528,Netherlands,2015,Unemployment rate - Total,6.9
528,Netherlands,2015,Labour force participation - Male,70.1
528,Netherlands,2015,Unemployment rate - Male,6.5
528,Netherlands,2015,Labour force participation - Female,58.8
528,Netherlands,2015,Unemployment rate - Female,7.3
528,Netherlands,2022,Labour force participation - Total,66.5
528,Netherlands,2022,Unemployment rate - Total,3.5
528,Netherlands,2022,Labour force participation - Male,71
528,Netherlands,2022,Unemployment rate - Male,3.5
528,Netherlands,2022,Labour force participation - Female,62
528,Netherlands,2022,Unemployment rate - Female,3.5
530,Netherlands Antilles [former],2009,Labour force participation - Total,56.3
530,Netherlands Antilles [former],2009,Labour force participation - Male,61.1
530,Netherlands Antilles [former],2009,Labour force participation - Female,52.6
530,Netherlands Antilles [former],2011,Labour force participation - Total,57.9
530,Netherlands Antilles [former],2011,Labour force participation - Male,62.2
530,Netherlands Antilles [former],2011,Labour force participation - Female,54.5
540,New Caledonia,2005,Labour force participation - Total,67.5
540,New Caledonia,2005,Unemployment rate - Total,15.8
540,New Caledonia,2005,Labour force participation - Male,73.9
540,New Caledonia,2005,Unemployment rate - Male,13.6
540,New Caledonia,2005,Labour force participation - Female,61.1
540,New Caledonia,2005,Unemployment rate - Female,18.6
540,New Caledonia,2010,Labour force participation - Total,66.7
540,New Caledonia,2010,Unemployment rate - Total,13.8
540,New Caledonia,2010,Labour force participation - Male,72.5
540,New Caledonia,2010,Unemployment rate - Male,12.1
540,New Caledonia,2010,Labour force participation - Female,60.9
540,New Caledonia,2010,Unemployment rate - Female,15.8
540,New Caledonia,2015,Labour force participation - Total,64
540,New Caledonia,2015,Unemployment rate - Total,14.7
540,New Caledonia,2015,Labour force participation - Male,69.1
540,New Caledonia,2015,Unemployment rate - Male,13.9
540,New Caledonia,2015,Labour force participation - Female,58.9
540,New Caledonia,2015,Unemployment rate - Female,15.7
540,New Caledonia,2022,Labour force participation - Total,63.1
540,New Caledonia,2022,Unemployment rate - Total,16.3
540,New Caledonia,2022,Labour force participation - Male,68.4
540,New Caledonia,2022,Unemployment rate - Male,15.3
540,New Caledonia,2022,Labour force participation - Female,57.7
540,New Caledonia,2022,Unemployment rate - Female,17.5
554,New Zealand,2005,Labour force participation - Total,67.7
554,New Zealand,2005,Unemployment rate - Total,3.8
554,New Zealand,2005,Labour force participation - Male,75
554,New Zealand,2005,Unemployment rate - Male,3.5
554,New Zealand,2005,Labour force participation - Female,60.8
554,New Zealand,2005,Unemployment rate - Female,4.2
554,New Zealand,2010,Labour force participation - Total,67.6
554,New Zealand,2010,Unemployment rate - Total,6.6
554,New Zealand,2010,Labour force participation - Male,74.1
554,New Zealand,2010,Unemployment rate - Male,6.2
554,New Zealand,2010,Labour force participation - Female,61.6
554,New Zealand,2010,Unemployment rate - Female,6.9
554,New Zealand,2015,Labour force participation - Total,68.8
554,New Zealand,2015,Unemployment rate - Total,5.4
554,New Zealand,2015,Labour force participation - Male,74.4
554,New Zealand,2015,Unemployment rate - Male,5
554,New Zealand,2015,Labour force participation - Female,63.4
554,New Zealand,2015,Unemployment rate - Female,5.9
554,New Zealand,2022,Labour force participation - Total,69.6
554,New Zealand,2022,Unemployment rate - Total,3.9
554,New Zealand,2022,Labour force participation - Male,74.9
554,New Zealand,2022,Unemployment rate - Male,3.9
554,New Zealand,2022,Labour force participation - Female,64.7
554,New Zealand,2022,Unemployment rate - Female,3.9
558,Nicaragua,2005,Labour force participation - Total,61.9
558,Nicaragua,2005,Unemployment rate - Total,5.4
558,Nicaragua,2005,Labour force participation - Male,85.3
558,Nicaragua,2005,Unemployment rate - Male,5.2
558,Nicaragua,2005,Labour force participation - Female,40.1
558,Nicaragua,2005,Unemployment rate - Female,5.8
558,Nicaragua,2010,Labour force participation - Total,63.6
558,Nicaragua,2010,Unemployment rate - Total,7.8
558,Nicaragua,2010,Labour force participation - Male,84.2
558,Nicaragua,2010,Unemployment rate - Male,7.3
558,Nicaragua,2010,Labour force participation - Female,44.5
558,Nicaragua,2010,Unemployment rate - Female,8.8
558,Nicaragua,2015,Labour force participation - Total,65.1
558,Nicaragua,2015,Unemployment rate - Total,4.7
558,Nicaragua,2015,Labour force participation - Male,83
558,Nicaragua,2015,Unemployment rate - Male,4.2
558,Nicaragua,2015,Labour force participation - Female,48.4
558,Nicaragua,2015,Unemployment rate - Female,5.4
558,Nicaragua,2022,Labour force participation - Total,64
558,Nicaragua,2022,Unemployment rate - Total,5.7
558,Nicaragua,2022,Labour force participation - Male,81.7
558,Nicaragua,2022,Unemployment rate - Male,5.6
558,Nicaragua,2022,Labour force participation - Female,47.4
558,Nicaragua,2022,Unemployment rate - Female,5.9
562,Niger,2005,Labour force participation - Total,79.3
562,Niger,2005,Unemployment rate - Total,3.1
562,Niger,2005,Labour force participation - Male,90.1
562,Niger,2005,Unemployment rate - Male,3.4
562,Niger,2005,Labour force participation - Female,69.1
562,Niger,2005,Unemployment rate - Female,2.7
562,Niger,2010,Labour force participation - Total,79.5
562,Niger,2010,Unemployment rate - Total,0.8
562,Niger,2010,Labour force participation - Male,90.5
562,Niger,2010,Unemployment rate - Male,0.9
562,Niger,2010,Labour force participation - Female,68.9
562,Niger,2010,Unemployment rate - Female,0.6
562,Niger,2015,Labour force participation - Total,73.6
562,Niger,2015,Unemployment rate - Total,0.5
562,Niger,2015,Labour force participation - Male,85.1
562,Niger,2015,Unemployment rate - Male,0.6
562,Niger,2015,Labour force participation - Female,62.3
562,Niger,2015,Unemployment rate - Female,0.4
562,Niger,2022,Labour force participation - Total,73.1
562,Niger,2022,Unemployment rate - Total,0.8
562,Niger,2022,Labour force participation - Male,84.4
562,Niger,2022,Unemployment rate - Male,0.9
562,Niger,2022,Labour force participation - Female,62
562,Niger,2022,Unemployment rate - Female,0.7
566,Nigeria,2005,Labour force participation - Total,60.3
566,Nigeria,2005,Unemployment rate - Total,3.9
566,Nigeria,2005,Labour force participation - Male,63.6
566,Nigeria,2005,Unemployment rate - Male,3.9
566,Nigeria,2005,Labour force participation - Female,57
566,Nigeria,2005,Unemployment rate - Female,3.9
566,Nigeria,2010,Labour force participation - Total,60.4
566,Nigeria,2010,Unemployment rate - Total,3.8
566,Nigeria,2010,Labour force participation - Male,63.9
566,Nigeria,2010,Unemployment rate - Male,3.8
566,Nigeria,2010,Labour force participation - Female,56.8
566,Nigeria,2010,Unemployment rate - Female,3.7
566,Nigeria,2015,Labour force participation - Total,55.2
566,Nigeria,2015,Unemployment rate - Total,4.3
566,Nigeria,2015,Labour force participation - Male,59.5
566,Nigeria,2015,Unemployment rate - Male,3.6
566,Nigeria,2015,Labour force participation - Female,50.8
566,Nigeria,2015,Unemployment rate - Female,5.1
566,Nigeria,2022,Labour force participation - Total,54.2
566,Nigeria,2022,Unemployment rate - Total,9.6
566,Nigeria,2022,Labour force participation - Male,59.9
566,Nigeria,2022,Unemployment rate - Male,10.4
566,Nigeria,2022,Labour force participation - Female,48.4
566,Nigeria,2022,Unemployment rate - Female,8.6
807,North Macedonia,2005,Labour force participation - Total,54.1
807,North Macedonia,2005,Unemployment rate - Total,37.3
807,North Macedonia,2005,Labour force participation - Male,65
807,North Macedonia,2005,Unemployment rate - Male,36.5
807,North Macedonia,2005,Labour force participation - Female,43.4
807,North Macedonia,2005,Unemployment rate - Female,38.4
807,North Macedonia,2010,Labour force participation - Total,55.7
807,North Macedonia,2010,Unemployment rate - Total,32
807,North Macedonia,2010,Labour force participation - Male,68.6
807,North Macedonia,2010,Unemployment rate - Male,31.9
807,North Macedonia,2010,Labour force participation - Female,42.9
807,North Macedonia,2010,Unemployment rate - Female,32.2
807,North Macedonia,2015,Labour force participation - Total,55.4
807,North Macedonia,2015,Unemployment rate - Total,26.1
807,North Macedonia,2015,Labour force participation - Male,67.4
807,North Macedonia,2015,Unemployment rate - Male,26.7
807,North Macedonia,2015,Labour force participation - Female,43.5
807,North Macedonia,2015,Unemployment rate - Female,25.1
807,North Macedonia,2022,Labour force participation - Total,53.9
807,North Macedonia,2022,Unemployment rate - Total,16.1
807,North Macedonia,2022,Labour force participation - Male,64.4
807,North Macedonia,2022,Unemployment rate - Male,15.7
807,North Macedonia,2022,Labour force participation - Female,43.5
807,North Macedonia,2022,Unemployment rate - Female,16.5
580,Northern Mariana Islands,2003,Labour force participation - Total,81.8
580,Northern Mariana Islands,2003,Unemployment rate - Total,4.6
580,Northern Mariana Islands,2003,Labour force participation - Male,82.5
580,Northern Mariana Islands,2003,Unemployment rate - Male,5
580,Northern Mariana Islands,2003,Labour force participation - Female,81.3
580,Northern Mariana Islands,2003,Unemployment rate - Female,4.3
580,Northern Mariana Islands,2005,Unemployment rate - Total,6.5
580,Northern Mariana Islands,2005,Unemployment rate - Male,7.3
580,Northern Mariana Islands,2005,Unemployment rate - Female,5.8
580,Northern Mariana Islands,2010,Labour force participation - Total,72.3
580,Northern Mariana Islands,2010,Unemployment rate - Total,11.2
580,Northern Mariana Islands,2010,Labour force participation - Male,77.6
580,Northern Mariana Islands,2010,Unemployment rate - Male,9.7
580,Northern Mariana Islands,2010,Labour force participation - Female,66.6
580,Northern Mariana Islands,2010,Unemployment rate - Female,13
578,Norway,2005,Labour force participation - Total,65.4
578,Norway,2005,Unemployment rate - Total,4.4
578,Norway,2005,Labour force participation - Male,70.3
578,Norway,2005,Unemployment rate - Male,4.6
578,Norway,2005,Labour force participation - Female,60.7
578,Norway,2005,Unemployment rate - Female,4.2
578,Norway,2010,Labour force participation - Total,65.7
578,Norway,2010,Unemployment rate - Total,3.5
578,Norway,2010,Labour force participation - Male,69.6
578,Norway,2010,Unemployment rate - Male,4
578,Norway,2010,Labour force participation - Female,61.8
578,Norway,2010,Unemployment rate - Female,2.9
578,Norway,2015,Labour force participation - Total,65
578,Norway,2015,Unemployment rate - Total,4.3
578,Norway,2015,Labour force participation - Male,67.7
578,Norway,2015,Unemployment rate - Male,4.6
578,Norway,2015,Labour force participation - Female,62.3
578,Norway,2015,Unemployment rate - Female,4
578,Norway,2022,Labour force participation - Total,66.5
578,Norway,2022,Unemployment rate - Total,4.8
578,Norway,2022,Labour force participation - Male,71.8
578,Norway,2022,Unemployment rate - Male,5
578,Norway,2022,Labour force participation - Female,61.2
578,Norway,2022,Unemployment rate - Female,4.7
512,Oman,2005,Labour force participation - Total,57.9
512,Oman,2005,Unemployment rate - Total,4.2
512,Oman,2005,Labour force participation - Male,80.1
512,Oman,2005,Unemployment rate - Male,3.3
512,Oman,2005,Labour force participation - Female,25.7
512,Oman,2005,Unemployment rate - Female,7.9
512,Oman,2010,Labour force participation - Total,64
512,Oman,2010,Unemployment rate - Total,4
512,Oman,2010,Labour force participation - Male,84.9
512,Oman,2010,Unemployment rate - Male,3
512,Oman,2010,Labour force participation - Female,27.8
512,Oman,2010,Unemployment rate - Female,9.3
512,Oman,2015,Labour force participation - Total,69.7
512,Oman,2015,Unemployment rate - Total,3.4
512,Oman,2015,Labour force participation - Male,87.6
512,Oman,2015,Unemployment rate - Male,2
512,Oman,2015,Labour force participation - Female,29.5
512,Oman,2015,Unemployment rate - Female,12.8
512,Oman,2022,Labour force participation - Total,69.9
512,Oman,2022,Unemployment rate - Total,3.1
512,Oman,2022,Labour force participation - Male,86.9
512,Oman,2022,Unemployment rate - Male,1.6
512,Oman,2022,Labour force participation - Female,30.2
512,Oman,2022,Unemployment rate - Female,12.9
586,Pakistan,2005,Labour force participation - Total,50.4
586,Pakistan,2005,Unemployment rate - Total,0.6
586,Pakistan,2005,Labour force participation - Male,80.6
586,Pakistan,2005,Unemployment rate - Male,0.6
586,Pakistan,2005,Labour force participation - Female,18.3
586,Pakistan,2005,Unemployment rate - Female,0.3
586,Pakistan,2010,Labour force participation - Total,51
586,Pakistan,2010,Unemployment rate - Total,0.7
586,Pakistan,2010,Labour force participation - Male,78.6
586,Pakistan,2010,Unemployment rate - Male,0.7
586,Pakistan,2010,Labour force participation - Female,22
586,Pakistan,2010,Unemployment rate - Female,0.6
586,Pakistan,2015,Labour force participation - Total,52
586,Pakistan,2015,Unemployment rate - Total,3.6
586,Pakistan,2015,Labour force participation - Male,78.8
586,Pakistan,2015,Unemployment rate - Male,2.8
586,Pakistan,2015,Labour force participation - Female,23.9
586,Pakistan,2015,Unemployment rate - Female,6.2
586,Pakistan,2022,Labour force participation - Total,50.5
586,Pakistan,2022,Unemployment rate - Total,4.2
586,Pakistan,2022,Labour force participation - Male,78.5
586,Pakistan,2022,Unemployment rate - Male,4
586,Pakistan,2022,Labour force participation - Female,21.1
586,Pakistan,2022,Unemployment rate - Female,5
585,Palau,2005,Labour force participation - Total,67.5
585,Palau,2005,Unemployment rate - Total,4.2
585,Palau,2005,Labour force participation - Male,75.4
585,Palau,2005,Unemployment rate - Male,3.7
585,Palau,2005,Labour force participation - Female,58.1
585,Palau,2005,Unemployment rate - Female,4.9
591,Panama,2005,Labour force participation - Total,63.3
591,Panama,2005,Unemployment rate - Total,3.8
591,Panama,2005,Labour force participation - Male,79.5
591,Panama,2005,Unemployment rate - Male,2.9
591,Panama,2005,Labour force participation - Female,47
591,Panama,2005,Unemployment rate - Female,5.2
591,Panama,2010,Labour force participation - Total,61.7
591,Panama,2010,Unemployment rate - Total,3.7
591,Panama,2010,Labour force participation - Male,77.9
591,Panama,2010,Unemployment rate - Male,2.9
591,Panama,2010,Labour force participation - Female,45.5
591,Panama,2010,Unemployment rate - Female,5.1
591,Panama,2015,Labour force participation - Total,62.8
591,Panama,2015,Unemployment rate - Total,3
591,Panama,2015,Labour force participation - Male,76.4
591,Panama,2015,Unemployment rate - Male,2.4
591,Panama,2015,Labour force participation - Female,49.3
591,Panama,2015,Unemployment rate - Female,3.9
591,Panama,2022,Labour force participation - Total,63.6
591,Panama,2022,Unemployment rate - Total,11.7
591,Panama,2022,Labour force participation - Male,74.6
591,Panama,2022,Unemployment rate - Male,9.1
591,Panama,2022,Labour force participation - Female,52.8
591,Panama,2022,Unemployment rate - Female,15.2
598,Papua New Guinea,2005,Labour force participation - Total,61.1
598,Papua New Guinea,2005,Unemployment rate - Total,2.4
598,Papua New Guinea,2005,Labour force participation - Male,62
598,Papua New Guinea,2005,Unemployment rate - Male,3.2
598,Papua New Guinea,2005,Labour force participation - Female,60.1
598,Papua New Guinea,2005,Unemployment rate - Female,1.6
598,Papua New Guinea,2010,Labour force participation - Total,48.3
598,Papua New Guinea,2010,Unemployment rate - Total,2
598,Papua New Guinea,2010,Labour force participation - Male,49
598,Papua New Guinea,2010,Unemployment rate - Male,2.7
598,Papua New Guinea,2010,Labour force participation - Female,47.7
598,Papua New Guinea,2010,Unemployment rate - Female,1.3
598,Papua New Guinea,2015,Labour force participation - Total,47.8
598,Papua New Guinea,2015,Unemployment rate - Total,2.5
598,Papua New Guinea,2015,Labour force participation - Male,48.6
598,Papua New Guinea,2015,Unemployment rate - Male,3.4
598,Papua New Guinea,2015,Labour force participation - Female,47
598,Papua New Guinea,2015,Unemployment rate - Female,1.5
598,Papua New Guinea,2022,Labour force participation - Total,47.3
598,Papua New Guinea,2022,Unemployment rate - Total,2.6
598,Papua New Guinea,2022,Labour force participation - Male,48.2
598,Papua New Guinea,2022,Unemployment rate - Male,3.5
598,Papua New Guinea,2022,Labour force participation - Female,46.4
598,Papua New Guinea,2022,Unemployment rate - Female,1.6
600,Paraguay,2005,Labour force participation - Total,70.3
600,Paraguay,2005,Unemployment rate - Total,4.8
600,Paraguay,2005,Labour force participation - Male,84.7
600,Paraguay,2005,Unemployment rate - Male,3.9
600,Paraguay,2005,Labour force participation - Female,55.5
600,Paraguay,2005,Unemployment rate - Female,6.3
600,Paraguay,2010,Labour force participation - Total,67.7
600,Paraguay,2010,Unemployment rate - Total,4.6
600,Paraguay,2010,Labour force participation - Male,82.2
600,Paraguay,2010,Unemployment rate - Male,3.6
600,Paraguay,2010,Labour force participation - Female,52.9
600,Paraguay,2010,Unemployment rate - Female,6.1
600,Paraguay,2015,Labour force participation - Total,67.9
600,Paraguay,2015,Unemployment rate - Total,4.6
600,Paraguay,2015,Labour force participation - Male,80.8
600,Paraguay,2015,Unemployment rate - Male,4.3
600,Paraguay,2015,Labour force participation - Female,54.7
600,Paraguay,2015,Unemployment rate - Female,4.9
600,Paraguay,2022,Labour force participation - Total,72.1
600,Paraguay,2022,Unemployment rate - Total,7.1
600,Paraguay,2022,Labour force participation - Male,84
600,Paraguay,2022,Unemployment rate - Male,5.6
600,Paraguay,2022,Labour force participation - Female,59.9
600,Paraguay,2022,Unemployment rate - Female,9.4
604,Peru,2005,Labour force participation - Total,75.5
604,Peru,2005,Unemployment rate - Total,4.9
604,Peru,2005,Labour force participation - Male,84.8
604,Peru,2005,Unemployment rate - Male,4.7
604,Peru,2005,Labour force participation - Female,66.5
604,Peru,2005,Unemployment rate - Female,5.1
604,Peru,2010,Labour force participation - Total,79.8
604,Peru,2010,Unemployment rate - Total,3.6
604,Peru,2010,Labour force participation - Male,87.1
604,Peru,2010,Unemployment rate - Male,3.1
604,Peru,2010,Labour force participation - Female,72.6
604,Peru,2010,Unemployment rate - Female,4.1
604,Peru,2015,Labour force participation - Total,75.9
604,Peru,2015,Unemployment rate - Total,3.3
604,Peru,2015,Labour force participation - Male,84.4
604,Peru,2015,Unemployment rate - Male,3.2
604,Peru,2015,Labour force participation - Female,67.7
604,Peru,2015,Unemployment rate - Female,3.3
604,Peru,2022,Labour force participation - Total,74.8
604,Peru,2022,Unemployment rate - Total,4.2
604,Peru,2022,Labour force participation - Male,82.5
604,Peru,2022,Unemployment rate - Male,3.4
604,Peru,2022,Labour force participation - Female,67.4
604,Peru,2022,Unemployment rate - Female,5.2
608,Philippines,2005,Labour force participation - Total,61.6
608,Philippines,2005,Unemployment rate - Total,3.8
608,Philippines,2005,Labour force participation - Male,76
608,Philippines,2005,Unemployment rate - Male,3.5
608,Philippines,2005,Labour force participation - Female,47.4
608,Philippines,2005,Unemployment rate - Female,4.2
608,Philippines,2010,Labour force participation - Total,61.4
608,Philippines,2010,Unemployment rate - Total,3.6
608,Philippines,2010,Labour force participation - Male,74.9
608,Philippines,2010,Unemployment rate - Male,3.5
608,Philippines,2010,Labour force participation - Female,48
608,Philippines,2010,Unemployment rate - Female,3.8
608,Philippines,2015,Labour force participation - Total,61.4
608,Philippines,2015,Unemployment rate - Total,3.1
608,Philippines,2015,Labour force participation - Male,74.3
608,Philippines,2015,Unemployment rate - Male,3
608,Philippines,2015,Labour force participation - Female,48.6
608,Philippines,2015,Unemployment rate - Female,3.2
608,Philippines,2022,Labour force participation - Total,57.5
608,Philippines,2022,Unemployment rate - Total,2.3
608,Philippines,2022,Labour force participation - Male,69.8
608,Philippines,2022,Unemployment rate - Male,2.2
608,Philippines,2022,Labour force participation - Female,45.4
608,Philippines,2022,Unemployment rate - Female,2.6
616,Poland,2005,Labour force participation - Total,54.9
616,Poland,2005,Unemployment rate - Total,17.8
616,Poland,2005,Labour force participation - Male,62.8
616,Poland,2005,Unemployment rate - Male,16.6
616,Poland,2005,Labour force participation - Female,47.7
616,Poland,2005,Unemployment rate - Female,19.1
616,Poland,2010,Labour force participation - Total,55.3
616,Poland,2010,Unemployment rate - Total,9.6
616,Poland,2010,Labour force participation - Male,63.7
616,Poland,2010,Unemployment rate - Male,9.3
616,Poland,2010,Labour force participation - Female,47.6
616,Poland,2010,Unemployment rate - Female,10
616,Poland,2015,Labour force participation - Total,56.2
616,Poland,2015,Unemployment rate - Total,7.5
616,Poland,2015,Labour force participation - Male,64.6
616,Poland,2015,Unemployment rate - Male,7.3
616,Poland,2015,Labour force participation - Female,48.4
616,Poland,2015,Unemployment rate - Female,7.7
616,Poland,2022,Labour force participation - Total,56.6
616,Poland,2022,Unemployment rate - Total,2.8
616,Poland,2022,Labour force participation - Male,65.1
616,Poland,2022,Unemployment rate - Male,2.7
616,Poland,2022,Labour force participation - Female,48.7
616,Poland,2022,Unemployment rate - Female,2.9
620,Portugal,2005,Labour force participation - Total,61.9
620,Portugal,2005,Unemployment rate - Total,7.6
620,Portugal,2005,Labour force participation - Male,69.1
620,Portugal,2005,Unemployment rate - Male,6.7
620,Portugal,2005,Labour force participation - Female,55.3
620,Portugal,2005,Unemployment rate - Female,8.6
620,Portugal,2010,Labour force participation - Total,61.2
620,Portugal,2010,Unemployment rate - Total,10.8
620,Portugal,2010,Labour force participation - Male,67.2
620,Portugal,2010,Unemployment rate - Male,9.8
620,Portugal,2010,Labour force participation - Female,55.9
620,Portugal,2010,Unemployment rate - Female,11.9
620,Portugal,2015,Labour force participation - Total,58.6
620,Portugal,2015,Unemployment rate - Total,12.4
620,Portugal,2015,Labour force participation - Male,64.1
620,Portugal,2015,Unemployment rate - Male,12.2
620,Portugal,2015,Labour force participation - Female,53.8
620,Portugal,2015,Unemployment rate - Female,12.7
620,Portugal,2022,Labour force participation - Total,58.1
620,Portugal,2022,Unemployment rate - Total,6
620,Portugal,2022,Labour force participation - Male,62.6
620,Portugal,2022,Unemployment rate - Male,5.7
620,Portugal,2022,Labour force participation - Female,54.2
620,Portugal,2022,Unemployment rate - Female,6.3
630,Puerto Rico,2005,Labour force participation - Total,43.8
630,Puerto Rico,2005,Unemployment rate - Total,11.4
630,Puerto Rico,2005,Labour force participation - Male,54.6
630,Puerto Rico,2005,Unemployment rate - Male,12.2
630,Puerto Rico,2005,Labour force participation - Female,34.1
630,Puerto Rico,2005,Unemployment rate - Female,10.1
630,Puerto Rico,2010,Labour force participation - Total,41.6
630,Puerto Rico,2010,Unemployment rate - Total,16.1
630,Puerto Rico,2010,Labour force participation - Male,50.6
630,Puerto Rico,2010,Unemployment rate - Male,18.7
630,Puerto Rico,2010,Labour force participation - Female,33.6
630,Puerto Rico,2010,Unemployment rate - Female,12.6
630,Puerto Rico,2015,Labour force participation - Total,40.4
630,Puerto Rico,2015,Unemployment rate - Total,12
630,Puerto Rico,2015,Labour force participation - Male,49
630,Puerto Rico,2015,Unemployment rate - Male,13.8
630,Puerto Rico,2015,Labour force participation - Female,32.7
630,Puerto Rico,2015,Unemployment rate - Female,9.7
630,Puerto Rico,2022,Labour force participation - Total,40.5
630,Puerto Rico,2022,Unemployment rate - Total,8.1
630,Puerto Rico,2022,Labour force participation - Male,49.7
630,Puerto Rico,2022,Unemployment rate - Male,9
630,Puerto Rico,2022,Labour force participation - Female,32.5
630,Puerto Rico,2022,Unemployment rate - Female,6.9
634,Qatar,2005,Labour force participation - Total,81.8
634,Qatar,2005,Unemployment rate - Total,0.9
634,Qatar,2005,Labour force participation - Male,95.6
634,Qatar,2005,Unemployment rate - Male,0.3
634,Qatar,2005,Labour force participation - Female,46.8
634,Qatar,2005,Unemployment rate - Female,3.6
634,Qatar,2010,Labour force participation - Total,87.2
634,Qatar,2010,Unemployment rate - Total,0.5
634,Qatar,2010,Labour force participation - Male,96.1
634,Qatar,2010,Unemployment rate - Male,0.1
634,Qatar,2010,Labour force participation - Female,51.1
634,Qatar,2010,Unemployment rate - Female,2.8
634,Qatar,2015,Labour force participation - Total,88.3
634,Qatar,2015,Unemployment rate - Total,0.2
634,Qatar,2015,Labour force participation - Male,95.8
634,Qatar,2015,Unemployment rate - Male,0.1
634,Qatar,2015,Labour force participation - Female,58.2
634,Qatar,2015,Unemployment rate - Female,0.9
634,Qatar,2022,Labour force participation - Total,87.5
634,Qatar,2022,Unemployment rate - Total,0.1
634,Qatar,2022,Labour force participation - Male,95.8
634,Qatar,2022,Unemployment rate - Male,0.1
634,Qatar,2022,Labour force participation - Female,57.7
634,Qatar,2022,Unemployment rate - Female,0.3
410,Republic of Korea,2005,Labour force participation - Total,62.6
410,Republic of Korea,2005,Unemployment rate - Total,3.5
410,Republic of Korea,2005,Labour force participation - Male,74.7
410,Republic of Korea,2005,Unemployment rate - Male,3.7
410,Republic of Korea,2005,Labour force participation - Female,50.6
410,Republic of Korea,2005,Unemployment rate - Female,3.1
410,Republic of Korea,2010,Labour force participation - Total,61.4
410,Republic of Korea,2010,Unemployment rate - Total,3.3
410,Republic of Korea,2010,Labour force participation - Male,73
410,Republic of Korea,2010,Unemployment rate - Male,3.7
410,Republic of Korea,2010,Labour force participation - Female,49.9
410,Republic of Korea,2010,Unemployment rate - Female,2.8
410,Republic of Korea,2015,Labour force participation - Total,63.2
410,Republic of Korea,2015,Unemployment rate - Total,3.6
410,Republic of Korea,2015,Labour force participation - Male,74.1
410,Republic of Korea,2015,Unemployment rate - Male,3.6
410,Republic of Korea,2015,Labour force participation - Female,52.3
410,Republic of Korea,2015,Unemployment rate - Female,3.5
410,Republic of Korea,2022,Labour force participation - Total,63
410,Republic of Korea,2022,Unemployment rate - Total,3.1
410,Republic of Korea,2022,Labour force participation - Male,72.5
410,Republic of Korea,2022,Unemployment rate - Male,3.2
410,Republic of Korea,2022,Labour force participation - Female,53.5
410,Republic of Korea,2022,Unemployment rate - Female,3.1
498,Republic of Moldova,2005,Labour force participation - Total,48.8
498,Republic of Moldova,2005,Unemployment rate - Total,7.3
498,Republic of Moldova,2005,Labour force participation - Male,50.2
498,Republic of Moldova,2005,Unemployment rate - Male,8.7
498,Republic of Moldova,2005,Labour force participation - Female,47.5
498,Republic of Moldova,2005,Unemployment rate - Female,6
498,Republic of Moldova,2010,Labour force participation - Total,41.6
498,Republic of Moldova,2010,Unemployment rate - Total,7.5
498,Republic of Moldova,2010,Labour force participation - Male,44.9
498,Republic of Moldova,2010,Unemployment rate - Male,9.1
498,Republic of Moldova,2010,Labour force participation - Female,38.6
498,Republic of Moldova,2010,Unemployment rate - Female,5.7
498,Republic of Moldova,2015,Labour force participation - Total,44.5
498,Republic of Moldova,2015,Unemployment rate - Total,4.7
498,Republic of Moldova,2015,Labour force participation - Male,48.2
498,Republic of Moldova,2015,Unemployment rate - Male,5.9
498,Republic of Moldova,2015,Labour force participation - Female,41.2
498,Republic of Moldova,2015,Unemployment rate - Female,3.4
498,Republic of Moldova,2022,Labour force participation - Total,38.2
498,Republic of Moldova,2022,Unemployment rate - Total,3.7
498,Republic of Moldova,2022,Labour force participation - Male,43.4
498,Republic of Moldova,2022,Unemployment rate - Male,3.8
498,Republic of Moldova,2022,Labour force participation - Female,33.7
498,Republic of Moldova,2022,Unemployment rate - Female,3.7
638,Réunion,2005,Labour force participation - Total,50.1
638,Réunion,2005,Unemployment rate - Total,30.1
638,Réunion,2005,Labour force participation - Male,60.3
638,Réunion,2005,Unemployment rate - Male,27.6
638,Réunion,2005,Labour force participation - Female,41.1
638,Réunion,2005,Unemployment rate - Female,33.3
638,Réunion,2010,Labour force participation - Total,52.1
638,Réunion,2010,Unemployment rate - Total,28.9
638,Réunion,2010,Labour force participation - Male,59.9
638,Réunion,2010,Unemployment rate - Male,28
638,Réunion,2010,Labour force participation - Female,45.3
638,Réunion,2010,Unemployment rate - Female,30
638,Réunion,2013,Labour force participation - Total,54.9
638,Réunion,2013,Unemployment rate - Total,28.9
638,Réunion,2013,Labour force participation - Male,61.3
638,Réunion,2013,Unemployment rate - Male,28.3
638,Réunion,2013,Labour force participation - Female,49.1
638,Réunion,2013,Unemployment rate - Female,29.7
642,Romania,2005,Labour force participation - Total,53.9
642,Romania,2005,Unemployment rate - Total,7.2
642,Romania,2005,Labour force participation - Male,61.5
642,Romania,2005,Unemployment rate - Male,7.8
642,Romania,2005,Labour force participation - Female,46.9
642,Romania,2005,Unemployment rate - Female,6.4
642,Romania,2010,Labour force participation - Total,54.9
642,Romania,2010,Unemployment rate - Total,7
642,Romania,2010,Labour force participation - Male,64.2
642,Romania,2010,Unemployment rate - Male,7.6
642,Romania,2010,Labour force participation - Female,46.2
642,Romania,2010,Unemployment rate - Female,6.2
642,Romania,2015,Labour force participation - Total,54.5
642,Romania,2015,Unemployment rate - Total,6.8
642,Romania,2015,Labour force participation - Male,64.5
642,Romania,2015,Unemployment rate - Male,7.5
642,Romania,2015,Labour force participation - Female,45.3
642,Romania,2015,Unemployment rate - Female,5.9
642,Romania,2022,Labour force participation - Total,52.9
642,Romania,2022,Unemployment rate - Total,4.7
642,Romania,2022,Labour force participation - Male,63.1
642,Romania,2022,Unemployment rate - Male,4.4
642,Romania,2022,Labour force participation - Female,43.4
642,Romania,2022,Unemployment rate - Female,5.1
643,Russian Federation,2005,Labour force participation - Total,60.9
643,Russian Federation,2005,Unemployment rate - Total,7.1
643,Russian Federation,2005,Labour force participation - Male,67.7
643,Russian Federation,2005,Unemployment rate - Male,7.3
643,Russian Federation,2005,Labour force participation - Female,55.1
643,Russian Federation,2005,Unemployment rate - Female,6.9
643,Russian Federation,2010,Labour force participation - Total,62.4
643,Russian Federation,2010,Unemployment rate - Total,7.4
643,Russian Federation,2010,Labour force participation - Male,70.3
643,Russian Federation,2010,Unemployment rate - Male,7.9
643,Russian Federation,2010,Labour force participation - Female,55.9
643,Russian Federation,2010,Unemployment rate - Female,6.8
643,Russian Federation,2015,Labour force participation - Total,62.6
643,Russian Federation,2015,Unemployment rate - Total,5.6
643,Russian Federation,2015,Labour force participation - Male,71.2
643,Russian Federation,2015,Unemployment rate - Male,5.8
643,Russian Federation,2015,Labour force participation - Female,55.5
643,Russian Federation,2015,Unemployment rate - Female,5.3
643,Russian Federation,2022,Labour force participation - Total,61.2
643,Russian Federation,2022,Unemployment rate - Total,4.7
643,Russian Federation,2022,Labour force participation - Male,69.5
643,Russian Federation,2022,Unemployment rate - Male,4.7
643,Russian Federation,2022,Labour force participation - Female,54.3
643,Russian Federation,2022,Unemployment rate - Female,4.7
646,Rwanda,2005,Labour force participation - Total,84.8
646,Rwanda,2005,Unemployment rate - Total,1
646,Rwanda,2005,Labour force participation - Male,85.3
646,Rwanda,2005,Unemployment rate - Male,1.1
646,Rwanda,2005,Labour force participation - Female,84.4
646,Rwanda,2005,Unemployment rate - Female,0.8
646,Rwanda,2010,Labour force participation - Total,84.1
646,Rwanda,2010,Unemployment rate - Total,1.1
646,Rwanda,2010,Labour force participation - Male,84.3
646,Rwanda,2010,Unemployment rate - Male,1.1
646,Rwanda,2010,Labour force participation - Female,84
646,Rwanda,2010,Unemployment rate - Female,1
646,Rwanda,2015,Labour force participation - Total,83.6
646,Rwanda,2015,Unemployment rate - Total,1.1
646,Rwanda,2015,Labour force participation - Male,83.3
646,Rwanda,2015,Unemployment rate - Male,1.1
646,Rwanda,2015,Labour force participation - Female,83.8
646,Rwanda,2015,Unemployment rate - Female,1.2
646,Rwanda,2022,Labour force participation - Total,82.7
646,Rwanda,2022,Unemployment rate - Total,1.5
646,Rwanda,2022,Labour force participation - Male,82.3
646,Rwanda,2022,Unemployment rate - Male,1.3
646,Rwanda,2022,Labour force participation - Female,83.1
646,Rwanda,2022,Unemployment rate - Female,1.6
654,Saint Helena,2005,Unemployment rate - Total,5.2
654,Saint Helena,2010,Unemployment rate - Total,2
662,Saint Lucia,2005,Labour force participation - Total,65.3
662,Saint Lucia,2005,Unemployment rate - Total,18.7
662,Saint Lucia,2005,Labour force participation - Male,74.3
662,Saint Lucia,2005,Unemployment rate - Male,15.1
662,Saint Lucia,2005,Labour force participation - Female,56.9
662,Saint Lucia,2005,Unemployment rate - Female,23.1
662,Saint Lucia,2010,Labour force participation - Total,66.8
662,Saint Lucia,2010,Unemployment rate - Total,17.1
662,Saint Lucia,2010,Labour force participation - Male,72.9
662,Saint Lucia,2010,Unemployment rate - Male,16
662,Saint Lucia,2010,Labour force participation - Female,60.9
662,Saint Lucia,2010,Unemployment rate - Female,18.4
662,Saint Lucia,2015,Labour force participation - Total,69.8
662,Saint Lucia,2015,Unemployment rate - Total,20.6
662,Saint Lucia,2015,Labour force participation - Male,75.8
662,Saint Lucia,2015,Unemployment rate - Male,18.9
662,Saint Lucia,2015,Labour force participation - Female,64
662,Saint Lucia,2015,Unemployment rate - Female,22.4
662,Saint Lucia,2022,Labour force participation - Total,68.5
662,Saint Lucia,2022,Unemployment rate - Total,15.8
662,Saint Lucia,2022,Labour force participation - Male,73.4
662,Saint Lucia,2022,Unemployment rate - Male,14.1
662,Saint Lucia,2022,Labour force participation - Female,63.9
662,Saint Lucia,2022,Unemployment rate - Female,17.8
670,Saint Vincent & Grenadines,2005,Labour force participation - Total,64.2
670,Saint Vincent & Grenadines,2005,Unemployment rate - Total,19.8
670,Saint Vincent & Grenadines,2005,Labour force participation - Male,76.2
670,Saint Vincent & Grenadines,2005,Unemployment rate - Male,21
670,Saint Vincent & Grenadines,2005,Labour force participation - Female,51.9
670,Saint Vincent & Grenadines,2005,Unemployment rate - Female,17.9
670,Saint Vincent & Grenadines,2010,Labour force participation - Total,64.4
670,Saint Vincent & Grenadines,2010,Unemployment rate - Total,19.1
670,Saint Vincent & Grenadines,2010,Labour force participation - Male,75.5
670,Saint Vincent & Grenadines,2010,Unemployment rate - Male,20
670,Saint Vincent & Grenadines,2010,Labour force participation - Female,53
670,Saint Vincent & Grenadines,2010,Unemployment rate - Female,17.6
670,Saint Vincent & Grenadines,2015,Labour force participation - Total,64.6
670,Saint Vincent & Grenadines,2015,Unemployment rate - Total,19.1
670,Saint Vincent & Grenadines,2015,Labour force participation - Male,75.1
670,Saint Vincent & Grenadines,2015,Unemployment rate - Male,19.8
670,Saint Vincent & Grenadines,2015,Labour force participation - Female,53.7
670,Saint Vincent & Grenadines,2015,Unemployment rate - Female,18
670,Saint Vincent & Grenadines,2022,Labour force participation - Total,64
670,Saint Vincent & Grenadines,2022,Unemployment rate - Total,21
670,Saint Vincent & Grenadines,2022,Labour force participation - Male,74.3
670,Saint Vincent & Grenadines,2022,Unemployment rate - Male,21.4
670,Saint Vincent & Grenadines,2022,Labour force participation - Female,53.5
670,Saint Vincent & Grenadines,2022,Unemployment rate - Female,20.5
882,Samoa,2005,Labour force participation - Total,43.6
882,Samoa,2005,Unemployment rate - Total,5.3
882,Samoa,2005,Labour force participation - Male,55
882,Samoa,2005,Unemployment rate - Male,4.7
882,Samoa,2005,Labour force participation - Female,31.5
882,Samoa,2005,Unemployment rate - Female,6.4
882,Samoa,2010,Labour force participation - Total,43.6
882,Samoa,2010,Unemployment rate - Total,5.7
882,Samoa,2010,Labour force participation - Male,55
882,Samoa,2010,Unemployment rate - Male,5.2
882,Samoa,2010,Labour force participation - Female,31.5
882,Samoa,2010,Unemployment rate - Female,6.8
882,Samoa,2015,Labour force participation - Total,43.6
882,Samoa,2015,Unemployment rate - Total,8.5
882,Samoa,2015,Labour force participation - Male,54.9
882,Samoa,2015,Unemployment rate - Male,7.7
882,Samoa,2015,Labour force participation - Female,31.4
882,Samoa,2015,Unemployment rate - Female,10.1
882,Samoa,2022,Labour force participation - Total,42.8
882,Samoa,2022,Unemployment rate - Total,9.9
882,Samoa,2022,Labour force participation - Male,54.1
882,Samoa,2022,Unemployment rate - Male,9
882,Samoa,2022,Labour force participation - Female,30.7
882,Samoa,2022,Unemployment rate - Female,11.6
674,San Marino,2003,Labour force participation - Total,66.2
674,San Marino,2003,Labour force participation - Male,79.2
674,San Marino,2003,Labour force participation - Female,53.8
674,San Marino,2010,Unemployment rate - Total,4.4
674,San Marino,2010,Unemployment rate - Male,2.1
674,San Marino,2010,Unemployment rate - Female,7.3
674,San Marino,2014,Unemployment rate - Total,6.6
674,San Marino,2014,Unemployment rate - Male,4.3
674,San Marino,2014,Unemployment rate - Female,9.5
678,Sao Tome and Principe,2005,Labour force participation - Total,54.9
678,Sao Tome and Principe,2005,Unemployment rate - Total,16.5
678,Sao Tome and Principe,2005,Labour force participation - Male,72.9
678,Sao Tome and Principe,2005,Unemployment rate - Male,11.3
678,Sao Tome and Principe,2005,Labour force participation - Female,37.9
678,Sao Tome and Principe,2005,Unemployment rate - Female,25.9
678,Sao Tome and Principe,2010,Labour force participation - Total,54.8
678,Sao Tome and Principe,2010,Unemployment rate - Total,14.6
678,Sao Tome and Principe,2010,Labour force participation - Male,72
678,Sao Tome and Principe,2010,Unemployment rate - Male,10.5
678,Sao Tome and Principe,2010,Labour force participation - Female,37.8
678,Sao Tome and Principe,2010,Unemployment rate - Female,22.2
678,Sao Tome and Principe,2015,Labour force participation - Total,54.8
678,Sao Tome and Principe,2015,Unemployment rate - Total,13.8
678,Sao Tome and Principe,2015,Labour force participation - Male,71.9
678,Sao Tome and Principe,2015,Unemployment rate - Male,10.3
678,Sao Tome and Principe,2015,Labour force participation - Female,37.9
678,Sao Tome and Principe,2015,Unemployment rate - Female,20.4
678,Sao Tome and Principe,2022,Labour force participation - Total,53.8
678,Sao Tome and Principe,2022,Unemployment rate - Total,15.7
678,Sao Tome and Principe,2022,Labour force participation - Male,70.1
678,Sao Tome and Principe,2022,Unemployment rate - Male,11.9
678,Sao Tome and Principe,2022,Labour force participation - Female,37.6
678,Sao Tome and Principe,2022,Unemployment rate - Female,22.6
682,Saudi Arabia,2005,Labour force participation - Total,50
682,Saudi Arabia,2005,Unemployment rate - Total,6.1
682,Saudi Arabia,2005,Labour force participation - Male,73.2
682,Saudi Arabia,2005,Unemployment rate - Male,4.6
682,Saudi Arabia,2005,Labour force participation - Female,17.5
682,Saudi Arabia,2005,Unemployment rate - Female,14.2
682,Saudi Arabia,2010,Labour force participation - Total,51.5
682,Saudi Arabia,2010,Unemployment rate - Total,5.6
682,Saudi Arabia,2010,Labour force participation - Male,74.9
682,Saudi Arabia,2010,Unemployment rate - Male,3.5
682,Saudi Arabia,2010,Labour force participation - Female,18.4
682,Saudi Arabia,2010,Unemployment rate - Female,17.5
682,Saudi Arabia,2015,Labour force participation - Total,54
682,Saudi Arabia,2015,Unemployment rate - Total,5.6
682,Saudi Arabia,2015,Labour force participation - Male,76.8
682,Saudi Arabia,2015,Unemployment rate - Male,2.5
682,Saudi Arabia,2015,Labour force participation - Female,21.2
682,Saudi Arabia,2015,Unemployment rate - Female,21.8
682,Saudi Arabia,2022,Labour force participation - Total,61
682,Saudi Arabia,2022,Unemployment rate - Total,6.7
682,Saudi Arabia,2022,Labour force participation - Male,81.2
682,Saudi Arabia,2022,Unemployment rate - Male,3.1
682,Saudi Arabia,2022,Labour force participation - Female,30.8
682,Saudi Arabia,2022,Unemployment rate - Female,20.7
686,Senegal,2005,Labour force participation - Total,50
686,Senegal,2005,Unemployment rate - Total,8.9
686,Senegal,2005,Labour force participation - Male,68.1
686,Senegal,2005,Unemployment rate - Male,7.1
686,Senegal,2005,Labour force participation - Female,33.6
686,Senegal,2005,Unemployment rate - Female,12.2
686,Senegal,2010,Labour force participation - Total,48
686,Senegal,2010,Unemployment rate - Total,10.3
686,Senegal,2010,Labour force participation - Male,63.7
686,Senegal,2010,Unemployment rate - Male,8.1
686,Senegal,2010,Labour force participation - Female,34
686,Senegal,2010,Unemployment rate - Female,13.8
686,Senegal,2015,Labour force participation - Total,45.5
686,Senegal,2015,Unemployment rate - Total,6.8
686,Senegal,2015,Labour force participation - Male,57.9
686,Senegal,2015,Unemployment rate - Male,6.4
686,Senegal,2015,Labour force participation - Female,34.4
686,Senegal,2015,Unemployment rate - Female,7.3
686,Senegal,2022,Labour force participation - Total,44.8
686,Senegal,2022,Unemployment rate - Total,3.6
686,Senegal,2022,Labour force participation - Male,56.9
686,Senegal,2022,Unemployment rate - Male,3.4
686,Senegal,2022,Labour force participation - Female,33.9
686,Senegal,2022,Unemployment rate - Female,3.8
688,Serbia,2005,Labour force participation - Total,53.5
688,Serbia,2005,Unemployment rate - Total,20.9
688,Serbia,2005,Labour force participation - Male,63
688,Serbia,2005,Unemployment rate - Male,16.8
688,Serbia,2005,Labour force participation - Female,44.6
688,Serbia,2005,Unemployment rate - Female,26.2
688,Serbia,2010,Labour force participation - Total,46.9
688,Serbia,2010,Unemployment rate - Total,19.2
688,Serbia,2010,Labour force participation - Male,55.4
688,Serbia,2010,Unemployment rate - Male,18.5
688,Serbia,2010,Labour force participation - Female,39
688,Serbia,2010,Unemployment rate - Female,20.2
688,Serbia,2015,Labour force participation - Total,51.6
688,Serbia,2015,Unemployment rate - Total,17.7
688,Serbia,2015,Labour force participation - Male,60.3
688,Serbia,2015,Unemployment rate - Male,16.8
688,Serbia,2015,Labour force participation - Female,43.4
688,Serbia,2015,Unemployment rate - Female,18.8
688,Serbia,2022,Labour force participation - Total,54
688,Serbia,2022,Unemployment rate - Total,10.6
688,Serbia,2022,Labour force participation - Male,62
688,Serbia,2022,Unemployment rate - Male,10
688,Serbia,2022,Labour force participation - Female,46.5
688,Serbia,2022,Unemployment rate - Female,11.4
690,Seychelles,2005,Labour force participation - Total,72.1
690,Seychelles,2005,Unemployment rate - Total,5.5
690,Seychelles,2005,Unemployment rate - Male,6.1
690,Seychelles,2005,Unemployment rate - Female,4.9
690,Seychelles,2011,Labour force participation - Total,65
690,Seychelles,2011,Unemployment rate - Total,4.1
690,Seychelles,2011,Labour force participation - Male,68.3
690,Seychelles,2011,Unemployment rate - Male,3.8
690,Seychelles,2011,Labour force participation - Female,61.9
690,Seychelles,2011,Unemployment rate - Female,4.5
694,Sierra Leone,2005,Labour force participation - Total,65.2
694,Sierra Leone,2005,Unemployment rate - Total,3.5
694,Sierra Leone,2005,Labour force participation - Male,65.5
694,Sierra Leone,2005,Unemployment rate - Male,4.7
694,Sierra Leone,2005,Labour force participation - Female,65
694,Sierra Leone,2005,Unemployment rate - Female,2.4
694,Sierra Leone,2010,Labour force participation - Total,60.7
694,Sierra Leone,2010,Unemployment rate - Total,4.2
694,Sierra Leone,2010,Labour force participation - Male,61.2
694,Sierra Leone,2010,Unemployment rate - Male,5.1
694,Sierra Leone,2010,Labour force participation - Female,60.2
694,Sierra Leone,2010,Unemployment rate - Female,3.2
694,Sierra Leone,2015,Labour force participation - Total,56.9
694,Sierra Leone,2015,Unemployment rate - Total,4.7
694,Sierra Leone,2015,Labour force participation - Male,57.3
694,Sierra Leone,2015,Unemployment rate - Male,5.6
694,Sierra Leone,2015,Labour force participation - Female,56.4
694,Sierra Leone,2015,Unemployment rate - Female,3.9
694,Sierra Leone,2022,Labour force participation - Total,56.1
694,Sierra Leone,2022,Unemployment rate - Total,5
694,Sierra Leone,2022,Labour force participation - Male,55.9
694,Sierra Leone,2022,Unemployment rate - Male,5.7
694,Sierra Leone,2022,Labour force participation - Female,56.3
694,Sierra Leone,2022,Unemployment rate - Female,4.3
702,Singapore,2005,Labour force participation - Total,65.9
702,Singapore,2005,Unemployment rate - Total,5.6
702,Singapore,2005,Labour force participation - Male,78.1
702,Singapore,2005,Unemployment rate - Male,5.3
702,Singapore,2005,Labour force participation - Female,53.5
702,Singapore,2005,Unemployment rate - Female,6.1
702,Singapore,2010,Labour force participation - Total,68.8
702,Singapore,2010,Unemployment rate - Total,4.1
702,Singapore,2010,Labour force participation - Male,78.7
702,Singapore,2010,Unemployment rate - Male,3.9
702,Singapore,2010,Labour force participation - Female,58.1
702,Singapore,2010,Unemployment rate - Female,4.4
702,Singapore,2015,Labour force participation - Total,71.4
702,Singapore,2015,Unemployment rate - Total,3.8
702,Singapore,2015,Labour force participation - Male,79.4
702,Singapore,2015,Unemployment rate - Male,3.7
702,Singapore,2015,Labour force participation - Female,62.6
702,Singapore,2015,Unemployment rate - Female,4
702,Singapore,2022,Labour force participation - Total,69
702,Singapore,2022,Unemployment rate - Total,3.9
702,Singapore,2022,Labour force participation - Male,77.1
702,Singapore,2022,Unemployment rate - Male,3.7
702,Singapore,2022,Labour force participation - Female,60.1
702,Singapore,2022,Unemployment rate - Female,4.3
703,Slovakia,2005,Labour force participation - Total,59.5
703,Slovakia,2005,Unemployment rate - Total,16.3
703,Slovakia,2005,Labour force participation - Male,68.4
703,Slovakia,2005,Unemployment rate - Male,15.5
703,Slovakia,2005,Labour force participation - Female,51.3
703,Slovakia,2005,Unemployment rate - Female,17.2
703,Slovakia,2010,Labour force participation - Total,59
703,Slovakia,2010,Unemployment rate - Total,14.4
703,Slovakia,2010,Labour force participation - Male,67.8
703,Slovakia,2010,Unemployment rate - Male,14.2
703,Slovakia,2010,Labour force participation - Female,50.8
703,Slovakia,2010,Unemployment rate - Female,14.6
703,Slovakia,2015,Labour force participation - Total,59.6
703,Slovakia,2015,Unemployment rate - Total,11.5
703,Slovakia,2015,Labour force participation - Male,67.9
703,Slovakia,2015,Unemployment rate - Male,10.3
703,Slovakia,2015,Labour force participation - Female,52
703,Slovakia,2015,Unemployment rate - Female,12.9
703,Slovakia,2022,Labour force participation - Total,60.3
703,Slovakia,2022,Unemployment rate - Total,6.2
703,Slovakia,2022,Labour force participation - Male,66.6
703,Slovakia,2022,Unemployment rate - Male,6
703,Slovakia,2022,Labour force participation - Female,54.5
703,Slovakia,2022,Unemployment rate - Female,6.4
705,Slovenia,2005,Labour force participation - Total,59.3
705,Slovenia,2005,Unemployment rate - Total,6.5
705,Slovenia,2005,Labour force participation - Male,66
705,Slovenia,2005,Unemployment rate - Male,6.1
705,Slovenia,2005,Labour force participation - Female,52.9
705,Slovenia,2005,Unemployment rate - Female,7
705,Slovenia,2010,Labour force participation - Total,59.2
705,Slovenia,2010,Unemployment rate - Total,7.2
705,Slovenia,2010,Labour force participation - Male,65.3
705,Slovenia,2010,Unemployment rate - Male,7.4
705,Slovenia,2010,Labour force participation - Female,53.2
705,Slovenia,2010,Unemployment rate - Female,7
705,Slovenia,2015,Labour force participation - Total,57.3
705,Slovenia,2015,Unemployment rate - Total,9
705,Slovenia,2015,Labour force participation - Male,62.9
705,Slovenia,2015,Unemployment rate - Male,8
705,Slovenia,2015,Labour force participation - Female,51.9
705,Slovenia,2015,Unemployment rate - Female,10
705,Slovenia,2022,Labour force participation - Total,57.6
705,Slovenia,2022,Unemployment rate - Total,3.7
705,Slovenia,2022,Labour force participation - Male,61.8
705,Slovenia,2022,Unemployment rate - Male,2.9
705,Slovenia,2022,Labour force participation - Female,53.4
705,Slovenia,2022,Unemployment rate - Female,4.6
90,Solomon Islands,2005,Labour force participation - Total,86.3
90,Solomon Islands,2005,Unemployment rate - Total,1.8
90,Solomon Islands,2005,Labour force participation - Male,88
90,Solomon Islands,2005,Unemployment rate - Male,1.9
90,Solomon Islands,2005,Labour force participation - Female,84.7
90,Solomon Islands,2005,Unemployment rate - Female,1.6
90,Solomon Islands,2010,Labour force participation - Total,86.2
90,Solomon Islands,2010,Unemployment rate - Total,1.6
90,Solomon Islands,2010,Labour force participation - Male,88
90,Solomon Islands,2010,Unemployment rate - Male,1.7
90,Solomon Islands,2010,Labour force participation - Female,84.3
90,Solomon Islands,2010,Unemployment rate - Female,1.4
90,Solomon Islands,2015,Labour force participation - Total,86
90,Solomon Islands,2015,Unemployment rate - Total,0.7
90,Solomon Islands,2015,Labour force participation - Male,87.9
90,Solomon Islands,2015,Unemployment rate - Male,0.7
90,Solomon Islands,2015,Labour force participation - Female,84
90,Solomon Islands,2015,Unemployment rate - Female,0.8
90,Solomon Islands,2022,Labour force participation - Total,85.5
90,Solomon Islands,2022,Unemployment rate - Total,0.9
90,Solomon Islands,2022,Labour force participation - Male,87.5
90,Solomon Islands,2022,Unemployment rate - Male,0.8
90,Solomon Islands,2022,Labour force participation - Female,83.4
90,Solomon Islands,2022,Unemployment rate - Female,0.9
706,Somalia,2005,Labour force participation - Total,34.4
706,Somalia,2005,Unemployment rate - Total,19
706,Somalia,2005,Labour force participation - Male,48.4
706,Somalia,2005,Unemployment rate - Male,17
706,Somalia,2005,Labour force participation - Female,20.5
706,Somalia,2005,Unemployment rate - Female,23.7
706,Somalia,2010,Labour force participation - Total,34.5
706,Somalia,2010,Unemployment rate - Total,19
706,Somalia,2010,Labour force participation - Male,48.7
706,Somalia,2010,Unemployment rate - Male,16.8
706,Somalia,2010,Labour force participation - Female,20.5
706,Somalia,2010,Unemployment rate - Female,24
706,Somalia,2015,Labour force participation - Total,34.2
706,Somalia,2015,Unemployment rate - Total,18.9
706,Somalia,2015,Labour force participation - Male,47.9
706,Somalia,2015,Unemployment rate - Male,16.5
706,Somalia,2015,Labour force participation - Female,20.8
706,Somalia,2015,Unemployment rate - Female,24.2
706,Somalia,2022,Labour force participation - Total,33.9
706,Somalia,2022,Unemployment rate - Total,19.6
706,Somalia,2022,Labour force participation - Male,47.1
706,Somalia,2022,Unemployment rate - Male,16.9
706,Somalia,2022,Labour force participation - Female,21
706,Somalia,2022,Unemployment rate - Female,25.6
710,South Africa,2005,Labour force participation - Total,56.1
710,South Africa,2005,Unemployment rate - Total,29.1
710,South Africa,2005,Labour force participation - Male,65.1
710,South Africa,2005,Unemployment rate - Male,23.5
710,South Africa,2005,Labour force participation - Female,47.4
710,South Africa,2005,Unemployment rate - Female,36.4
710,South Africa,2010,Labour force participation - Total,52.3
710,South Africa,2010,Unemployment rate - Total,24.7
710,South Africa,2010,Labour force participation - Male,60.4
710,South Africa,2010,Unemployment rate - Male,22.9
710,South Africa,2010,Labour force participation - Female,44.5
710,South Africa,2010,Unemployment rate - Female,27
710,South Africa,2015,Labour force participation - Total,54.6
710,South Africa,2015,Unemployment rate - Total,25.2
710,South Africa,2015,Labour force participation - Male,61.9
710,South Africa,2015,Unemployment rate - Male,23.2
710,South Africa,2015,Labour force participation - Female,47.6
710,South Africa,2015,Unemployment rate - Female,27.5
710,South Africa,2022,Labour force participation - Total,54
710,South Africa,2022,Unemployment rate - Total,33.5
710,South Africa,2022,Labour force participation - Male,61
710,South Africa,2022,Unemployment rate - Male,31.7
710,South Africa,2022,Labour force participation - Female,47.4
710,South Africa,2022,Unemployment rate - Female,35.7
728,South Sudan,2005,Labour force participation - Total,74.3
728,South Sudan,2005,Unemployment rate - Total,12.1
728,South Sudan,2005,Labour force participation - Male,77
728,South Sudan,2005,Unemployment rate - Male,11.1
728,South Sudan,2005,Labour force participation - Female,71.6
728,South Sudan,2005,Unemployment rate - Female,13.2
728,South Sudan,2010,Labour force participation - Total,74.1
728,South Sudan,2010,Unemployment rate - Total,12.2
728,South Sudan,2010,Labour force participation - Male,76.4
728,South Sudan,2010,Unemployment rate - Male,11.2
728,South Sudan,2010,Labour force participation - Female,71.8
728,South Sudan,2010,Unemployment rate - Female,13.2
728,South Sudan,2015,Labour force participation - Total,73.9
728,South Sudan,2015,Unemployment rate - Total,12.3
728,South Sudan,2015,Labour force participation - Male,75.6
728,South Sudan,2015,Unemployment rate - Male,11.3
728,South Sudan,2015,Labour force participation - Female,72.1
728,South Sudan,2015,Unemployment rate - Female,13.3
728,South Sudan,2022,Labour force participation - Total,73
728,South Sudan,2022,Unemployment rate - Total,13.3
728,South Sudan,2022,Labour force participation - Male,74
728,South Sudan,2022,Unemployment rate - Male,12.1
728,South Sudan,2022,Labour force participation - Female,71.9
728,South Sudan,2022,Unemployment rate - Female,14.6
724,Spain,2005,Labour force participation - Total,57.1
724,Spain,2005,Unemployment rate - Total,9.2
724,Spain,2005,Labour force participation - Male,68.1
724,Spain,2005,Unemployment rate - Male,7.1
724,Spain,2005,Labour force participation - Female,46.5
724,Spain,2005,Unemployment rate - Female,12
724,Spain,2010,Labour force participation - Total,59.6
724,Spain,2010,Unemployment rate - Total,19.9
724,Spain,2010,Labour force participation - Male,67.3
724,Spain,2010,Unemployment rate - Male,19.6
724,Spain,2010,Labour force participation - Female,52.2
724,Spain,2010,Unemployment rate - Female,20.2
724,Spain,2015,Labour force participation - Total,58.8
724,Spain,2015,Unemployment rate - Total,22.1
724,Spain,2015,Labour force participation - Male,64.8
724,Spain,2015,Unemployment rate - Male,20.8
724,Spain,2015,Labour force participation - Female,53.1
724,Spain,2015,Unemployment rate - Female,23.6
724,Spain,2022,Labour force participation - Total,57
724,Spain,2022,Unemployment rate - Total,13.5
724,Spain,2022,Labour force participation - Male,62
724,Spain,2022,Unemployment rate - Male,11.8
724,Spain,2022,Labour force participation - Female,52.2
724,Spain,2022,Unemployment rate - Female,15.5
144,Sri Lanka,2005,Labour force participation - Total,54.4
144,Sri Lanka,2005,Unemployment rate - Total,7.7
144,Sri Lanka,2005,Labour force participation - Male,74.7
144,Sri Lanka,2005,Unemployment rate - Male,5.6
144,Sri Lanka,2005,Labour force participation - Female,35.1
144,Sri Lanka,2005,Unemployment rate - Female,11.9
144,Sri Lanka,2010,Labour force participation - Total,53.3
144,Sri Lanka,2010,Unemployment rate - Total,4.8
144,Sri Lanka,2010,Labour force participation - Male,74.2
144,Sri Lanka,2010,Unemployment rate - Male,3.5
144,Sri Lanka,2010,Labour force participation - Female,34
144,Sri Lanka,2010,Unemployment rate - Female,7.5
144,Sri Lanka,2015,Labour force participation - Total,53.7
144,Sri Lanka,2015,Unemployment rate - Total,4.5
144,Sri Lanka,2015,Labour force participation - Male,73.9
144,Sri Lanka,2015,Unemployment rate - Male,3
144,Sri Lanka,2015,Labour force participation - Female,35.4
144,Sri Lanka,2015,Unemployment rate - Female,7.4
144,Sri Lanka,2022,Labour force participation - Total,49.1
144,Sri Lanka,2022,Unemployment rate - Total,4.9
144,Sri Lanka,2022,Labour force participation - Male,69.1
144,Sri Lanka,2022,Unemployment rate - Male,3.5
144,Sri Lanka,2022,Labour force participation - Female,31.4
144,Sri Lanka,2022,Unemployment rate - Female,7.7
275,State of Palestine,2005,Labour force participation - Total,38.6
275,State of Palestine,2005,Unemployment rate - Total,20
275,State of Palestine,2005,Labour force participation - Male,64.1
275,State of Palestine,2005,Unemployment rate - Male,20.7
275,State of Palestine,2005,Labour force participation - Female,12.6
275,State of Palestine,2005,Unemployment rate - Female,16.7
275,State of Palestine,2010,Labour force participation - Total,40
275,State of Palestine,2010,Unemployment rate - Total,21.4
275,State of Palestine,2010,Labour force participation - Male,65.6
275,State of Palestine,2010,Unemployment rate - Male,21.4
275,State of Palestine,2010,Labour force participation - Female,13.8
275,State of Palestine,2010,Unemployment rate - Female,21.6
275,State of Palestine,2015,Labour force participation - Total,44
275,State of Palestine,2015,Unemployment rate - Total,23
275,State of Palestine,2015,Labour force participation - Male,69.7
275,State of Palestine,2015,Unemployment rate - Male,20.2
275,State of Palestine,2015,Labour force participation - Female,17.7
275,State of Palestine,2015,Unemployment rate - Female,34.3
275,State of Palestine,2022,Labour force participation - Total,43
275,State of Palestine,2022,Unemployment rate - Total,24.5
275,State of Palestine,2022,Labour force participation - Male,68
275,State of Palestine,2022,Unemployment rate - Male,20.7
275,State of Palestine,2022,Labour force participation - Female,17.5
275,State of Palestine,2022,Unemployment rate - Female,39.6
729,Sudan,2005,Labour force participation - Total,50.4
729,Sudan,2005,Unemployment rate - Total,15
729,Sudan,2005,Labour force participation - Male,72.3
729,Sudan,2005,Unemployment rate - Male,13.1
729,Sudan,2005,Labour force participation - Female,28.8
729,Sudan,2005,Unemployment rate - Female,19.6
729,Sudan,2010,Labour force participation - Total,49.9
729,Sudan,2010,Unemployment rate - Total,15.2
729,Sudan,2010,Labour force participation - Male,71.6
729,Sudan,2010,Unemployment rate - Male,10.5
729,Sudan,2010,Labour force participation - Female,28.9
729,Sudan,2010,Unemployment rate - Female,26.5
729,Sudan,2015,Labour force participation - Total,49.4
729,Sudan,2015,Unemployment rate - Total,17.5
729,Sudan,2015,Labour force participation - Male,70.2
729,Sudan,2015,Unemployment rate - Male,12.5
729,Sudan,2015,Labour force participation - Female,29.2
729,Sudan,2015,Unemployment rate - Female,29.2
729,Sudan,2022,Labour force participation - Total,48.5
729,Sudan,2022,Unemployment rate - Total,19.5
729,Sudan,2022,Labour force participation - Male,68.3
729,Sudan,2022,Unemployment rate - Male,14.4
729,Sudan,2022,Labour force participation - Female,29.1
729,Sudan,2022,Unemployment rate - Female,31.4
740,Suriname,2005,Labour force participation - Total,50
740,Suriname,2005,Unemployment rate - Total,9.4
740,Suriname,2005,Labour force participation - Male,62.9
740,Suriname,2005,Unemployment rate - Male,6.1
740,Suriname,2005,Labour force participation - Female,37
740,Suriname,2005,Unemployment rate - Female,14.9
740,Suriname,2010,Labour force participation - Total,52.8
740,Suriname,2010,Unemployment rate - Total,7.2
740,Suriname,2010,Labour force participation - Male,64.9
740,Suriname,2010,Unemployment rate - Male,3.6
740,Suriname,2010,Labour force participation - Female,40.7
740,Suriname,2010,Unemployment rate - Female,12.7
740,Suriname,2015,Labour force participation - Total,55.6
740,Suriname,2015,Unemployment rate - Total,7.2
740,Suriname,2015,Labour force participation - Male,66.8
740,Suriname,2015,Unemployment rate - Male,4.4
740,Suriname,2015,Labour force participation - Female,44.5
740,Suriname,2015,Unemployment rate - Female,11.4
740,Suriname,2022,Labour force participation - Total,55.2
740,Suriname,2022,Unemployment rate - Total,9.9
740,Suriname,2022,Labour force participation - Male,66
740,Suriname,2022,Unemployment rate - Male,7.3
740,Suriname,2022,Labour force participation - Female,44.6
740,Suriname,2022,Unemployment rate - Female,13.7
752,Sweden,2005,Labour force participation - Total,62.9
752,Sweden,2005,Unemployment rate - Total,7.5
752,Sweden,2005,Labour force participation - Male,67
752,Sweden,2005,Unemployment rate - Male,7.6
752,Sweden,2005,Labour force participation - Female,58.8
752,Sweden,2005,Unemployment rate - Female,7.4
752,Sweden,2010,Labour force participation - Total,63.1
752,Sweden,2010,Unemployment rate - Total,8.6
752,Sweden,2010,Labour force participation - Male,67.4
752,Sweden,2010,Unemployment rate - Male,8.7
752,Sweden,2010,Labour force participation - Female,58.9
752,Sweden,2010,Unemployment rate - Female,8.5
752,Sweden,2015,Labour force participation - Total,64
752,Sweden,2015,Unemployment rate - Total,7.4
752,Sweden,2015,Labour force participation - Male,67.4
752,Sweden,2015,Unemployment rate - Male,7.6
752,Sweden,2015,Labour force participation - Female,60.7
752,Sweden,2015,Unemployment rate - Female,7.3
752,Sweden,2022,Labour force participation - Total,64.7
752,Sweden,2022,Unemployment rate - Total,7.7
752,Sweden,2022,Labour force participation - Male,67.8
752,Sweden,2022,Unemployment rate - Male,7.5
752,Sweden,2022,Labour force participation - Female,61.6
752,Sweden,2022,Unemployment rate - Female,7.8
756,Switzerland,2005,Labour force participation - Total,67
756,Switzerland,2005,Unemployment rate - Total,4.4
756,Switzerland,2005,Labour force participation - Male,75.1
756,Switzerland,2005,Unemployment rate - Male,3.9
756,Switzerland,2005,Labour force participation - Female,59.3
756,Switzerland,2005,Unemployment rate - Female,5.1
756,Switzerland,2010,Labour force participation - Total,67
756,Switzerland,2010,Unemployment rate - Total,4.8
756,Switzerland,2010,Labour force participation - Male,74.3
756,Switzerland,2010,Unemployment rate - Male,4.5
756,Switzerland,2010,Labour force participation - Female,60
756,Switzerland,2010,Unemployment rate - Female,5.2
756,Switzerland,2015,Labour force participation - Total,68.2
756,Switzerland,2015,Unemployment rate - Total,4.8
756,Switzerland,2015,Labour force participation - Male,74.2
756,Switzerland,2015,Unemployment rate - Male,4.7
756,Switzerland,2015,Labour force participation - Female,62.3
756,Switzerland,2015,Unemployment rate - Female,4.9
756,Switzerland,2022,Labour force participation - Total,67.4
756,Switzerland,2022,Unemployment rate - Total,4.9
756,Switzerland,2022,Labour force participation - Male,73
756,Switzerland,2022,Unemployment rate - Male,4.8
756,Switzerland,2022,Labour force participation - Female,62
756,Switzerland,2022,Unemployment rate - Female,5.1
760,Syrian Arab Republic,2005,Labour force participation - Total,46.6
760,Syrian Arab Republic,2005,Unemployment rate - Total,8.9
760,Syrian Arab Republic,2005,Labour force participation - Male,75.9
760,Syrian Arab Republic,2005,Unemployment rate - Male,6
760,Syrian Arab Republic,2005,Labour force participation - Female,16.4
760,Syrian Arab Republic,2005,Unemployment rate - Female,22.5
760,Syrian Arab Republic,2010,Labour force participation - Total,42.7
760,Syrian Arab Republic,2010,Unemployment rate - Total,8.6
760,Syrian Arab Republic,2010,Labour force participation - Male,72.3
760,Syrian Arab Republic,2010,Unemployment rate - Male,6.2
760,Syrian Arab Republic,2010,Labour force participation - Female,13
760,Syrian Arab Republic,2010,Unemployment rate - Female,22
760,Syrian Arab Republic,2015,Labour force participation - Total,43.9
760,Syrian Arab Republic,2015,Unemployment rate - Total,8.7
760,Syrian Arab Republic,2015,Labour force participation - Male,71.9
760,Syrian Arab Republic,2015,Unemployment rate - Male,6.1
760,Syrian Arab Republic,2015,Labour force participation - Female,15.8
760,Syrian Arab Republic,2015,Unemployment rate - Female,20.4
760,Syrian Arab Republic,2022,Labour force participation - Total,43.5
760,Syrian Arab Republic,2022,Unemployment rate - Total,10
760,Syrian Arab Republic,2022,Labour force participation - Male,71.5
760,Syrian Arab Republic,2022,Unemployment rate - Male,7.2
760,Syrian Arab Republic,2022,Labour force participation - Female,16.1
760,Syrian Arab Republic,2022,Unemployment rate - Female,22.3
762,Tajikistan,2005,Labour force participation - Total,44.2
762,Tajikistan,2005,Unemployment rate - Total,13.1
762,Tajikistan,2005,Labour force participation - Male,57.5
762,Tajikistan,2005,Unemployment rate - Male,13.8
762,Tajikistan,2005,Labour force participation - Female,30.9
762,Tajikistan,2005,Unemployment rate - Female,11.9
762,Tajikistan,2010,Labour force participation - Total,42
762,Tajikistan,2010,Unemployment rate - Total,10.9
762,Tajikistan,2010,Labour force participation - Male,54.8
762,Tajikistan,2010,Unemployment rate - Male,11.5
762,Tajikistan,2010,Labour force participation - Female,29.2
762,Tajikistan,2010,Unemployment rate - Female,9.7
762,Tajikistan,2015,Labour force participation - Total,42.3
762,Tajikistan,2015,Unemployment rate - Total,7.6
762,Tajikistan,2015,Labour force participation - Male,52.8
762,Tajikistan,2015,Unemployment rate - Male,8.4
762,Tajikistan,2015,Labour force participation - Female,31.8
762,Tajikistan,2015,Unemployment rate - Female,6.1
762,Tajikistan,2022,Labour force participation - Total,40.3
762,Tajikistan,2022,Unemployment rate - Total,7.7
762,Tajikistan,2022,Labour force participation - Male,50.4
762,Tajikistan,2022,Unemployment rate - Male,8.6
762,Tajikistan,2022,Labour force participation - Female,30.2
762,Tajikistan,2022,Unemployment rate - Female,6.3
764,Thailand,2005,Labour force participation - Total,73.7
764,Thailand,2005,Unemployment rate - Total,1.4
764,Thailand,2005,Labour force participation - Male,81.5
764,Thailand,2005,Unemployment rate - Male,1.5
764,Thailand,2005,Labour force participation - Female,66.3
764,Thailand,2005,Unemployment rate - Female,1.2
764,Thailand,2010,Labour force participation - Total,71.6
764,Thailand,2010,Unemployment rate - Total,0.6
764,Thailand,2010,Labour force participation - Male,80
764,Thailand,2010,Unemployment rate - Male,0.6
764,Thailand,2010,Labour force participation - Female,63.7
764,Thailand,2010,Unemployment rate - Female,0.6
764,Thailand,2015,Labour force participation - Total,69.2
764,Thailand,2015,Unemployment rate - Total,0.6
764,Thailand,2015,Labour force participation - Male,77.9
764,Thailand,2015,Unemployment rate - Male,0.6
764,Thailand,2015,Labour force participation - Female,61.1
764,Thailand,2015,Unemployment rate - Female,0.6
764,Thailand,2022,Labour force participation - Total,65.7
764,Thailand,2022,Unemployment rate - Total,1
764,Thailand,2022,Labour force participation - Male,74.1
764,Thailand,2022,Unemployment rate - Male,1
764,Thailand,2022,Labour force participation - Female,58
764,Thailand,2022,Unemployment rate - Female,1
626,Timor-Leste,2005,Labour force participation - Total,68.2
626,Timor-Leste,2005,Unemployment rate - Total,3.4
626,Timor-Leste,2005,Labour force participation - Male,73.1
626,Timor-Leste,2005,Unemployment rate - Male,2.9
626,Timor-Leste,2005,Labour force participation - Female,63.3
626,Timor-Leste,2005,Unemployment rate - Female,4.1
626,Timor-Leste,2010,Labour force participation - Total,67.5
626,Timor-Leste,2010,Unemployment rate - Total,3.3
626,Timor-Leste,2010,Labour force participation - Male,72.8
626,Timor-Leste,2010,Unemployment rate - Male,2.7
626,Timor-Leste,2010,Labour force participation - Female,62
626,Timor-Leste,2010,Unemployment rate - Female,4
626,Timor-Leste,2015,Labour force participation - Total,67.1
626,Timor-Leste,2015,Unemployment rate - Total,4.4
626,Timor-Leste,2015,Labour force participation - Male,72.7
626,Timor-Leste,2015,Unemployment rate - Male,3.2
626,Timor-Leste,2015,Labour force participation - Female,61.5
626,Timor-Leste,2015,Unemployment rate - Female,5.9
626,Timor-Leste,2022,Labour force participation - Total,67
626,Timor-Leste,2022,Unemployment rate - Total,4.8
626,Timor-Leste,2022,Labour force participation - Male,72.5
626,Timor-Leste,2022,Unemployment rate - Male,3.5
626,Timor-Leste,2022,Labour force participation - Female,61.4
626,Timor-Leste,2022,Unemployment rate - Female,6.4
768,Togo,2005,Labour force participation - Total,58.4
768,Togo,2005,Unemployment rate - Total,4.2
768,Togo,2005,Labour force participation - Male,61.6
768,Togo,2005,Unemployment rate - Male,4.3
768,Togo,2005,Labour force participation - Female,55.3
768,Togo,2005,Unemployment rate - Female,4.2
768,Togo,2010,Labour force participation - Total,58.4
768,Togo,2010,Unemployment rate - Total,2.4
768,Togo,2010,Labour force participation - Male,61.6
768,Togo,2010,Unemployment rate - Male,2.7
768,Togo,2010,Labour force participation - Female,55.3
768,Togo,2010,Unemployment rate - Female,2.1
768,Togo,2015,Labour force participation - Total,58.2
768,Togo,2015,Unemployment rate - Total,2.2
768,Togo,2015,Labour force participation - Male,60.9
768,Togo,2015,Unemployment rate - Male,2.7
768,Togo,2015,Labour force participation - Female,55.6
768,Togo,2015,Unemployment rate - Female,1.7
768,Togo,2022,Labour force participation - Total,57.6
768,Togo,2022,Unemployment rate - Total,3.9
768,Togo,2022,Labour force participation - Male,59.5
768,Togo,2022,Unemployment rate - Male,4.7
768,Togo,2022,Labour force participation - Female,55.8
768,Togo,2022,Unemployment rate - Female,3
776,Tonga,2005,Labour force participation - Total,53.7
776,Tonga,2005,Unemployment rate - Total,2.5
776,Tonga,2005,Labour force participation - Male,66
776,Tonga,2005,Unemployment rate - Male,1.8
776,Tonga,2005,Labour force participation - Female,41.8
776,Tonga,2005,Unemployment rate - Female,3.5
776,Tonga,2010,Labour force participation - Total,51
776,Tonga,2010,Unemployment rate - Total,1.7
776,Tonga,2010,Labour force participation - Male,62.1
776,Tonga,2010,Unemployment rate - Male,1.3
776,Tonga,2010,Labour force participation - Female,40.3
776,Tonga,2010,Unemployment rate - Female,2.3
776,Tonga,2015,Labour force participation - Total,48.3
776,Tonga,2015,Unemployment rate - Total,2.6
776,Tonga,2015,Labour force participation - Male,58.2
776,Tonga,2015,Unemployment rate - Male,2.1
776,Tonga,2015,Labour force participation - Female,38.9
776,Tonga,2015,Unemployment rate - Female,3.2
776,Tonga,2022,Labour force participation - Total,46
776,Tonga,2022,Unemployment rate - Total,3.8
776,Tonga,2022,Labour force participation - Male,55.1
776,Tonga,2022,Unemployment rate - Male,3.3
776,Tonga,2022,Labour force participation - Female,37.3
776,Tonga,2022,Unemployment rate - Female,4.5
780,Trinidad and Tobago,2005,Labour force participation - Total,63.7
780,Trinidad and Tobago,2005,Unemployment rate - Total,8
780,Trinidad and Tobago,2005,Labour force participation - Male,75.3
780,Trinidad and Tobago,2005,Unemployment rate - Male,5.8
780,Trinidad and Tobago,2005,Labour force participation - Female,52.4
780,Trinidad and Tobago,2005,Unemployment rate - Female,11
780,Trinidad and Tobago,2010,Labour force participation - Total,60.9
780,Trinidad and Tobago,2010,Unemployment rate - Total,4
780,Trinidad and Tobago,2010,Labour force participation - Male,72.4
780,Trinidad and Tobago,2010,Unemployment rate - Male,3.6
780,Trinidad and Tobago,2010,Labour force participation - Female,49.7
780,Trinidad and Tobago,2010,Unemployment rate - Female,4.7
780,Trinidad and Tobago,2015,Labour force participation - Total,60
780,Trinidad and Tobago,2015,Unemployment rate - Total,2.4
780,Trinidad and Tobago,2015,Labour force participation - Male,70.8
780,Trinidad and Tobago,2015,Unemployment rate - Male,2.1
780,Trinidad and Tobago,2015,Labour force participation - Female,49.5
780,Trinidad and Tobago,2015,Unemployment rate - Female,2.9
780,Trinidad and Tobago,2022,Labour force participation - Total,57.8
780,Trinidad and Tobago,2022,Unemployment rate - Total,4.3
780,Trinidad and Tobago,2022,Labour force participation - Male,68.6
780,Trinidad and Tobago,2022,Unemployment rate - Male,4.3
780,Trinidad and Tobago,2022,Labour force participation - Female,47.5
780,Trinidad and Tobago,2022,Unemployment rate - Female,4.4
788,Tunisia,2005,Labour force participation - Total,45.5
788,Tunisia,2005,Unemployment rate - Total,12.9
788,Tunisia,2005,Labour force participation - Male,67.9
788,Tunisia,2005,Unemployment rate - Male,12.1
788,Tunisia,2005,Labour force participation - Female,23.6
788,Tunisia,2005,Unemployment rate - Female,15.2
788,Tunisia,2010,Labour force participation - Total,46.9
788,Tunisia,2010,Unemployment rate - Total,13.1
788,Tunisia,2010,Labour force participation - Male,69.6
788,Tunisia,2010,Unemployment rate - Male,10.9
788,Tunisia,2010,Labour force participation - Female,24.9
788,Tunisia,2010,Unemployment rate - Female,18.9
788,Tunisia,2015,Labour force participation - Total,47.1
788,Tunisia,2015,Unemployment rate - Total,15.2
788,Tunisia,2015,Labour force participation - Male,69
788,Tunisia,2015,Unemployment rate - Male,12.4
788,Tunisia,2015,Labour force participation - Female,26.1
788,Tunisia,2015,Unemployment rate - Female,22.2
788,Tunisia,2022,Labour force participation - Total,46.1
788,Tunisia,2022,Unemployment rate - Total,16.2
788,Tunisia,2022,Labour force participation - Male,67.3
788,Tunisia,2022,Unemployment rate - Male,13.1
788,Tunisia,2022,Labour force participation - Female,25.7
788,Tunisia,2022,Unemployment rate - Female,23.9
792,Türkiye,2005,Labour force participation - Total,46.4
792,Türkiye,2005,Unemployment rate - Total,10.6
792,Türkiye,2005,Labour force participation - Male,70.9
792,Türkiye,2005,Unemployment rate - Male,10.5
792,Türkiye,2005,Labour force participation - Female,23.4
792,Türkiye,2005,Unemployment rate - Female,11.2
792,Türkiye,2010,Labour force participation - Total,48.1
792,Türkiye,2010,Unemployment rate - Total,10.7
792,Türkiye,2010,Labour force participation - Male,70.3
792,Türkiye,2010,Unemployment rate - Male,10.4
792,Türkiye,2010,Labour force participation - Female,27.3
792,Türkiye,2010,Unemployment rate - Female,11.4
792,Türkiye,2015,Labour force participation - Total,51.2
792,Türkiye,2015,Unemployment rate - Total,10.2
792,Türkiye,2015,Labour force participation - Male,72
792,Türkiye,2015,Unemployment rate - Male,9.2
792,Türkiye,2015,Labour force participation - Female,31.6
792,Türkiye,2015,Unemployment rate - Female,12.6
792,Türkiye,2022,Labour force participation - Total,51.1
792,Türkiye,2022,Unemployment rate - Total,14
792,Türkiye,2022,Labour force participation - Male,70.3
792,Türkiye,2022,Unemployment rate - Male,12.8
792,Türkiye,2022,Labour force participation - Female,32.8
792,Türkiye,2022,Unemployment rate - Female,16.4
795,Turkmenistan,2005,Labour force participation - Total,51.8
795,Turkmenistan,2005,Unemployment rate - Total,7.5
795,Turkmenistan,2005,Labour force participation - Male,61.5
795,Turkmenistan,2005,Unemployment rate - Male,9.9
795,Turkmenistan,2005,Labour force participation - Female,42.7
795,Turkmenistan,2005,Unemployment rate - Female,4.3
795,Turkmenistan,2010,Labour force participation - Total,48.9
795,Turkmenistan,2010,Unemployment rate - Total,4
795,Turkmenistan,2010,Labour force participation - Male,58.7
795,Turkmenistan,2010,Unemployment rate - Male,5.2
795,Turkmenistan,2010,Labour force participation - Female,39.7
795,Turkmenistan,2010,Unemployment rate - Female,2.3
795,Turkmenistan,2015,Labour force participation - Total,47.1
795,Turkmenistan,2015,Unemployment rate - Total,4.1
795,Turkmenistan,2015,Labour force participation - Male,56.7
795,Turkmenistan,2015,Unemployment rate - Male,5.3
795,Turkmenistan,2015,Labour force participation - Female,37.9
795,Turkmenistan,2015,Unemployment rate - Female,2.5
795,Turkmenistan,2022,Labour force participation - Total,45.8
795,Turkmenistan,2022,Unemployment rate - Total,5.1
795,Turkmenistan,2022,Labour force participation - Male,55.5
795,Turkmenistan,2022,Unemployment rate - Male,6.2
795,Turkmenistan,2022,Labour force participation - Female,36.6
795,Turkmenistan,2022,Unemployment rate - Female,3.3
796,Turks and Caicos Islands,2005,Labour force participation - Total,62
796,Turks and Caicos Islands,2008,Labour force participation - Total,64
796,Turks and Caicos Islands,2008,Unemployment rate - Total,8.3
800,Uganda,2005,Labour force participation - Total,69.9
800,Uganda,2005,Unemployment rate - Total,1.9
800,Uganda,2005,Labour force participation - Male,75.6
800,Uganda,2005,Unemployment rate - Male,1.7
800,Uganda,2005,Labour force participation - Female,64.5
800,Uganda,2005,Unemployment rate - Female,2.1
800,Uganda,2010,Labour force participation - Total,70.1
800,Uganda,2010,Unemployment rate - Total,3.6
800,Uganda,2010,Labour force participation - Male,75.1
800,Uganda,2010,Unemployment rate - Male,2.9
800,Uganda,2010,Labour force participation - Female,65.4
800,Uganda,2010,Unemployment rate - Female,4.3
800,Uganda,2015,Labour force participation - Total,70
800,Uganda,2015,Unemployment rate - Total,1.9
800,Uganda,2015,Labour force participation - Male,74.2
800,Uganda,2015,Unemployment rate - Male,1.4
800,Uganda,2015,Labour force participation - Female,66
800,Uganda,2015,Unemployment rate - Female,2.5
800,Uganda,2022,Labour force participation - Total,68.5
800,Uganda,2022,Unemployment rate - Total,2.9
800,Uganda,2022,Labour force participation - Male,71.8
800,Uganda,2022,Unemployment rate - Male,2.2
800,Uganda,2022,Labour force participation - Female,65.5
800,Uganda,2022,Unemployment rate - Female,3.7
804,Ukraine,2005,Labour force participation - Total,56
804,Ukraine,2005,Unemployment rate - Total,7.2
804,Ukraine,2005,Labour force participation - Male,60.1
804,Ukraine,2005,Unemployment rate - Male,7.5
804,Ukraine,2005,Labour force participation - Female,52.7
804,Ukraine,2005,Unemployment rate - Female,6.8
804,Ukraine,2010,Labour force participation - Total,56.3
804,Ukraine,2010,Unemployment rate - Total,8.1
804,Ukraine,2010,Labour force participation - Male,61.6
804,Ukraine,2010,Unemployment rate - Male,9.4
804,Ukraine,2010,Labour force participation - Female,51.9
804,Ukraine,2010,Unemployment rate - Female,6.9
804,Ukraine,2015,Labour force participation - Total,56.3
804,Ukraine,2015,Unemployment rate - Total,9.1
804,Ukraine,2015,Labour force participation - Male,63.4
804,Ukraine,2015,Unemployment rate - Male,10.1
804,Ukraine,2015,Labour force participation - Female,50.4
804,Ukraine,2015,Unemployment rate - Female,8.1
804,Ukraine,2022,Labour force participation - Total,55.5
804,Ukraine,2022,Unemployment rate - Total,8.5
804,Ukraine,2022,Labour force participation - Male,63.9
804,Ukraine,2022,Unemployment rate - Male,8.7
804,Ukraine,2022,Labour force participation - Female,48.5
804,Ukraine,2022,Unemployment rate - Female,8.3
784,United Arab Emirates,2005,Labour force participation - Total,77.5
784,United Arab Emirates,2005,Unemployment rate - Total,3.1
784,United Arab Emirates,2005,Labour force participation - Male,91.2
784,United Arab Emirates,2005,Unemployment rate - Male,2.6
784,United Arab Emirates,2005,Labour force participation - Female,37.2
784,United Arab Emirates,2005,Unemployment rate - Female,7.2
784,United Arab Emirates,2010,Labour force participation - Total,78.9
784,United Arab Emirates,2010,Unemployment rate - Total,2.5
784,United Arab Emirates,2010,Labour force participation - Male,89.1
784,United Arab Emirates,2010,Unemployment rate - Male,2
784,United Arab Emirates,2010,Labour force participation - Female,42
784,United Arab Emirates,2010,Unemployment rate - Female,6.1
784,United Arab Emirates,2015,Labour force participation - Total,80.3
784,United Arab Emirates,2015,Unemployment rate - Total,1.8
784,United Arab Emirates,2015,Labour force participation - Male,91.5
784,United Arab Emirates,2015,Unemployment rate - Male,1.2
784,United Arab Emirates,2015,Labour force participation - Female,49.1
784,United Arab Emirates,2015,Unemployment rate - Female,4.5
784,United Arab Emirates,2022,Labour force participation - Total,77.4
784,United Arab Emirates,2022,Unemployment rate - Total,3.3
784,United Arab Emirates,2022,Labour force participation - Male,89
784,United Arab Emirates,2022,Unemployment rate - Male,2.3
784,United Arab Emirates,2022,Labour force participation - Female,47.7
784,United Arab Emirates,2022,Unemployment rate - Female,8.1
826,United Kingdom,2005,Labour force participation - Total,62.3
826,United Kingdom,2005,Unemployment rate - Total,4.8
826,United Kingdom,2005,Labour force participation - Male,69.6
826,United Kingdom,2005,Unemployment rate - Male,5.1
826,United Kingdom,2005,Labour force participation - Female,55.4
826,United Kingdom,2005,Unemployment rate - Female,4.3
826,United Kingdom,2010,Labour force participation - Total,62.4
826,United Kingdom,2010,Unemployment rate - Total,7.8
826,United Kingdom,2010,Labour force participation - Male,69
826,United Kingdom,2010,Unemployment rate - Male,8.6
826,United Kingdom,2010,Labour force participation - Female,56.1
826,United Kingdom,2010,Unemployment rate - Female,6.9
826,United Kingdom,2015,Labour force participation - Total,62.8
826,United Kingdom,2015,Unemployment rate - Total,5.3
826,United Kingdom,2015,Labour force participation - Male,68.6
826,United Kingdom,2015,Unemployment rate - Male,5.5
826,United Kingdom,2015,Labour force participation - Female,57.2
826,United Kingdom,2015,Unemployment rate - Female,5.1
826,United Kingdom,2022,Labour force participation - Total,62.7
826,United Kingdom,2022,Unemployment rate - Total,4
826,United Kingdom,2022,Labour force participation - Male,67.3
826,United Kingdom,2022,Unemployment rate - Male,4.2
826,United Kingdom,2022,Labour force participation - Female,58.3
826,United Kingdom,2022,Unemployment rate - Female,3.9
834,United Rep. of Tanzania,2005,Labour force participation - Total,88
834,United Rep. of Tanzania,2005,Unemployment rate - Total,3.2
834,United Rep. of Tanzania,2005,Labour force participation - Male,89.4
834,United Rep. of Tanzania,2005,Unemployment rate - Male,2.3
834,United Rep. of Tanzania,2005,Labour force participation - Female,86.6
834,United Rep. of Tanzania,2005,Unemployment rate - Female,4.2
834,United Rep. of Tanzania,2010,Labour force participation - Total,86.3
834,United Rep. of Tanzania,2010,Unemployment rate - Total,3
834,United Rep. of Tanzania,2010,Labour force participation - Male,88.8
834,United Rep. of Tanzania,2010,Unemployment rate - Male,2.4
834,United Rep. of Tanzania,2010,Labour force participation - Female,83.9
834,United Rep. of Tanzania,2010,Unemployment rate - Female,3.5
834,United Rep. of Tanzania,2015,Labour force participation - Total,84
834,United Rep. of Tanzania,2015,Unemployment rate - Total,2.1
834,United Rep. of Tanzania,2015,Labour force participation - Male,88
834,United Rep. of Tanzania,2015,Unemployment rate - Male,1.6
834,United Rep. of Tanzania,2015,Labour force participation - Female,80
834,United Rep. of Tanzania,2015,Unemployment rate - Female,2.7
834,United Rep. of Tanzania,2022,Labour force participation - Total,83.5
834,United Rep. of Tanzania,2022,Unemployment rate - Total,2.6
834,United Rep. of Tanzania,2022,Labour force participation - Male,87.2
834,United Rep. of Tanzania,2022,Unemployment rate - Male,2
834,United Rep. of Tanzania,2022,Labour force participation - Female,79.8
834,United Rep. of Tanzania,2022,Unemployment rate - Female,3.3
840,United States of America,2005,Labour force participation - Total,65
840,United States of America,2005,Unemployment rate - Total,5.1
840,United States of America,2005,Labour force participation - Male,72
840,United States of America,2005,Unemployment rate - Male,5.1
840,United States of America,2005,Labour force participation - Female,58.3
840,United States of America,2005,Unemployment rate - Female,5.1
840,United States of America,2010,Labour force participation - Total,63.7
840,United States of America,2010,Unemployment rate - Total,9.6
840,United States of America,2010,Labour force participation - Male,69.9
840,United States of America,2010,Unemployment rate - Male,10.5
840,United States of America,2010,Labour force participation - Female,57.7
840,United States of America,2010,Unemployment rate - Female,8.6
840,United States of America,2015,Labour force participation - Total,61.7
840,United States of America,2015,Unemployment rate - Total,5.3
840,United States of America,2015,Labour force participation - Male,67.9
840,United States of America,2015,Unemployment rate - Male,5.4
840,United States of America,2015,Labour force participation - Female,55.8
840,United States of America,2015,Unemployment rate - Female,5.2
840,United States of America,2022,Labour force participation - Total,60.7
840,United States of America,2022,Unemployment rate - Total,4.1
840,United States of America,2022,Labour force participation - Male,66.4
840,United States of America,2022,Unemployment rate - Male,4.3
840,United States of America,2022,Labour force participation - Female,55.2
840,United States of America,2022,Unemployment rate - Female,3.9
850,United States Virgin Islands,2005,Labour force participation - Total,61.2
850,United States Virgin Islands,2005,Unemployment rate - Total,11
850,United States Virgin Islands,2005,Labour force participation - Male,66.5
850,United States Virgin Islands,2005,Unemployment rate - Male,9.6
850,United States Virgin Islands,2005,Labour force participation - Female,56.4
850,United States Virgin Islands,2005,Unemployment rate - Female,12.4
850,United States Virgin Islands,2010,Labour force participation - Total,61
850,United States Virgin Islands,2010,Unemployment rate - Total,11.7
850,United States Virgin Islands,2010,Labour force participation - Male,67
850,United States Virgin Islands,2010,Unemployment rate - Male,10.8
850,United States Virgin Islands,2010,Labour force participation - Female,55.6
850,United States Virgin Islands,2010,Unemployment rate - Female,12.7
850,United States Virgin Islands,2015,Labour force participation - Total,58
850,United States Virgin Islands,2015,Unemployment rate - Total,12.6
850,United States Virgin Islands,2015,Labour force participation - Male,68
850,United States Virgin Islands,2015,Unemployment rate - Male,11.6
850,United States Virgin Islands,2015,Labour force participation - Female,49.2
850,United States Virgin Islands,2015,Unemployment rate - Female,13.9
850,United States Virgin Islands,2022,Labour force participation - Total,48.6
850,United States Virgin Islands,2022,Unemployment rate - Total,12.7
850,United States Virgin Islands,2022,Labour force participation - Male,58.5
850,United States Virgin Islands,2022,Unemployment rate - Male,11.7
850,United States Virgin Islands,2022,Labour force participation - Female,40
850,United States Virgin Islands,2022,Unemployment rate - Female,14
858,Uruguay,2005,Labour force participation - Total,59.5
858,Uruguay,2005,Unemployment rate - Total,12
858,Uruguay,2005,Labour force participation - Male,70.2
858,Uruguay,2005,Unemployment rate - Male,9.4
858,Uruguay,2005,Labour force participation - Female,49.9
858,Uruguay,2005,Unemployment rate - Female,15.3
858,Uruguay,2010,Labour force participation - Total,64.3
858,Uruguay,2010,Unemployment rate - Total,7.2
858,Uruguay,2010,Labour force participation - Male,74.6
858,Uruguay,2010,Unemployment rate - Male,5.3
858,Uruguay,2010,Labour force participation - Female,54.9
858,Uruguay,2010,Unemployment rate - Female,9.4
858,Uruguay,2015,Labour force participation - Total,64.9
858,Uruguay,2015,Unemployment rate - Total,7.5
858,Uruguay,2015,Labour force participation - Male,74.4
858,Uruguay,2015,Unemployment rate - Male,6.4
858,Uruguay,2015,Labour force participation - Female,56.3
858,Uruguay,2015,Unemployment rate - Female,8.8
858,Uruguay,2022,Labour force participation - Total,62.3
858,Uruguay,2022,Unemployment rate - Total,10.3
858,Uruguay,2022,Labour force participation - Male,69.8
858,Uruguay,2022,Unemployment rate - Male,8.4
858,Uruguay,2022,Labour force participation - Female,55.5
858,Uruguay,2022,Unemployment rate - Female,12.5
860,Uzbekistan,2005,Labour force participation - Total,65.2
860,Uzbekistan,2005,Unemployment rate - Total,7.1
860,Uzbekistan,2005,Labour force participation - Male,77.2
860,Uzbekistan,2005,Unemployment rate - Male,6.2
860,Uzbekistan,2005,Labour force participation - Female,53.7
860,Uzbekistan,2005,Unemployment rate - Female,8.3
860,Uzbekistan,2010,Labour force participation - Total,62.4
860,Uzbekistan,2010,Unemployment rate - Total,5.4
860,Uzbekistan,2010,Labour force participation - Male,74.9
860,Uzbekistan,2010,Unemployment rate - Male,4.7
860,Uzbekistan,2010,Labour force participation - Female,50.3
860,Uzbekistan,2010,Unemployment rate - Female,6.4
860,Uzbekistan,2015,Labour force participation - Total,60.3
860,Uzbekistan,2015,Unemployment rate - Total,5.2
860,Uzbekistan,2015,Labour force participation - Male,73.1
860,Uzbekistan,2015,Unemployment rate - Male,5.3
860,Uzbekistan,2015,Labour force participation - Female,47.8
860,Uzbekistan,2015,Unemployment rate - Female,5
860,Uzbekistan,2022,Labour force participation - Total,57.9
860,Uzbekistan,2022,Unemployment rate - Total,7
860,Uzbekistan,2022,Labour force participation - Male,71
860,Uzbekistan,2022,Unemployment rate - Male,7.1
860,Uzbekistan,2022,Labour force participation - Female,45.2
860,Uzbekistan,2022,Unemployment rate - Female,6.8
548,Vanuatu,2005,Labour force participation - Total,69.6
548,Vanuatu,2005,Unemployment rate - Total,1.7
548,Vanuatu,2005,Labour force participation - Male,78.2
548,Vanuatu,2005,Unemployment rate - Male,1.9
548,Vanuatu,2005,Labour force participation - Female,60.7
548,Vanuatu,2005,Unemployment rate - Female,1.5
548,Vanuatu,2010,Labour force participation - Total,69.2
548,Vanuatu,2010,Unemployment rate - Total,1.9
548,Vanuatu,2010,Labour force participation - Male,78.2
548,Vanuatu,2010,Unemployment rate - Male,2.1
548,Vanuatu,2010,Labour force participation - Female,60.3
548,Vanuatu,2010,Unemployment rate - Female,1.6
548,Vanuatu,2015,Labour force participation - Total,69.4
548,Vanuatu,2015,Unemployment rate - Total,1.9
548,Vanuatu,2015,Labour force participation - Male,78.3
548,Vanuatu,2015,Unemployment rate - Male,2.1
548,Vanuatu,2015,Labour force participation - Female,60.5
548,Vanuatu,2015,Unemployment rate - Female,1.6
548,Vanuatu,2022,Labour force participation - Total,69.1
548,Vanuatu,2022,Unemployment rate - Total,2.1
548,Vanuatu,2022,Labour force participation - Male,78.1
548,Vanuatu,2022,Unemployment rate - Male,2.2
548,Vanuatu,2022,Labour force participation - Female,60.1
548,Vanuatu,2022,Unemployment rate - Female,1.8
862,Venezuela (Boliv. Rep. of),2005,Labour force participation - Total,64.3
862,Venezuela (Boliv. Rep. of),2005,Unemployment rate - Total,10.7
862,Venezuela (Boliv. Rep. of),2005,Labour force participation - Male,79.4
862,Venezuela (Boliv. Rep. of),2005,Unemployment rate - Male,10
862,Venezuela (Boliv. Rep. of),2005,Labour force participation - Female,49.4
862,Venezuela (Boliv. Rep. of),2005,Unemployment rate - Female,11.6
862,Venezuela (Boliv. Rep. of),2010,Labour force participation - Total,63.9
862,Venezuela (Boliv. Rep. of),2010,Unemployment rate - Total,7.1
862,Venezuela (Boliv. Rep. of),2010,Labour force participation - Male,78.5
862,Venezuela (Boliv. Rep. of),2010,Unemployment rate - Male,7.2
862,Venezuela (Boliv. Rep. of),2010,Labour force participation - Female,49.6
862,Venezuela (Boliv. Rep. of),2010,Unemployment rate - Female,6.9
862,Venezuela (Boliv. Rep. of),2015,Labour force participation - Total,62.3
862,Venezuela (Boliv. Rep. of),2015,Unemployment rate - Total,6.1
862,Venezuela (Boliv. Rep. of),2015,Labour force participation - Male,76.1
862,Venezuela (Boliv. Rep. of),2015,Unemployment rate - Male,5.8
862,Venezuela (Boliv. Rep. of),2015,Labour force participation - Female,48.9
862,Venezuela (Boliv. Rep. of),2015,Unemployment rate - Female,6.5
862,Venezuela (Boliv. Rep. of),2022,Labour force participation - Total,50.7
862,Venezuela (Boliv. Rep. of),2022,Unemployment rate - Total,5.5
862,Venezuela (Boliv. Rep. of),2022,Labour force participation - Male,67.9
862,Venezuela (Boliv. Rep. of),2022,Unemployment rate - Male,5
862,Venezuela (Boliv. Rep. of),2022,Labour force participation - Female,34.4
862,Venezuela (Boliv. Rep. of),2022,Unemployment rate - Female,6.6
704,Viet Nam,2005,Labour force participation - Total,72.4
704,Viet Nam,2005,Unemployment rate - Total,2.1
704,Viet Nam,2005,Labour force participation - Male,76.5
704,Viet Nam,2005,Unemployment rate - Male,1.9
704,Viet Nam,2005,Labour force participation - Female,68.5
704,Viet Nam,2005,Unemployment rate - Female,2.3
704,Viet Nam,2010,Labour force participation - Total,76.2
704,Viet Nam,2010,Unemployment rate - Total,1.1
704,Viet Nam,2010,Labour force participation - Male,81
704,Viet Nam,2010,Unemployment rate - Male,1.1
704,Viet Nam,2010,Labour force participation - Female,71.5
704,Viet Nam,2010,Unemployment rate - Female,1.1
704,Viet Nam,2015,Labour force participation - Total,77.2
704,Viet Nam,2015,Unemployment rate - Total,1.9
704,Viet Nam,2015,Labour force participation - Male,82.1
704,Viet Nam,2015,Unemployment rate - Male,2
704,Viet Nam,2015,Labour force participation - Female,72.4
704,Viet Nam,2015,Unemployment rate - Female,1.7
704,Viet Nam,2022,Labour force participation - Total,74.1
704,Viet Nam,2022,Unemployment rate - Total,2.3
704,Viet Nam,2022,Labour force participation - Male,79.2
704,Viet Nam,2022,Unemployment rate - Male,2.3
704,Viet Nam,2022,Labour force participation - Female,69.1
704,Viet Nam,2022,Unemployment rate - Female,2.3
732,Western Sahara,2005,Labour force participation - Total,50.1
732,Western Sahara,2005,Unemployment rate - Total,7.7
732,Western Sahara,2005,Labour force participation - Male,73
732,Western Sahara,2005,Unemployment rate - Male,6.7
732,Western Sahara,2005,Labour force participation - Female,23.5
732,Western Sahara,2005,Unemployment rate - Female,11.2
732,Western Sahara,2010,Labour force participation - Total,49.8
732,Western Sahara,2010,Unemployment rate - Total,6.9
732,Western Sahara,2010,Labour force participation - Male,71.9
732,Western Sahara,2010,Unemployment rate - Male,5.6
732,Western Sahara,2010,Labour force participation - Female,24.3
732,Western Sahara,2010,Unemployment rate - Female,11.3
732,Western Sahara,2015,Labour force participation - Total,49.5
732,Western Sahara,2015,Unemployment rate - Total,7.4
732,Western Sahara,2015,Labour force participation - Male,71.4
732,Western Sahara,2015,Unemployment rate - Male,5.6
732,Western Sahara,2015,Labour force participation - Female,24.6
732,Western Sahara,2015,Unemployment rate - Female,13.2
732,Western Sahara,2022,Labour force participation - Total,49
732,Western Sahara,2022,Unemployment rate - Total,8.3
732,Western Sahara,2022,Labour force participation - Male,70.7
732,Western Sahara,2022,Unemployment rate - Male,6.2
732,Western Sahara,2022,Labour force participation - Female,24.7
732,Western Sahara,2022,Unemployment rate - Female,15
887,Yemen,2005,Labour force participation - Total,42
887,Yemen,2005,Unemployment rate - Total,12.2
887,Yemen,2005,Labour force participation - Male,69.4
887,Yemen,2005,Unemployment rate - Male,11.7
887,Yemen,2005,Labour force participation - Female,14.6
887,Yemen,2005,Unemployment rate - Female,14.4
887,Yemen,2010,Labour force participation - Total,38.8
887,Yemen,2010,Unemployment rate - Total,12.8
887,Yemen,2010,Labour force participation - Male,67.5
887,Yemen,2010,Unemployment rate - Male,11.7
887,Yemen,2010,Labour force participation - Female,10
887,Yemen,2010,Unemployment rate - Female,20.2
887,Yemen,2015,Labour force participation - Total,36.6
887,Yemen,2015,Unemployment rate - Total,13.8
887,Yemen,2015,Labour force participation - Male,67
887,Yemen,2015,Unemployment rate - Male,12.6
887,Yemen,2015,Labour force participation - Female,6.1
887,Yemen,2015,Unemployment rate - Female,26.4
887,Yemen,2022,Labour force participation - Total,36.9
887,Yemen,2022,Unemployment rate - Total,13.3
887,Yemen,2022,Labour force participation - Male,67.8
887,Yemen,2022,Unemployment rate - Male,12.2
887,Yemen,2022,Labour force participation - Female,6
887,Yemen,2022,Unemployment rate - Female,25.9
894,Zambia,2005,Labour force participation - Total,79.6
894,Zambia,2005,Unemployment rate - Total,15.9
894,Zambia,2005,Labour force participation - Male,85.9
894,Zambia,2005,Unemployment rate - Male,16.9
894,Zambia,2005,Labour force participation - Female,73.6
894,Zambia,2005,Unemployment rate - Female,14.8
894,Zambia,2010,Labour force participation - Total,76.1
894,Zambia,2010,Unemployment rate - Total,13.2
894,Zambia,2010,Labour force participation - Male,81.9
894,Zambia,2010,Unemployment rate - Male,13.1
894,Zambia,2010,Labour force participation - Female,70.6
894,Zambia,2010,Unemployment rate - Female,13.2
894,Zambia,2015,Labour force participation - Total,74.4
894,Zambia,2015,Unemployment rate - Total,10.1
894,Zambia,2015,Labour force participation - Male,79.6
894,Zambia,2015,Unemployment rate - Male,9.5
894,Zambia,2015,Labour force participation - Female,69.5
894,Zambia,2015,Unemployment rate - Female,10.8
894,Zambia,2022,Labour force participation - Total,73.6
894,Zambia,2022,Unemployment rate - Total,13
894,Zambia,2022,Labour force participation - Male,77.9
894,Zambia,2022,Unemployment rate - Male,12.3
894,Zambia,2022,Labour force participation - Female,69.5
894,Zambia,2022,Unemployment rate - Female,13.7
716,Zimbabwe,2005,Labour force participation - Total,82.6
716,Zimbabwe,2005,Unemployment rate - Total,4.5
716,Zimbabwe,2005,Labour force participation - Male,88.4
716,Zimbabwe,2005,Unemployment rate - Male,4.3
716,Zimbabwe,2005,Labour force participation - Female,77.6
716,Zimbabwe,2005,Unemployment rate - Female,4.7
716,Zimbabwe,2010,Labour force participation - Total,82.4
716,Zimbabwe,2010,Unemployment rate - Total,5.2
716,Zimbabwe,2010,Labour force participation - Male,88.2
716,Zimbabwe,2010,Unemployment rate - Male,4.6
716,Zimbabwe,2010,Labour force participation - Female,77.5
716,Zimbabwe,2010,Unemployment rate - Female,5.8
716,Zimbabwe,2015,Labour force participation - Total,84.5
716,Zimbabwe,2015,Unemployment rate - Total,4.8
716,Zimbabwe,2015,Labour force participation - Male,89.6
716,Zimbabwe,2015,Unemployment rate - Male,4.4
716,Zimbabwe,2015,Labour force participation - Female,80.3
716,Zimbabwe,2015,Unemployment rate - Female,5.2
716,Zimbabwe,2022,Labour force participation - Total,84.2
716,Zimbabwe,2022,Unemployment rate - Total,5
716,Zimbabwe,2022,Labour force participation - Male,89.1
716,Zimbabwe,2022,Unemployment rate - Male,4.5
716,Zimbabwe,2022,Labour force participation - Female,79.9
716,Zimbabwe,2022,Unemployment rate - Female,5.5
97,European Union (EU),2005,Labour force participation - Total,56
97,European Union (EU),2005,Unemployment rate - Total,9.6
97,European Union (EU),2005,Labour force participation - Male,64.5
97,European Union (EU),2005,Unemployment rate - Male,8.8
97,European Union (EU),2005,Labour force participation - Female,48.1
97,European Union (EU),2005,Unemployment rate - Female,10.6
97,European Union (EU),2010,Labour force participation - Total,56.6
97,European Union (EU),2010,Unemployment rate - Total,9.8
97,European Union (EU),2010,Labour force participation - Male,64.2
97,European Union (EU),2010,Unemployment rate - Male,9.7
97,European Union (EU),2010,Labour force participation - Female,49.6
97,European Union (EU),2010,Unemployment rate - Female,10
97,European Union (EU),2015,Labour force participation - Total,56.8
97,European Union (EU),2015,Unemployment rate - Total,10
97,European Union (EU),2015,Labour force participation - Male,63.6
97,European Union (EU),2015,Unemployment rate - Male,9.9
97,European Union (EU),2015,Labour force participation - Female,50.5
97,European Union (EU),2015,Unemployment rate - Female,10.2
97,European Union (EU),2022,Labour force participation - Total,57
97,European Union (EU),2022,Unemployment rate - Total,6.5
97,European Union (EU),2022,Labour force participation - Male,63.1
97,European Union (EU),2022,Unemployment rate - Male,6.1
97,European Union (EU),2022,Labour force participation - Female,51.3
97,European Union (EU),2022,Unemployment rate - Female,6.9
