T10,Public Expenditure on Education (2021),,,
Region/Country/Area,,Year,Series,Value
4,Afghanistan,2010,Current expenditure other than staff compensation as % of total expenditure in public institutions (%),9.3
4,Afghanistan,2010,All staff compensation as % of total expenditure in public institutions (%),72.4
4,Afghanistan,2010,Capital expenditure as % of total expenditure in public institutions (%),18.3
4,Afghanistan,2010,Public expenditure on education (% of GDP),3.5
4,Afghanistan,2015,Current expenditure other than staff compensation as % of total expenditure in public institutions (%),9
4,Afghanistan,2015,All staff compensation as % of total expenditure in public institutions (%),71.4
4,Afghanistan,2015,Capital expenditure as % of total expenditure in public institutions (%),19.6
4,Afghanistan,2015,Public expenditure on education (% of GDP),3.3
4,Afghanistan,2019,Basic access to computers by level of education: Primary,9
4,Afghanistan,2019,Basic access to computers by level of education: Lower secondary,10
4,Afghanistan,2019,Basic access to computers by level of education: Upper secondary,23
4,Afghanistan,2019,Public expenditure on education (% of GDP),3.2
8,Albania,2005,Public expenditure on education (% of GDP),3.3
8,Albania,2007,Public expenditure on education (% of GDP),3.3
8,Albania,2015,Current expenditure other than staff compensation as % of total expenditure in public institutions (%),12.5
8,Albania,2015,All staff compensation as % of total expenditure in public institutions (%),79.5
8,Albania,2015,Capital expenditure as % of total expenditure in public institutions (%),8.1
8,Albania,2015,Public expenditure on education (% of GDP),3.4
8,Albania,2019,Current expenditure other than staff compensation as % of total expenditure in public institutions (%),14.2
8,Albania,2019,All staff compensation as % of total expenditure in public institutions (%),72.6
8,Albania,2019,Capital expenditure as % of total expenditure in public institutions (%),13.2
8,Albania,2019,Basic access to computers by level of education: Primary,49
8,Albania,2019,Basic access to computers by level of education: Lower secondary,83
8,Albania,2019,Basic access to computers by level of education: Upper secondary,82
8,Albania,2019,Public expenditure on education (% of GDP),3.9
8,Albania,2020,Basic access to computers by level of education: Primary,54.3
8,Albania,2020,Basic access to computers by level of education: Lower secondary,100
8,Albania,2020,Basic access to computers by level of education: Upper secondary,100
12,Algeria,2008,Public expenditure on education (% of GDP),4.3
12,Algeria,2019,Public expenditure on education (% of GDP),6.1
12,Algeria,2020,Basic access to computers by level of education: Lower secondary,87
12,Algeria,2020,Basic access to computers by level of education: Upper secondary,88
16,American Samoa,2006,Capital expenditure as % of total expenditure in public institutions (%),6.2
16,American Samoa,2006,Public expenditure on education (% of GDP),14.7
20,Andorra,2005,Public expenditure on education (% of GDP),1.6
20,Andorra,2010,Current expenditure other than staff compensation as % of total expenditure in public institutions (%),30.9
20,Andorra,2010,All staff compensation as % of total expenditure in public institutions (%),36.7
20,Andorra,2010,Capital expenditure as % of total expenditure in public institutions (%),1.7
20,Andorra,2010,Public expenditure on education (% of GDP),3
20,Andorra,2013,Current expenditure other than staff compensation as % of total expenditure in public institutions (%),59.4
20,Andorra,2013,All staff compensation as % of total expenditure in public institutions (%),40
20,Andorra,2013,Capital expenditure as % of total expenditure in public institutions (%),0.6
20,Andorra,2013,Public expenditure on education (% of GDP),2.5
20,Andorra,2015,Current expenditure other than staff compensation as % of total expenditure in public institutions (%),63.6
20,Andorra,2015,Capital expenditure as % of total expenditure in public institutions (%),1.3
20,Andorra,2015,Public expenditure on education (% of GDP),3.3
20,Andorra,2019,Current expenditure other than staff compensation as % of total expenditure in public institutions (%),62.7
20,Andorra,2019,All staff compensation as % of total expenditure in public institutions (%),36.5
20,Andorra,2019,Capital expenditure as % of total expenditure in public institutions (%),0.8
20,Andorra,2019,Basic access to computers by level of education: Primary,100
20,Andorra,2019,Basic access to computers by level of education: Lower secondary,100
20,Andorra,2019,Basic access to computers by level of education: Upper secondary,100
20,Andorra,2019,Public expenditure on education (% of GDP),3.2
20,Andorra,2020,Basic access to computers by level of education: Primary,100
20,Andorra,2020,Basic access to computers by level of education: Lower secondary,100
20,Andorra,2020,Basic access to computers by level of education: Upper secondary,100
24,Angola,2005,Public expenditure on education (% of GDP),2.1
24,Angola,2006,Capital expenditure as % of total expenditure in public institutions (%),24.3
24,Angola,2006,Public expenditure on education (% of GDP),2.3
24,Angola,2010,Public expenditure on education (% of GDP),3.4
24,Angola,2015,Public expenditure on education (% of GDP),3.5
24,Angola,2016,Basic access to computers by level of education: Primary,7
24,Angola,2016,Basic access to computers by level of education: Lower secondary,25
24,Angola,2016,Basic access to computers by level of education: Upper secondary,49
24,Angola,2016,Public expenditure on education (% of GDP),2.8
24,Angola,2019,Public expenditure on education (% of GDP),1.8
660,Anguilla,2005,Current expenditure other than staff compensation as % of total expenditure in public institutions (%),6.7
660,Anguilla,2005,All staff compensation as % of total expenditure in public institutions (%),80.9
660,Anguilla,2005,Public expenditure on education (% of GDP),3
660,Anguilla,2008,Current expenditure other than staff compensation as % of total expenditure in public institutions (%),9.8
660,Anguilla,2008,All staff compensation as % of total expenditure in public institutions (%),69.4
660,Anguilla,2008,Capital expenditure as % of total expenditure in public institutions (%),20.8
660,Anguilla,2008,Public expenditure on education (% of GDP),2.8
660,Anguilla,2010,Basic access to computers by level of education: Lower secondary,100
660,Anguilla,2010,Basic access to computers by level of education: Upper secondary,100
660,Anguilla,2015,Public expenditure on education (% of GDP),3
660,Anguilla,2018,Public expenditure on education (% of GDP),3.6
660,Anguilla,2019,Basic access to computers by level of education: Primary,100
660,Anguilla,2019,Basic access to computers by level of education: Lower secondary,100
660,Anguilla,2019,Basic access to computers by level of education: Upper secondary,100
28,Antigua and Barbuda,2002,Public expenditure on education (% of GDP),3.4
28,Antigua and Barbuda,2009,Current expenditure other than staff compensation as % of total expenditure in public institutions (%),21.6
28,Antigua and Barbuda,2009,All staff compensation as % of total expenditure in public institutions (%),73.2
28,Antigua and Barbuda,2009,Capital expenditure as % of total expenditure in public institutions (%),5.2
28,Antigua and Barbuda,2009,Public expenditure on education (% of GDP),2.5
28,Antigua and Barbuda,2018,Basic access to computers by level of education: Primary,90
28,Antigua and Barbuda,2018,Basic access to computers by level of education: Lower secondary,100
28,Antigua and Barbuda,2018,Basic access to computers by level of education: Upper secondary,100
28,Antigua and Barbuda,2018,Public expenditure on education (% of GDP),2.6
28,Antigua and Barbuda,2020,Public expenditure on education (% of GDP),3.3
32,Argentina,2005,Public expenditure on education (% of GDP),3.9
32,Argentina,2009,Current expenditure other than staff compensation as % of total expenditure in public institutions (%),9.4
32,Argentina,2009,All staff compensation as % of total expenditure in public institutions (%),86.6
32,Argentina,2009,Capital expenditure as % of total expenditure in public institutions (%),4
32,Argentina,2009,Basic access to computers by level of education: Primary,37.8
32,Argentina,2009,Basic access to computers by level of education: Lower secondary,54
32,Argentina,2009,Basic access to computers by level of education: Upper secondary,77
32,Argentina,2009,Public expenditure on education (% of GDP),5.5
32,Argentina,2010,Current expenditure other than staff compensation as % of total expenditure in public institutions (%),9.9
32,Argentina,2010,All staff compensation as % of total expenditure in public institutions (%),85.9
32,Argentina,2010,Capital expenditure as % of total expenditure in public institutions (%),4.2
32,Argentina,2010,Public expenditure on education (% of GDP),5
32,Argentina,2015,Current expenditure other than staff compensation as % of total expenditure in public institutions (%),7.2
32,Argentina,2015,All staff compensation as % of total expenditure in public institutions (%),82
32,Argentina,2015,Capital expenditure as % of total expenditure in public institutions (%),10.8
32,Argentina,2015,Basic access to computers by level of education: Primary,58.7
32,Argentina,2015,Basic access to computers by level of education: Lower secondary,72
32,Argentina,2015,Basic access to computers by level of education: Upper secondary,75
32,Argentina,2015,Public expenditure on education (% of GDP),5.8
32,Argentina,2019,Current expenditure other than staff compensation as % of total expenditure in public institutions (%),16.6
32,Argentina,2019,All staff compensation as % of total expenditure in public institutions (%),81.6
32,Argentina,2019,Capital expenditure as % of total expenditure in public institutions (%),1.8
32,Argentina,2019,Basic access to computers by level of education: Primary,66.3
32,Argentina,2019,Basic access to computers by level of education: Lower secondary,55
32,Argentina,2019,Basic access to computers by level of education: Upper secondary,59
32,Argentina,2019,Public expenditure on education (% of GDP),4.8
51,Armenia,2005,Public expenditure on education (% of GDP),2.7
51,Armenia,2010,Public expenditure on education (% of GDP),3.2
51,Armenia,2014,Current expenditure other than staff compensation as % of total expenditure in public institutions (%),8.5
51,Armenia,2014,All staff compensation as % of total expenditure in public institutions (%),65.5
51,Armenia,2014,Capital expenditure as % of total expenditure in public institutions (%),26
51,Armenia,2014,Public expenditure on education (% of GDP),2.2
51,Armenia,2015,Current expenditure other than staff compensation as % of total expenditure in public institutions (%),11.6
51,Armenia,2015,All staff compensation as % of total expenditure in public institutions (%),88.5
51,Armenia,2015,Public expenditure on education (% of GDP),2.8
51,Armenia,2020,Current expenditure other than staff compensation as % of total expenditure in public institutions (%),7.3
51,Armenia,2020,All staff compensation as % of total expenditure in public institutions (%),83.5
51,Armenia,2020,Capital expenditure as % of total expenditure in public institutions (%),9.2
51,Armenia,2020,Basic access to computers by level of education: Primary,100
51,Armenia,2020,Basic access to computers by level of education: Lower secondary,100
51,Armenia,2020,Basic access to computers by level of education: Upper secondary,100
51,Armenia,2020,Public expenditure on education (% of GDP),2.7
533,Aruba,2005,Current expenditure other than staff compensation as % of total expenditure in public institutions (%),6.1
533,Aruba,2005,All staff compensation as % of total expenditure in public institutions (%),90.7
533,Aruba,2005,Capital expenditure as % of total expenditure in public institutions (%),3.2
533,Aruba,2005,Public expenditure on education (% of GDP),4.7
533,Aruba,2009,Current expenditure other than staff compensation as % of total expenditure in public institutions (%),5.7
533,Aruba,2009,All staff compensation as % of total expenditure in public institutions (%),87
533,Aruba,2009,Public expenditure on education (% of GDP),5.9
533,Aruba,2010,Basic access to computers by level of education: Primary,100
533,Aruba,2010,Basic access to computers by level of education: Lower secondary,100
533,Aruba,2010,Basic access to computers by level of education: Upper secondary,100
533,Aruba,2010,Public expenditure on education (% of GDP),6.9
533,Aruba,2015,Current expenditure other than staff compensation as % of total expenditure in public institutions (%),6.9
533,Aruba,2015,All staff compensation as % of total expenditure in public institutions (%),93.1
533,Aruba,2015,Public expenditure on education (% of GDP),5.9
533,Aruba,2016,Current expenditure other than staff compensation as % of total expenditure in public institutions (%),7
533,Aruba,2016,All staff compensation as % of total expenditure in public institutions (%),93
533,Aruba,2016,Public expenditure on education (% of GDP),5.5
36,Australia,2005,Basic access to computers by level of education: Primary,100
36,Australia,2005,Basic access to computers by level of education: Lower secondary,100
36,Australia,2005,Basic access to computers by level of education: Upper secondary,100
36,Australia,2005,Public expenditure on education (% of GDP),4.9
36,Australia,2010,Basic access to computers by level of education: Primary,100
36,Australia,2010,Basic access to computers by level of education: Lower secondary,100
36,Australia,2010,Basic access to computers by level of education: Upper secondary,100
36,Australia,2010,Public expenditure on education (% of GDP),5.6
36,Australia,2015,Current expenditure other than staff compensation as % of total expenditure in public institutions (%),27.1
36,Australia,2015,All staff compensation as % of total expenditure in public institutions (%),65.2
36,Australia,2015,Capital expenditure as % of total expenditure in public institutions (%),7.7
36,Australia,2015,Basic access to computers by level of education: Primary,100
36,Australia,2015,Basic access to computers by level of education: Lower secondary,100
36,Australia,2015,Basic access to computers by level of education: Upper secondary,100
36,Australia,2015,Public expenditure on education (% of GDP),5.3
36,Australia,2016,Basic access to computers by level of education: Primary,100
36,Australia,2016,Basic access to computers by level of education: Lower secondary,100
36,Australia,2016,Basic access to computers by level of education: Upper secondary,100
36,Australia,2016,Public expenditure on education (% of GDP),5.3
36,Australia,2018,Public expenditure on education (% of GDP),5.1
40,Austria,2005,Current expenditure other than staff compensation as % of total expenditure in public institutions (%),23.2
40,Austria,2005,All staff compensation as % of total expenditure in public institutions (%),72.1
40,Austria,2005,Capital expenditure as % of total expenditure in public institutions (%),4.7
40,Austria,2005,Public expenditure on education (% of GDP),5.2
40,Austria,2010,Current expenditure other than staff compensation as % of total expenditure in public institutions (%),24.9
40,Austria,2010,All staff compensation as % of total expenditure in public institutions (%),70.2
40,Austria,2010,Capital expenditure as % of total expenditure in public institutions (%),4.9
40,Austria,2010,Public expenditure on education (% of GDP),5.7
40,Austria,2015,Current expenditure other than staff compensation as % of total expenditure in public institutions (%),26.2
40,Austria,2015,All staff compensation as % of total expenditure in public institutions (%),68.3
40,Austria,2015,Capital expenditure as % of total expenditure in public institutions (%),5.5
40,Austria,2015,Public expenditure on education (% of GDP),5.5
40,Austria,2018,Current expenditure other than staff compensation as % of total expenditure in public institutions (%),25.3
40,Austria,2018,All staff compensation as % of total expenditure in public institutions (%),67.6
40,Austria,2018,Capital expenditure as % of total expenditure in public institutions (%),7.1
40,Austria,2018,Public expenditure on education (% of GDP),5.2
31,Azerbaijan,2005,Current expenditure other than staff compensation as % of total expenditure in public institutions (%),31.6
31,Azerbaijan,2005,All staff compensation as % of total expenditure in public institutions (%),66.8
31,Azerbaijan,2005,Capital expenditure as % of total expenditure in public institutions (%),1.6
31,Azerbaijan,2005,Public expenditure on education (% of GDP),3
31,Azerbaijan,2010,Current expenditure other than staff compensation as % of total expenditure in public institutions (%),32.6
31,Azerbaijan,2010,All staff compensation as % of total expenditure in public institutions (%),64.8
31,Azerbaijan,2010,Capital expenditure as % of total expenditure in public institutions (%),2.5
31,Azerbaijan,2010,Public expenditure on education (% of GDP),2.8
31,Azerbaijan,2015,Current expenditure other than staff compensation as % of total expenditure in public institutions (%),45.9
31,Azerbaijan,2015,All staff compensation as % of total expenditure in public institutions (%),52
31,Azerbaijan,2015,Capital expenditure as % of total expenditure in public institutions (%),2.2
31,Azerbaijan,2015,Public expenditure on education (% of GDP),3
31,Azerbaijan,2019,Current expenditure other than staff compensation as % of total expenditure in public institutions (%),28.5
31,Azerbaijan,2019,All staff compensation as % of total expenditure in public institutions (%),69.7
31,Azerbaijan,2019,Capital expenditure as % of total expenditure in public institutions (%),1.9
31,Azerbaijan,2019,Basic access to computers by level of education: Primary,94.9
31,Azerbaijan,2019,Basic access to computers by level of education: Lower secondary,97
31,Azerbaijan,2019,Basic access to computers by level of education: Upper secondary,98
31,Azerbaijan,2019,Public expenditure on education (% of GDP),2.7
31,Azerbaijan,2020,Basic access to computers by level of education: Primary,96.5
31,Azerbaijan,2020,Basic access to computers by level of education: Lower secondary,98
31,Azerbaijan,2020,Basic access to computers by level of education: Upper secondary,99
44,Bahamas,2000,Public expenditure on education (% of GDP),2.2
44,Bahamas,2015,Public expenditure on education (% of GDP),2.3
44,Bahamas,2020,Public expenditure on education (% of GDP),2.5
48,Bahrain,2008,Public expenditure on education (% of GDP),2.5
48,Bahrain,2012,Current expenditure other than staff compensation as % of total expenditure in public institutions (%),13.8
48,Bahrain,2012,All staff compensation as % of total expenditure in public institutions (%),82.3
48,Bahrain,2012,Capital expenditure as % of total expenditure in public institutions (%),3.8
48,Bahrain,2012,Public expenditure on education (% of GDP),2.6
48,Bahrain,2015,Public expenditure on education (% of GDP),2.7
48,Bahrain,2017,Basic access to computers by level of education: Primary,100
48,Bahrain,2017,Basic access to computers by level of education: Lower secondary,100
48,Bahrain,2017,Basic access to computers by level of education: Upper secondary,100
48,Bahrain,2017,Public expenditure on education (% of GDP),2.3
48,Bahrain,2020,Basic access to computers by level of education: Primary,100
48,Bahrain,2020,Basic access to computers by level of education: Lower secondary,100
48,Bahrain,2020,Basic access to computers by level of education: Upper secondary,100
50,Bangladesh,2004,Public expenditure on education (% of GDP),1.9
50,Bangladesh,2009,Current expenditure other than staff compensation as % of total expenditure in public institutions (%),21.2
50,Bangladesh,2009,All staff compensation as % of total expenditure in public institutions (%),59.8
50,Bangladesh,2009,Capital expenditure as % of total expenditure in public institutions (%),19
50,Bangladesh,2009,Public expenditure on education (% of GDP),1.9
50,Bangladesh,2012,Current expenditure other than staff compensation as % of total expenditure in public institutions (%),4.3
50,Bangladesh,2012,All staff compensation as % of total expenditure in public institutions (%),95.2
50,Bangladesh,2012,Capital expenditure as % of total expenditure in public institutions (%),0.5
50,Bangladesh,2012,Public expenditure on education (% of GDP),2.2
50,Bangladesh,2013,Public expenditure on education (% of GDP),2
50,Bangladesh,2019,Current expenditure other than staff compensation as % of total expenditure in public institutions (%),16
50,Bangladesh,2019,All staff compensation as % of total expenditure in public institutions (%),55
50,Bangladesh,2019,Capital expenditure as % of total expenditure in public institutions (%),29
50,Bangladesh,2019,Public expenditure on education (% of GDP),1.3
50,Bangladesh,2020,Basic access to computers by level of education: Primary,41.7
50,Bangladesh,2020,Basic access to computers by level of education: Lower secondary,78
50,Bangladesh,2020,Basic access to computers by level of education: Upper secondary,79
52,Barbados,2005,Current expenditure other than staff compensation as % of total expenditure in public institutions (%),16.2
52,Barbados,2005,All staff compensation as % of total expenditure in public institutions (%),79.9
52,Barbados,2005,Capital expenditure as % of total expenditure in public institutions (%),4
52,Barbados,2005,Public expenditure on education (% of GDP),5.7
52,Barbados,2010,Current expenditure other than staff compensation as % of total expenditure in public institutions (%),10.4
52,Barbados,2010,All staff compensation as % of total expenditure in public institutions (%),83.4
52,Barbados,2010,Capital expenditure as % of total expenditure in public institutions (%),6.2
52,Barbados,2010,Public expenditure on education (% of GDP),6.1
52,Barbados,2014,Current expenditure other than staff compensation as % of total expenditure in public institutions (%),47.8
52,Barbados,2014,All staff compensation as % of total expenditure in public institutions (%),48.6
52,Barbados,2014,Capital expenditure as % of total expenditure in public institutions (%),3.6
52,Barbados,2014,Public expenditure on education (% of GDP),6.1
52,Barbados,2015,Public expenditure on education (% of GDP),5.4
52,Barbados,2020,Current expenditure other than staff compensation as % of total expenditure in public institutions (%),44.9
52,Barbados,2020,All staff compensation as % of total expenditure in public institutions (%),52.8
52,Barbados,2020,Capital expenditure as % of total expenditure in public institutions (%),2.2
52,Barbados,2020,Public expenditure on education (% of GDP),4.3
112,Belarus,2005,Current expenditure other than staff compensation as % of total expenditure in public institutions (%),30.1
112,Belarus,2005,All staff compensation as % of total expenditure in public institutions (%),65.2
112,Belarus,2005,Capital expenditure as % of total expenditure in public institutions (%),4.8
112,Belarus,2005,Public expenditure on education (% of GDP),5.9
112,Belarus,2010,Current expenditure other than staff compensation as % of total expenditure in public institutions (%),26.5
112,Belarus,2010,All staff compensation as % of total expenditure in public institutions (%),62.6
112,Belarus,2010,Capital expenditure as % of total expenditure in public institutions (%),10.9
112,Belarus,2010,Public expenditure on education (% of GDP),5.2
112,Belarus,2015,Current expenditure other than staff compensation as % of total expenditure in public institutions (%),26.4
112,Belarus,2015,All staff compensation as % of total expenditure in public institutions (%),68.9
112,Belarus,2015,Capital expenditure as % of total expenditure in public institutions (%),4.8
112,Belarus,2015,Public expenditure on education (% of GDP),4.8
112,Belarus,2020,Current expenditure other than staff compensation as % of total expenditure in public institutions (%),20.9
112,Belarus,2020,All staff compensation as % of total expenditure in public institutions (%),70.7
112,Belarus,2020,Capital expenditure as % of total expenditure in public institutions (%),8.4
112,Belarus,2020,Basic access to computers by level of education: Primary,100
112,Belarus,2020,Basic access to computers by level of education: Lower secondary,100
112,Belarus,2020,Basic access to computers by level of education: Upper secondary,100
112,Belarus,2020,Public expenditure on education (% of GDP),5
56,Belgium,2005,Current expenditure other than staff compensation as % of total expenditure in public institutions (%),11.7
56,Belgium,2005,All staff compensation as % of total expenditure in public institutions (%),85.5
56,Belgium,2005,Capital expenditure as % of total expenditure in public institutions (%),2.8
56,Belgium,2005,Public expenditure on education (% of GDP),5.8
56,Belgium,2010,Current expenditure other than staff compensation as % of total expenditure in public institutions (%),11.9
56,Belgium,2010,All staff compensation as % of total expenditure in public institutions (%),84.3
56,Belgium,2010,Capital expenditure as % of total expenditure in public institutions (%),3.8
56,Belgium,2010,Basic access to computers by level of education: Primary,100
56,Belgium,2010,Basic access to computers by level of education: Lower secondary,100
56,Belgium,2010,Basic access to computers by level of education: Upper secondary,100
56,Belgium,2010,Public expenditure on education (% of GDP),6.4
56,Belgium,2015,Current expenditure other than staff compensation as % of total expenditure in public institutions (%),13.9
56,Belgium,2015,All staff compensation as % of total expenditure in public institutions (%),81
56,Belgium,2015,Capital expenditure as % of total expenditure in public institutions (%),5
56,Belgium,2015,Basic access to computers by level of education: Primary,100
56,Belgium,2015,Basic access to computers by level of education: Lower secondary,100
56,Belgium,2015,Basic access to computers by level of education: Upper secondary,100
56,Belgium,2015,Public expenditure on education (% of GDP),6.5
56,Belgium,2018,Current expenditure other than staff compensation as % of total expenditure in public institutions (%),12.8
56,Belgium,2018,All staff compensation as % of total expenditure in public institutions (%),81.7
56,Belgium,2018,Capital expenditure as % of total expenditure in public institutions (%),5.4
56,Belgium,2018,Basic access to computers by level of education: Primary,100
56,Belgium,2018,Basic access to computers by level of education: Lower secondary,100
56,Belgium,2018,Basic access to computers by level of education: Upper secondary,100
56,Belgium,2018,Public expenditure on education (% of GDP),6.4
84,Belize,2004,Public expenditure on education (% of GDP),5.3
84,Belize,2010,Public expenditure on education (% of GDP),6.7
84,Belize,2015,Public expenditure on education (% of GDP),6.9
84,Belize,2020,Public expenditure on education (% of GDP),7.9
204,Benin,2005,Current expenditure other than staff compensation as % of total expenditure in public institutions (%),13.3
204,Benin,2005,All staff compensation as % of total expenditure in public institutions (%),73
204,Benin,2005,Capital expenditure as % of total expenditure in public institutions (%),13.7
204,Benin,2005,Public expenditure on education (% of GDP),2.7
204,Benin,2010,Current expenditure other than staff compensation as % of total expenditure in public institutions (%),6.2
204,Benin,2010,All staff compensation as % of total expenditure in public institutions (%),85.7
204,Benin,2010,Capital expenditure as % of total expenditure in public institutions (%),8.2
204,Benin,2010,Public expenditure on education (% of GDP),3.7
204,Benin,2015,Current expenditure other than staff compensation as % of total expenditure in public institutions (%),22.2
204,Benin,2015,All staff compensation as % of total expenditure in public institutions (%),69.5
204,Benin,2015,Capital expenditure as % of total expenditure in public institutions (%),8.3
204,Benin,2015,Public expenditure on education (% of GDP),3.2
204,Benin,2019,Public expenditure on education (% of GDP),3
204,Benin,2020,Basic access to computers by level of education: Lower secondary,29
60,Bermuda,2005,Public expenditure on education (% of GDP),2
60,Bermuda,2010,Public expenditure on education (% of GDP),2.3
60,Bermuda,2015,Current expenditure other than staff compensation as % of total expenditure in public institutions (%),18.6
60,Bermuda,2015,All staff compensation as % of total expenditure in public institutions (%),79.9
60,Bermuda,2015,Capital expenditure as % of total expenditure in public institutions (%),1.5
60,Bermuda,2015,Public expenditure on education (% of GDP),1.5
60,Bermuda,2016,Basic access to computers by level of education: Primary,100
60,Bermuda,2016,Basic access to computers by level of education: Lower secondary,100
60,Bermuda,2016,Basic access to computers by level of education: Upper secondary,100
60,Bermuda,2017,Public expenditure on education (% of GDP),1.3
64,Bhutan,2005,Public expenditure on education (% of GDP),7.3
64,Bhutan,2010,Public expenditure on education (% of GDP),4.1
64,Bhutan,2015,Current expenditure other than staff compensation as % of total expenditure in public institutions (%),50.1
64,Bhutan,2015,All staff compensation as % of total expenditure in public institutions (%),35.9
64,Bhutan,2015,Capital expenditure as % of total expenditure in public institutions (%),14
64,Bhutan,2015,Basic access to computers by level of education: Primary,14.5
64,Bhutan,2015,Basic access to computers by level of education: Upper secondary,86
64,Bhutan,2015,Public expenditure on education (% of GDP),7.6
64,Bhutan,2018,Basic access to computers by level of education: Lower secondary,98
64,Bhutan,2018,Basic access to computers by level of education: Upper secondary,98
64,Bhutan,2018,Public expenditure on education (% of GDP),6.9
64,Bhutan,2020,Basic access to computers by level of education: Primary,20.6
68,Bolivia (Plurin. State of),2013,Basic access to computers by level of education: Primary,14.4
68,Bolivia (Plurin. State of),2013,Basic access to computers by level of education: Lower secondary,23
68,Bolivia (Plurin. State of),2013,Basic access to computers by level of education: Upper secondary,28
72,Botswana,2005,Public expenditure on education (% of GDP),10.7
72,Botswana,2009,Capital expenditure as % of total expenditure in public institutions (%),9.8
72,Botswana,2009,Public expenditure on education (% of GDP),9.6
72,Botswana,2012,Basic access to computers by level of education: Lower secondary,100
72,Botswana,2012,Basic access to computers by level of education: Upper secondary,100
72,Botswana,2015,Public expenditure on education (% of GDP),7.8
72,Botswana,2019,Public expenditure on education (% of GDP),6.9
76,Brazil,2005,Current expenditure other than staff compensation as % of total expenditure in public institutions (%),23.6
76,Brazil,2005,All staff compensation as % of total expenditure in public institutions (%),70.3
76,Brazil,2005,Capital expenditure as % of total expenditure in public institutions (%),6.1
76,Brazil,2005,Public expenditure on education (% of GDP),4.5
76,Brazil,2010,Current expenditure other than staff compensation as % of total expenditure in public institutions (%),24.3
76,Brazil,2010,All staff compensation as % of total expenditure in public institutions (%),68.5
76,Brazil,2010,Capital expenditure as % of total expenditure in public institutions (%),7.2
76,Brazil,2010,Basic access to computers by level of education: Primary,40.5
76,Brazil,2010,Basic access to computers by level of education: Lower secondary,72
76,Brazil,2010,Basic access to computers by level of education: Upper secondary,90
76,Brazil,2010,Public expenditure on education (% of GDP),5.6
76,Brazil,2015,Current expenditure other than staff compensation as % of total expenditure in public institutions (%),21.3
76,Brazil,2015,All staff compensation as % of total expenditure in public institutions (%),74.7
76,Brazil,2015,Capital expenditure as % of total expenditure in public institutions (%),3.9
76,Brazil,2015,Public expenditure on education (% of GDP),6.2
76,Brazil,2017,Current expenditure other than staff compensation as % of total expenditure in public institutions (%),22.9
76,Brazil,2017,All staff compensation as % of total expenditure in public institutions (%),74.6
76,Brazil,2017,Capital expenditure as % of total expenditure in public institutions (%),2.5
76,Brazil,2017,Basic access to computers by level of education: Primary,53.5
76,Brazil,2017,Basic access to computers by level of education: Lower secondary,73
76,Brazil,2017,Basic access to computers by level of education: Upper secondary,86
76,Brazil,2017,Public expenditure on education (% of GDP),6.3
76,Brazil,2018,Current expenditure other than staff compensation as % of total expenditure in public institutions (%),23.5
76,Brazil,2018,All staff compensation as % of total expenditure in public institutions (%),73.4
76,Brazil,2018,Capital expenditure as % of total expenditure in public institutions (%),3.1
76,Brazil,2018,Public expenditure on education (% of GDP),6.1
92,British Virgin Islands,2005,Current expenditure other than staff compensation as % of total expenditure in public institutions (%),0.7
92,British Virgin Islands,2005,All staff compensation as % of total expenditure in public institutions (%),99.3
92,British Virgin Islands,2005,Public expenditure on education (% of GDP),3
92,British Virgin Islands,2007,Current expenditure other than staff compensation as % of total expenditure in public institutions (%),15.1
92,British Virgin Islands,2007,All staff compensation as % of total expenditure in public institutions (%),77.8
92,British Virgin Islands,2007,Capital expenditure as % of total expenditure in public institutions (%),7.1
92,British Virgin Islands,2007,Public expenditure on education (% of GDP),3.2
92,British Virgin Islands,2010,Basic access to computers by level of education: Primary,100
92,British Virgin Islands,2010,Basic access to computers by level of education: Lower secondary,100
92,British Virgin Islands,2010,Basic access to computers by level of education: Upper secondary,100
92,British Virgin Islands,2010,Public expenditure on education (% of GDP),3.8
92,British Virgin Islands,2015,Public expenditure on education (% of GDP),5.1
92,British Virgin Islands,2019,Basic access to computers by level of education: Primary,100
92,British Virgin Islands,2019,Basic access to computers by level of education: Lower secondary,86
92,British Virgin Islands,2019,Basic access to computers by level of education: Upper secondary,88
92,British Virgin Islands,2019,Public expenditure on education (% of GDP),2.9
92,British Virgin Islands,2020,Basic access to computers by level of education: Primary,100
92,British Virgin Islands,2020,Basic access to computers by level of education: Lower secondary,86
92,British Virgin Islands,2020,Basic access to computers by level of education: Upper secondary,88
96,Brunei Darussalam,2000,Public expenditure on education (% of GDP),3.7
96,Brunei Darussalam,2010,Public expenditure on education (% of GDP),2
96,Brunei Darussalam,2014,Public expenditure on education (% of GDP),3.4
96,Brunei Darussalam,2016,Current expenditure other than staff compensation as % of total expenditure in public institutions (%),30.6
96,Brunei Darussalam,2016,All staff compensation as % of total expenditure in public institutions (%),66.2
96,Brunei Darussalam,2016,Capital expenditure as % of total expenditure in public institutions (%),3.2
96,Brunei Darussalam,2016,Basic access to computers by level of education: Lower secondary,100
96,Brunei Darussalam,2016,Basic access to computers by level of education: Upper secondary,100
96,Brunei Darussalam,2016,Public expenditure on education (% of GDP),4.4
96,Brunei Darussalam,2020,Basic access to computers by level of education: Lower secondary,100
96,Brunei Darussalam,2020,Basic access to computers by level of education: Upper secondary,100
100,Bulgaria,2005,Current expenditure other than staff compensation as % of total expenditure in public institutions (%),26.7
100,Bulgaria,2005,All staff compensation as % of total expenditure in public institutions (%),63.2
100,Bulgaria,2005,Capital expenditure as % of total expenditure in public institutions (%),10.1
100,Bulgaria,2005,Public expenditure on education (% of GDP),4.1
100,Bulgaria,2010,Current expenditure other than staff compensation as % of total expenditure in public institutions (%),28.4
100,Bulgaria,2010,All staff compensation as % of total expenditure in public institutions (%),66.6
100,Bulgaria,2010,Capital expenditure as % of total expenditure in public institutions (%),5.1
100,Bulgaria,2010,Public expenditure on education (% of GDP),3.9
100,Bulgaria,2013,Current expenditure other than staff compensation as % of total expenditure in public institutions (%),20.9
100,Bulgaria,2013,All staff compensation as % of total expenditure in public institutions (%),71.8
100,Bulgaria,2013,Capital expenditure as % of total expenditure in public institutions (%),7.3
100,Bulgaria,2013,Public expenditure on education (% of GDP),4.1
100,Bulgaria,2017,Current expenditure other than staff compensation as % of total expenditure in public institutions (%),22.9
100,Bulgaria,2017,All staff compensation as % of total expenditure in public institutions (%),72.6
100,Bulgaria,2017,Capital expenditure as % of total expenditure in public institutions (%),4.5
100,Bulgaria,2017,Public expenditure on education (% of GDP),4.1
854,Burkina Faso,2005,Public expenditure on education (% of GDP),3.9
854,Burkina Faso,2007,Current expenditure other than staff compensation as % of total expenditure in public institutions (%),8
854,Burkina Faso,2007,All staff compensation as % of total expenditure in public institutions (%),56.7
854,Burkina Faso,2007,Capital expenditure as % of total expenditure in public institutions (%),35.3
854,Burkina Faso,2007,Public expenditure on education (% of GDP),4.1
854,Burkina Faso,2010,Public expenditure on education (% of GDP),3.5
854,Burkina Faso,2015,Public expenditure on education (% of GDP),3.7
854,Burkina Faso,2019,Basic access to computers by level of education: Primary,6
854,Burkina Faso,2019,Basic access to computers by level of education: Lower secondary,0
854,Burkina Faso,2019,Basic access to computers by level of education: Upper secondary,0
854,Burkina Faso,2019,Public expenditure on education (% of GDP),5.8
854,Burkina Faso,2020,Basic access to computers by level of education: Primary,4.3
854,Burkina Faso,2020,Basic access to computers by level of education: Lower secondary,4
854,Burkina Faso,2020,Basic access to computers by level of education: Upper secondary,3
108,Burundi,2005,Public expenditure on education (% of GDP),3.6
108,Burundi,2010,Current expenditure other than staff compensation as % of total expenditure in public institutions (%),23.7
108,Burundi,2010,All staff compensation as % of total expenditure in public institutions (%),68.5
108,Burundi,2010,Capital expenditure as % of total expenditure in public institutions (%),7.9
108,Burundi,2010,Public expenditure on education (% of GDP),6.8
108,Burundi,2012,Current expenditure other than staff compensation as % of total expenditure in public institutions (%),20.5
108,Burundi,2012,All staff compensation as % of total expenditure in public institutions (%),77.6
108,Burundi,2012,Capital expenditure as % of total expenditure in public institutions (%),1.9
108,Burundi,2012,Public expenditure on education (% of GDP),6.2
108,Burundi,2015,Public expenditure on education (% of GDP),6.4
108,Burundi,2018,Basic access to computers by level of education: Primary,0
108,Burundi,2018,Basic access to computers by level of education: Upper secondary,17
108,Burundi,2018,Public expenditure on education (% of GDP),5.1
108,Burundi,2019,Basic access to computers by level of education: Primary,0
108,Burundi,2019,Basic access to computers by level of education: Lower secondary,0
132,Cabo Verde,2004,Public expenditure on education (% of GDP),7.5
132,Cabo Verde,2005,Current expenditure other than staff compensation as % of total expenditure in public institutions (%),2.1
132,Cabo Verde,2005,All staff compensation as % of total expenditure in public institutions (%),82.4
132,Cabo Verde,2005,Capital expenditure as % of total expenditure in public institutions (%),16.7
132,Cabo Verde,2010,Current expenditure other than staff compensation as % of total expenditure in public institutions (%),15.6
132,Cabo Verde,2010,All staff compensation as % of total expenditure in public institutions (%),77.1
132,Cabo Verde,2010,Capital expenditure as % of total expenditure in public institutions (%),7.3
132,Cabo Verde,2010,Public expenditure on education (% of GDP),5.6
132,Cabo Verde,2015,Current expenditure other than staff compensation as % of total expenditure in public institutions (%),14.3
132,Cabo Verde,2015,All staff compensation as % of total expenditure in public institutions (%),82
132,Cabo Verde,2015,Capital expenditure as % of total expenditure in public institutions (%),3.6
132,Cabo Verde,2015,Public expenditure on education (% of GDP),5.3
132,Cabo Verde,2016,Current expenditure other than staff compensation as % of total expenditure in public institutions (%),12.2
132,Cabo Verde,2016,All staff compensation as % of total expenditure in public institutions (%),82.8
132,Cabo Verde,2016,Capital expenditure as % of total expenditure in public institutions (%),4.9
132,Cabo Verde,2016,Basic access to computers by level of education: Lower secondary,100
132,Cabo Verde,2016,Basic access to computers by level of education: Upper secondary,100
132,Cabo Verde,2016,Public expenditure on education (% of GDP),5.3
132,Cabo Verde,2019,Basic access to computers by level of education: Primary,44.4
132,Cabo Verde,2019,Basic access to computers by level of education: Lower secondary,100
132,Cabo Verde,2019,Basic access to computers by level of education: Upper secondary,100
132,Cabo Verde,2019,Public expenditure on education (% of GDP),4.7
116,Cambodia,2004,Public expenditure on education (% of GDP),1.7
116,Cambodia,2010,Public expenditure on education (% of GDP),1.5
116,Cambodia,2012,Current expenditure other than staff compensation as % of total expenditure in public institutions (%),57.3
116,Cambodia,2012,All staff compensation as % of total expenditure in public institutions (%),42.7
116,Cambodia,2012,Public expenditure on education (% of GDP),1.6
116,Cambodia,2014,Capital expenditure as % of total expenditure in public institutions (%),0.5
116,Cambodia,2014,Public expenditure on education (% of GDP),1.9
116,Cambodia,2018,Public expenditure on education (% of GDP),2.2
120,Cameroon,2005,Public expenditure on education (% of GDP),2.9
120,Cameroon,2010,Current expenditure other than staff compensation as % of total expenditure in public institutions (%),6.5
120,Cameroon,2010,All staff compensation as % of total expenditure in public institutions (%),80.2
120,Cameroon,2010,Capital expenditure as % of total expenditure in public institutions (%),13.4
120,Cameroon,2010,Public expenditure on education (% of GDP),3
120,Cameroon,2013,Current expenditure other than staff compensation as % of total expenditure in public institutions (%),10.7
120,Cameroon,2013,All staff compensation as % of total expenditure in public institutions (%),75.7
120,Cameroon,2013,Capital expenditure as % of total expenditure in public institutions (%),13.6
120,Cameroon,2013,Public expenditure on education (% of GDP),2.8
120,Cameroon,2015,Public expenditure on education (% of GDP),2.8
120,Cameroon,2016,Basic access to computers by level of education: Lower secondary,72
120,Cameroon,2016,Basic access to computers by level of education: Upper secondary,84
120,Cameroon,2016,Public expenditure on education (% of GDP),2.7
120,Cameroon,2019,Public expenditure on education (% of GDP),3.1
124,Canada,2005,Current expenditure other than staff compensation as % of total expenditure in public institutions (%),25.4
124,Canada,2005,All staff compensation as % of total expenditure in public institutions (%),70
124,Canada,2005,Capital expenditure as % of total expenditure in public institutions (%),4.6
124,Canada,2005,Public expenditure on education (% of GDP),4.8
124,Canada,2010,Current expenditure other than staff compensation as % of total expenditure in public institutions (%),24.5
124,Canada,2010,All staff compensation as % of total expenditure in public institutions (%),65.8
124,Canada,2010,Capital expenditure as % of total expenditure in public institutions (%),9.7
124,Canada,2010,Public expenditure on education (% of GDP),5.4
124,Canada,2011,Current expenditure other than staff compensation as % of total expenditure in public institutions (%),24.1
124,Canada,2011,All staff compensation as % of total expenditure in public institutions (%),65.5
124,Canada,2011,Capital expenditure as % of total expenditure in public institutions (%),10.4
124,Canada,2011,Public expenditure on education (% of GDP),5.3
124,Canada,2013,Current expenditure other than staff compensation as % of total expenditure in public institutions (%),23.4
124,Canada,2013,All staff compensation as % of total expenditure in public institutions (%),68.8
124,Canada,2013,Capital expenditure as % of total expenditure in public institutions (%),7.8
136,Cayman Islands,2006,Current expenditure other than staff compensation as % of total expenditure in public institutions (%),2.4
136,Cayman Islands,2006,All staff compensation as % of total expenditure in public institutions (%),97.6
136,Cayman Islands,2010,Basic access to computers by level of education: Primary,76.9
136,Cayman Islands,2020,Basic access to computers by level of education: Primary,100
136,Cayman Islands,2020,Basic access to computers by level of education: Lower secondary,100
136,Cayman Islands,2020,Basic access to computers by level of education: Upper secondary,100
140,Central African Republic,2005,All staff compensation as % of total expenditure in public institutions (%),79.2
140,Central African Republic,2005,Capital expenditure as % of total expenditure in public institutions (%),2.2
140,Central African Republic,2005,Public expenditure on education (% of GDP),1.7
140,Central African Republic,2008,Current expenditure other than staff compensation as % of total expenditure in public institutions (%),13.5
140,Central African Republic,2008,All staff compensation as % of total expenditure in public institutions (%),84.2
140,Central African Republic,2008,Capital expenditure as % of total expenditure in public institutions (%),2.3
140,Central African Republic,2008,Public expenditure on education (% of GDP),1.3
140,Central African Republic,2010,Capital expenditure as % of total expenditure in public institutions (%),1.1
140,Central African Republic,2010,Public expenditure on education (% of GDP),1.1
140,Central African Republic,2015,Public expenditure on education (% of GDP),1.9
140,Central African Republic,2019,Public expenditure on education (% of GDP),1.8
148,Chad,2005,Public expenditure on education (% of GDP),1.7
148,Chad,2010,Capital expenditure as % of total expenditure in public institutions (%),31.3
148,Chad,2010,Public expenditure on education (% of GDP),2
148,Chad,2012,Current expenditure other than staff compensation as % of total expenditure in public institutions (%),2.6
148,Chad,2012,All staff compensation as % of total expenditure in public institutions (%),75.5
148,Chad,2012,Capital expenditure as % of total expenditure in public institutions (%),21.9
148,Chad,2012,Public expenditure on education (% of GDP),2.2
148,Chad,2015,Public expenditure on education (% of GDP),2.4
148,Chad,2017,Basic access to computers by level of education: Lower secondary,6
148,Chad,2017,Basic access to computers by level of education: Upper secondary,20
148,Chad,2017,Public expenditure on education (% of GDP),2.5
148,Chad,2019,Public expenditure on education (% of GDP),2.4
152,Chile,2005,Current expenditure other than staff compensation as % of total expenditure in public institutions (%),17.5
152,Chile,2005,All staff compensation as % of total expenditure in public institutions (%),78.1
152,Chile,2005,Capital expenditure as % of total expenditure in public institutions (%),4.4
152,Chile,2005,Public expenditure on education (% of GDP),3.3
152,Chile,2009,Current expenditure other than staff compensation as % of total expenditure in public institutions (%),18.1
152,Chile,2009,All staff compensation as % of total expenditure in public institutions (%),78.9
152,Chile,2009,Capital expenditure as % of total expenditure in public institutions (%),3
152,Chile,2009,Public expenditure on education (% of GDP),4.2
152,Chile,2010,Public expenditure on education (% of GDP),4.2
152,Chile,2015,Public expenditure on education (% of GDP),4.9
152,Chile,2018,Current expenditure other than staff compensation as % of total expenditure in public institutions (%),59.4
152,Chile,2018,All staff compensation as % of total expenditure in public institutions (%),28.7
152,Chile,2018,Capital expenditure as % of total expenditure in public institutions (%),11.8
152,Chile,2018,Public expenditure on education (% of GDP),5.4
156,China,2010,Public expenditure on education (% of GDP),3.8
156,China,2015,Public expenditure on education (% of GDP),3.8
156,China,2018,Basic access to computers by level of education: Primary,97.1
156,China,2018,Basic access to computers by level of education: Lower secondary,99
156,China,2018,Basic access to computers by level of education: Upper secondary,96
156,China,2018,Public expenditure on education (% of GDP),3.5
156,China,2020,Basic access to computers by level of education: Primary,98.6
156,China,2020,Basic access to computers by level of education: Lower secondary,99
156,China,2020,Basic access to computers by level of education: Upper secondary,96
344,"China, Hong Kong SAR",2005,Public expenditure on education (% of GDP),4.1
344,"China, Hong Kong SAR",2010,Capital expenditure as % of total expenditure in public institutions (%),12.7
344,"China, Hong Kong SAR",2010,Public expenditure on education (% of GDP),3.5
344,"China, Hong Kong SAR",2012,Capital expenditure as % of total expenditure in public institutions (%),18.2
344,"China, Hong Kong SAR",2012,Public expenditure on education (% of GDP),3.5
344,"China, Hong Kong SAR",2015,Public expenditure on education (% of GDP),3.3
344,"China, Hong Kong SAR",2020,Basic access to computers by level of education: Primary,99.5
344,"China, Hong Kong SAR",2020,Basic access to computers by level of education: Lower secondary,97
344,"China, Hong Kong SAR",2020,Basic access to computers by level of education: Upper secondary,95
344,"China, Hong Kong SAR",2020,Public expenditure on education (% of GDP),4.4
446,"China, Macao SAR",2005,Public expenditure on education (% of GDP),2.3
446,"China, Macao SAR",2010,Current expenditure other than staff compensation as % of total expenditure in public institutions (%),19.5
446,"China, Macao SAR",2010,All staff compensation as % of total expenditure in public institutions (%),39
446,"China, Macao SAR",2010,Capital expenditure as % of total expenditure in public institutions (%),41.5
446,"China, Macao SAR",2010,Public expenditure on education (% of GDP),2.6
446,"China, Macao SAR",2015,Current expenditure other than staff compensation as % of total expenditure in public institutions (%),31.7
446,"China, Macao SAR",2015,All staff compensation as % of total expenditure in public institutions (%),59.1
446,"China, Macao SAR",2015,Capital expenditure as % of total expenditure in public institutions (%),9.2
446,"China, Macao SAR",2015,Public expenditure on education (% of GDP),3
446,"China, Macao SAR",2019,Current expenditure other than staff compensation as % of total expenditure in public institutions (%),23.3
446,"China, Macao SAR",2019,All staff compensation as % of total expenditure in public institutions (%),56.1
446,"China, Macao SAR",2019,Capital expenditure as % of total expenditure in public institutions (%),20.6
446,"China, Macao SAR",2019,Basic access to computers by level of education: Primary,100
446,"China, Macao SAR",2019,Basic access to computers by level of education: Lower secondary,100
446,"China, Macao SAR",2019,Basic access to computers by level of education: Upper secondary,100
446,"China, Macao SAR",2019,Public expenditure on education (% of GDP),3.1
446,"China, Macao SAR",2020,Basic access to computers by level of education: Primary,100
446,"China, Macao SAR",2020,Basic access to computers by level of education: Lower secondary,100
446,"China, Macao SAR",2020,Basic access to computers by level of education: Upper secondary,100
170,Colombia,2005,Public expenditure on education (% of GDP),4
170,Colombia,2010,Current expenditure other than staff compensation as % of total expenditure in public institutions (%),6.8
170,Colombia,2010,All staff compensation as % of total expenditure in public institutions (%),71
170,Colombia,2010,Capital expenditure as % of total expenditure in public institutions (%),22.3
170,Colombia,2010,Public expenditure on education (% of GDP),4.8
170,Colombia,2015,Current expenditure other than staff compensation as % of total expenditure in public institutions (%),5.8
170,Colombia,2015,All staff compensation as % of total expenditure in public institutions (%),69
170,Colombia,2015,Capital expenditure as % of total expenditure in public institutions (%),25.2
170,Colombia,2015,Public expenditure on education (% of GDP),4.5
170,Colombia,2019,Current expenditure other than staff compensation as % of total expenditure in public institutions (%),3.5
170,Colombia,2019,All staff compensation as % of total expenditure in public institutions (%),81.4
170,Colombia,2019,Capital expenditure as % of total expenditure in public institutions (%),15
170,Colombia,2019,Public expenditure on education (% of GDP),4.5
170,Colombia,2020,Basic access to computers by level of education: Primary,81.2
170,Colombia,2020,Basic access to computers by level of education: Lower secondary,93
170,Colombia,2020,Basic access to computers by level of education: Upper secondary,95
174,Comoros,2002,Public expenditure on education (% of GDP),2.3
174,Comoros,2008,Public expenditure on education (% of GDP),4.4
174,Comoros,2015,Current expenditure other than staff compensation as % of total expenditure in public institutions (%),4.8
174,Comoros,2015,All staff compensation as % of total expenditure in public institutions (%),95.2
174,Comoros,2015,Public expenditure on education (% of GDP),2.5
174,Comoros,2017,Basic access to computers by level of education: Primary,30.8
174,Comoros,2017,Basic access to computers by level of education: Lower secondary,41
174,Comoros,2017,Basic access to computers by level of education: Upper secondary,52
178,Congo,2005,Public expenditure on education (% of GDP),1.7
178,Congo,2010,Public expenditure on education (% of GDP),5.7
178,Congo,2015,Public expenditure on education (% of GDP),3.3
178,Congo,2018,Basic access to computers by level of education: Primary,12.2
178,Congo,2018,Basic access to computers by level of education: Lower secondary,20
178,Congo,2018,Basic access to computers by level of education: Upper secondary,61
178,Congo,2018,Public expenditure on education (% of GDP),3
178,Congo,2019,Public expenditure on education (% of GDP),3.9
184,Cook Islands,2000,Public expenditure on education (% of GDP),1.9
184,Cook Islands,2015,Current expenditure other than staff compensation as % of total expenditure in public institutions (%),16.3
184,Cook Islands,2015,All staff compensation as % of total expenditure in public institutions (%),82.4
184,Cook Islands,2015,Capital expenditure as % of total expenditure in public institutions (%),1.3
184,Cook Islands,2015,Public expenditure on education (% of GDP),3.9
184,Cook Islands,2016,Current expenditure other than staff compensation as % of total expenditure in public institutions (%),34
184,Cook Islands,2016,All staff compensation as % of total expenditure in public institutions (%),63.3
184,Cook Islands,2016,Capital expenditure as % of total expenditure in public institutions (%),2.6
184,Cook Islands,2016,Basic access to computers by level of education: Primary,100
184,Cook Islands,2016,Basic access to computers by level of education: Lower secondary,100
184,Cook Islands,2016,Basic access to computers by level of education: Upper secondary,100
184,Cook Islands,2016,Public expenditure on education (% of GDP),4.4
184,Cook Islands,2019,Basic access to computers by level of education: Primary,100
184,Cook Islands,2019,Basic access to computers by level of education: Lower secondary,100
184,Cook Islands,2019,Basic access to computers by level of education: Upper secondary,100
184,Cook Islands,2019,Public expenditure on education (% of GDP),3.5
184,Cook Islands,2020,Basic access to computers by level of education: Primary,100
184,Cook Islands,2020,Basic access to computers by level of education: Lower secondary,100
184,Cook Islands,2020,Basic access to computers by level of education: Upper secondary,100
188,Costa Rica,2004,Public expenditure on education (% of GDP),4.9
188,Costa Rica,2010,Public expenditure on education (% of GDP),6.6
188,Costa Rica,2015,Public expenditure on education (% of GDP),6.9
188,Costa Rica,2020,Current expenditure other than staff compensation as % of total expenditure in public institutions (%),37.5
188,Costa Rica,2020,All staff compensation as % of total expenditure in public institutions (%),61
188,Costa Rica,2020,Capital expenditure as % of total expenditure in public institutions (%),1.4
188,Costa Rica,2020,Basic access to computers by level of education: Primary,96.8
188,Costa Rica,2020,Basic access to computers by level of education: Lower secondary,87
188,Costa Rica,2020,Basic access to computers by level of education: Upper secondary,86
188,Costa Rica,2020,Public expenditure on education (% of GDP),6.7
384,Côte d’Ivoire,2005,Public expenditure on education (% of GDP),4.1
384,Côte d’Ivoire,2010,Current expenditure other than staff compensation as % of total expenditure in public institutions (%),21.8
384,Côte d’Ivoire,2010,All staff compensation as % of total expenditure in public institutions (%),71.2
384,Côte d’Ivoire,2010,Capital expenditure as % of total expenditure in public institutions (%),7
384,Côte d’Ivoire,2010,Public expenditure on education (% of GDP),4.6
384,Côte d’Ivoire,2015,Current expenditure other than staff compensation as % of total expenditure in public institutions (%),21.4
384,Côte d’Ivoire,2015,All staff compensation as % of total expenditure in public institutions (%),72.7
384,Côte d’Ivoire,2015,Capital expenditure as % of total expenditure in public institutions (%),5.9
384,Côte d’Ivoire,2015,Public expenditure on education (% of GDP),3.5
384,Côte d’Ivoire,2018,Current expenditure other than staff compensation as % of total expenditure in public institutions (%),14.6
384,Côte d’Ivoire,2018,All staff compensation as % of total expenditure in public institutions (%),80
384,Côte d’Ivoire,2018,Capital expenditure as % of total expenditure in public institutions (%),5.4
384,Côte d’Ivoire,2018,Public expenditure on education (% of GDP),3.2
384,Côte d’Ivoire,2019,Basic access to computers by level of education: Upper secondary,86
384,Côte d’Ivoire,2019,Public expenditure on education (% of GDP),3.7
384,Côte d’Ivoire,2020,Basic access to computers by level of education: Primary,7.3
384,Côte d’Ivoire,2020,Basic access to computers by level of education: Lower secondary,47
384,Côte d’Ivoire,2020,Basic access to computers by level of education: Upper secondary,54
191,Croatia,2004,Public expenditure on education (% of GDP),3.8
191,Croatia,2010,Current expenditure other than staff compensation as % of total expenditure in public institutions (%),23
191,Croatia,2010,All staff compensation as % of total expenditure in public institutions (%),70.6
191,Croatia,2010,Capital expenditure as % of total expenditure in public institutions (%),6.4
191,Croatia,2010,Public expenditure on education (% of GDP),4.2
191,Croatia,2013,Current expenditure other than staff compensation as % of total expenditure in public institutions (%),27.3
191,Croatia,2013,All staff compensation as % of total expenditure in public institutions (%),69.4
191,Croatia,2013,Capital expenditure as % of total expenditure in public institutions (%),3.2
191,Croatia,2013,Public expenditure on education (% of GDP),4.6
191,Croatia,2015,Current expenditure other than staff compensation as % of total expenditure in public institutions (%),26.3
191,Croatia,2015,All staff compensation as % of total expenditure in public institutions (%),69.3
191,Croatia,2015,Capital expenditure as % of total expenditure in public institutions (%),4.4
191,Croatia,2017,Current expenditure other than staff compensation as % of total expenditure in public institutions (%),20.6
191,Croatia,2017,All staff compensation as % of total expenditure in public institutions (%),75.2
191,Croatia,2017,Capital expenditure as % of total expenditure in public institutions (%),4.2
191,Croatia,2017,Public expenditure on education (% of GDP),3.9
192,Cuba,2005,Current expenditure other than staff compensation as % of total expenditure in public institutions (%),34.3
192,Cuba,2005,All staff compensation as % of total expenditure in public institutions (%),52.6
192,Cuba,2005,Capital expenditure as % of total expenditure in public institutions (%),13.2
192,Cuba,2005,Public expenditure on education (% of GDP),10.6
192,Cuba,2010,Current expenditure other than staff compensation as % of total expenditure in public institutions (%),40.5
192,Cuba,2010,All staff compensation as % of total expenditure in public institutions (%),58.6
192,Cuba,2010,Capital expenditure as % of total expenditure in public institutions (%),0.9
192,Cuba,2010,Basic access to computers by level of education: Primary,100
192,Cuba,2010,Basic access to computers by level of education: Lower secondary,100
192,Cuba,2010,Basic access to computers by level of education: Upper secondary,100
192,Cuba,2010,Public expenditure on education (% of GDP),12.8
192,Cuba,2020,Basic access to computers by level of education: Primary,100
192,Cuba,2020,Basic access to computers by level of education: Lower secondary,100
192,Cuba,2020,Basic access to computers by level of education: Upper secondary,100
531,Curaçao,2013,Current expenditure other than staff compensation as % of total expenditure in public institutions (%),13.9
531,Curaçao,2013,All staff compensation as % of total expenditure in public institutions (%),86.1
531,Curaçao,2013,Public expenditure on education (% of GDP),4.9
196,Cyprus,2005,Current expenditure other than staff compensation as % of total expenditure in public institutions (%),9.8
196,Cyprus,2005,All staff compensation as % of total expenditure in public institutions (%),76.9
196,Cyprus,2005,Capital expenditure as % of total expenditure in public institutions (%),13.4
196,Cyprus,2005,Public expenditure on education (% of GDP),6.3
196,Cyprus,2010,Current expenditure other than staff compensation as % of total expenditure in public institutions (%),11.5
196,Cyprus,2010,All staff compensation as % of total expenditure in public institutions (%),77.5
196,Cyprus,2010,Capital expenditure as % of total expenditure in public institutions (%),11
196,Cyprus,2010,Public expenditure on education (% of GDP),6.5
196,Cyprus,2015,Current expenditure other than staff compensation as % of total expenditure in public institutions (%),13
196,Cyprus,2015,All staff compensation as % of total expenditure in public institutions (%),82.9
196,Cyprus,2015,Capital expenditure as % of total expenditure in public institutions (%),4.1
196,Cyprus,2015,Public expenditure on education (% of GDP),6.3
196,Cyprus,2017,Current expenditure other than staff compensation as % of total expenditure in public institutions (%),12.1
196,Cyprus,2017,All staff compensation as % of total expenditure in public institutions (%),80.2
196,Cyprus,2017,Capital expenditure as % of total expenditure in public institutions (%),7.7
196,Cyprus,2017,Public expenditure on education (% of GDP),5.8
203,Czechia,2005,Current expenditure other than staff compensation as % of total expenditure in public institutions (%),34.4
203,Czechia,2005,All staff compensation as % of total expenditure in public institutions (%),56
203,Czechia,2005,Capital expenditure as % of total expenditure in public institutions (%),9.7
203,Czechia,2005,Public expenditure on education (% of GDP),3.9
203,Czechia,2010,Current expenditure other than staff compensation as % of total expenditure in public institutions (%),38.4
203,Czechia,2010,All staff compensation as % of total expenditure in public institutions (%),51.5
203,Czechia,2010,Capital expenditure as % of total expenditure in public institutions (%),10.1
203,Czechia,2010,Public expenditure on education (% of GDP),4
203,Czechia,2015,Current expenditure other than staff compensation as % of total expenditure in public institutions (%),56.6
203,Czechia,2015,All staff compensation as % of total expenditure in public institutions (%),35.5
203,Czechia,2015,Capital expenditure as % of total expenditure in public institutions (%),7.9
203,Czechia,2015,Public expenditure on education (% of GDP),5.8
203,Czechia,2018,Current expenditure other than staff compensation as % of total expenditure in public institutions (%),33
203,Czechia,2018,All staff compensation as % of total expenditure in public institutions (%),54.4
203,Czechia,2018,Capital expenditure as % of total expenditure in public institutions (%),12.6
203,Czechia,2018,Public expenditure on education (% of GDP),4.3
180,Dem. Rep. of the Congo,2010,Current expenditure other than staff compensation as % of total expenditure in public institutions (%),2.6
180,Dem. Rep. of the Congo,2010,All staff compensation as % of total expenditure in public institutions (%),87.8
180,Dem. Rep. of the Congo,2010,Capital expenditure as % of total expenditure in public institutions (%),9.6
180,Dem. Rep. of the Congo,2010,Public expenditure on education (% of GDP),1.5
180,Dem. Rep. of the Congo,2013,Current expenditure other than staff compensation as % of total expenditure in public institutions (%),1.7
180,Dem. Rep. of the Congo,2013,All staff compensation as % of total expenditure in public institutions (%),81.4
180,Dem. Rep. of the Congo,2013,Capital expenditure as % of total expenditure in public institutions (%),16.9
180,Dem. Rep. of the Congo,2013,Public expenditure on education (% of GDP),2.1
180,Dem. Rep. of the Congo,2015,Basic access to computers by level of education: Primary,0
180,Dem. Rep. of the Congo,2015,Basic access to computers by level of education: Lower secondary,0
180,Dem. Rep. of the Congo,2015,Basic access to computers by level of education: Upper secondary,0
180,Dem. Rep. of the Congo,2015,Public expenditure on education (% of GDP),2.2
180,Dem. Rep. of the Congo,2017,Public expenditure on education (% of GDP),1.5
208,Denmark,2005,Current expenditure other than staff compensation as % of total expenditure in public institutions (%),20.7
208,Denmark,2005,All staff compensation as % of total expenditure in public institutions (%),74.1
208,Denmark,2005,Capital expenditure as % of total expenditure in public institutions (%),5.3
208,Denmark,2005,Basic access to computers by level of education: Primary,100
208,Denmark,2005,Basic access to computers by level of education: Lower secondary,100
208,Denmark,2005,Public expenditure on education (% of GDP),8.1
208,Denmark,2010,Current expenditure other than staff compensation as % of total expenditure in public institutions (%),18
208,Denmark,2010,All staff compensation as % of total expenditure in public institutions (%),74.9
208,Denmark,2010,Capital expenditure as % of total expenditure in public institutions (%),7.1
208,Denmark,2010,Basic access to computers by level of education: Primary,100
208,Denmark,2010,Basic access to computers by level of education: Lower secondary,100
208,Denmark,2010,Public expenditure on education (% of GDP),8.6
208,Denmark,2014,Current expenditure other than staff compensation as % of total expenditure in public institutions (%),19.9
208,Denmark,2014,All staff compensation as % of total expenditure in public institutions (%),73.7
208,Denmark,2014,Capital expenditure as % of total expenditure in public institutions (%),6.4
208,Denmark,2014,Basic access to computers by level of education: Primary,100
208,Denmark,2014,Basic access to computers by level of education: Lower secondary,100
208,Denmark,2014,Public expenditure on education (% of GDP),7.6
208,Denmark,2015,Basic access to computers by level of education: Primary,100
208,Denmark,2015,Basic access to computers by level of education: Lower secondary,100
208,Denmark,2015,Basic access to computers by level of education: Upper secondary,100
208,Denmark,2016,Basic access to computers by level of education: Primary,100
208,Denmark,2016,Basic access to computers by level of education: Lower secondary,100
208,Denmark,2017,Current expenditure other than staff compensation as % of total expenditure in public institutions (%),19.9
208,Denmark,2017,All staff compensation as % of total expenditure in public institutions (%),74.5
208,Denmark,2017,Capital expenditure as % of total expenditure in public institutions (%),5.6
208,Denmark,2017,Public expenditure on education (% of GDP),7.8
262,Djibouti,2005,All staff compensation as % of total expenditure in public institutions (%),42.2
262,Djibouti,2005,Capital expenditure as % of total expenditure in public institutions (%),2.7
262,Djibouti,2005,Public expenditure on education (% of GDP),8.4
262,Djibouti,2007,All staff compensation as % of total expenditure in public institutions (%),38.8
262,Djibouti,2007,Capital expenditure as % of total expenditure in public institutions (%),4.6
262,Djibouti,2007,Public expenditure on education (% of GDP),8.4
262,Djibouti,2010,Public expenditure on education (% of GDP),4.5
262,Djibouti,2015,Public expenditure on education (% of GDP),3.6
262,Djibouti,2018,Public expenditure on education (% of GDP),3.6
212,Dominica,2010,Basic access to computers by level of education: Primary,71
212,Dominica,2010,Basic access to computers by level of education: Lower secondary,93
212,Dominica,2012,All staff compensation as % of total expenditure in public institutions (%),100
212,Dominica,2015,Public expenditure on education (% of GDP),3.4
212,Dominica,2020,Basic access to computers by level of education: Primary,100
212,Dominica,2020,Basic access to computers by level of education: Lower secondary,100
212,Dominica,2020,Basic access to computers by level of education: Upper secondary,100
212,Dominica,2020,Public expenditure on education (% of GDP),5
214,Dominican Republic,2003,Public expenditure on education (% of GDP),1.8
214,Dominican Republic,2007,Current expenditure other than staff compensation as % of total expenditure in public institutions (%),15.5
214,Dominican Republic,2007,All staff compensation as % of total expenditure in public institutions (%),66.9
214,Dominican Republic,2007,Capital expenditure as % of total expenditure in public institutions (%),17.6
214,Dominican Republic,2007,Public expenditure on education (% of GDP),2
214,Dominican Republic,2010,Public expenditure on education (% of GDP),1.9
214,Dominican Republic,2015,Public expenditure on education (% of GDP),3.8
214,Dominican Republic,2019,Public expenditure on education (% of GDP),4
218,Ecuador,2000,Public expenditure on education (% of GDP),1.2
218,Ecuador,2009,Basic access to computers by level of education: Primary,52
218,Ecuador,2009,Basic access to computers by level of education: Lower secondary,87
218,Ecuador,2009,Basic access to computers by level of education: Upper secondary,94
218,Ecuador,2009,Public expenditure on education (% of GDP),4.3
218,Ecuador,2010,Public expenditure on education (% of GDP),4.5
218,Ecuador,2015,Public expenditure on education (% of GDP),5
218,Ecuador,2020,Current expenditure other than staff compensation as % of total expenditure in public institutions (%),9.7
218,Ecuador,2020,All staff compensation as % of total expenditure in public institutions (%),87.9
218,Ecuador,2020,Capital expenditure as % of total expenditure in public institutions (%),2.4
218,Ecuador,2020,Basic access to computers by level of education: Primary,72.8
218,Ecuador,2020,Basic access to computers by level of education: Lower secondary,87
218,Ecuador,2020,Basic access to computers by level of education: Upper secondary,90
218,Ecuador,2020,Public expenditure on education (% of GDP),4.1
818,Egypt,2005,Public expenditure on education (% of GDP),4.8
818,Egypt,2010,Basic access to computers by level of education: Primary,86.3
818,Egypt,2010,Basic access to computers by level of education: Lower secondary,98
818,Egypt,2010,Basic access to computers by level of education: Upper secondary,91
818,Egypt,2010,Public expenditure on education (% of GDP),3.5
818,Egypt,2015,Public expenditure on education (% of GDP),3.9
818,Egypt,2017,Basic access to computers by level of education: Primary,78.3
818,Egypt,2017,Basic access to computers by level of education: Lower secondary,95
818,Egypt,2017,Basic access to computers by level of education: Upper secondary,91
818,Egypt,2019,Basic access to computers by level of education: Primary,94.7
222,El Salvador,2005,Current expenditure other than staff compensation as % of total expenditure in public institutions (%),27.3
222,El Salvador,2005,All staff compensation as % of total expenditure in public institutions (%),66.9
222,El Salvador,2005,Capital expenditure as % of total expenditure in public institutions (%),5.8
222,El Salvador,2005,Public expenditure on education (% of GDP),3.2
222,El Salvador,2008,Current expenditure other than staff compensation as % of total expenditure in public institutions (%),37.8
222,El Salvador,2008,All staff compensation as % of total expenditure in public institutions (%),51.7
222,El Salvador,2008,Capital expenditure as % of total expenditure in public institutions (%),10.5
222,El Salvador,2008,Public expenditure on education (% of GDP),4.5
222,El Salvador,2010,Basic access to computers by level of education: Primary,59
222,El Salvador,2010,Basic access to computers by level of education: Lower secondary,81
222,El Salvador,2010,Basic access to computers by level of education: Upper secondary,97
222,El Salvador,2010,Public expenditure on education (% of GDP),4
222,El Salvador,2015,Current expenditure other than staff compensation as % of total expenditure in public institutions (%),19
222,El Salvador,2015,All staff compensation as % of total expenditure in public institutions (%),67.1
222,El Salvador,2015,Capital expenditure as % of total expenditure in public institutions (%),6.2
222,El Salvador,2015,Public expenditure on education (% of GDP),3.9
222,El Salvador,2016,Current expenditure other than staff compensation as % of total expenditure in public institutions (%),25
222,El Salvador,2016,All staff compensation as % of total expenditure in public institutions (%),68
222,El Salvador,2016,Capital expenditure as % of total expenditure in public institutions (%),7
222,El Salvador,2016,Basic access to computers by level of education: Primary,48.3
222,El Salvador,2016,Basic access to computers by level of education: Lower secondary,68
222,El Salvador,2016,Public expenditure on education (% of GDP),3.8
222,El Salvador,2018,Capital expenditure as % of total expenditure in public institutions (%),6.7
222,El Salvador,2018,Basic access to computers by level of education: Primary,61
222,El Salvador,2018,Basic access to computers by level of education: Lower secondary,79
222,El Salvador,2018,Basic access to computers by level of education: Upper secondary,96
222,El Salvador,2018,Public expenditure on education (% of GDP),3.6
222,El Salvador,2019,All staff compensation as % of total expenditure in public institutions (%),94.1
222,El Salvador,2019,Capital expenditure as % of total expenditure in public institutions (%),5.9
222,El Salvador,2019,Public expenditure on education (% of GDP),3.4
232,Eritrea,2004,Public expenditure on education (% of GDP),3.1
232,Eritrea,2006,Current expenditure other than staff compensation as % of total expenditure in public institutions (%),22.7
232,Eritrea,2006,All staff compensation as % of total expenditure in public institutions (%),57.7
232,Eritrea,2006,Capital expenditure as % of total expenditure in public institutions (%),19.6
232,Eritrea,2006,Public expenditure on education (% of GDP),2.1
233,Estonia,2005,Basic access to computers by level of education: Primary,100
233,Estonia,2005,Basic access to computers by level of education: Lower secondary,100
233,Estonia,2005,Basic access to computers by level of education: Upper secondary,100
233,Estonia,2005,Public expenditure on education (% of GDP),4.8
233,Estonia,2010,Basic access to computers by level of education: Primary,100
233,Estonia,2010,Basic access to computers by level of education: Lower secondary,100
233,Estonia,2010,Basic access to computers by level of education: Upper secondary,100
233,Estonia,2010,Public expenditure on education (% of GDP),5.5
233,Estonia,2015,Current expenditure other than staff compensation as % of total expenditure in public institutions (%),26.9
233,Estonia,2015,All staff compensation as % of total expenditure in public institutions (%),64.8
233,Estonia,2015,Capital expenditure as % of total expenditure in public institutions (%),8.4
233,Estonia,2015,Basic access to computers by level of education: Primary,100
233,Estonia,2015,Basic access to computers by level of education: Lower secondary,100
233,Estonia,2015,Basic access to computers by level of education: Upper secondary,100
233,Estonia,2015,Public expenditure on education (% of GDP),5.1
233,Estonia,2016,Current expenditure other than staff compensation as % of total expenditure in public institutions (%),26.5
233,Estonia,2016,All staff compensation as % of total expenditure in public institutions (%),66.4
233,Estonia,2016,Capital expenditure as % of total expenditure in public institutions (%),7.1
233,Estonia,2016,Basic access to computers by level of education: Primary,100
233,Estonia,2016,Basic access to computers by level of education: Lower secondary,100
233,Estonia,2016,Basic access to computers by level of education: Upper secondary,100
233,Estonia,2016,Public expenditure on education (% of GDP),5.1
233,Estonia,2018,Current expenditure other than staff compensation as % of total expenditure in public institutions (%),25.3
233,Estonia,2018,All staff compensation as % of total expenditure in public institutions (%),62.6
233,Estonia,2018,Capital expenditure as % of total expenditure in public institutions (%),12.1
233,Estonia,2018,Public expenditure on education (% of GDP),5.2
748,Eswatini,2005,Public expenditure on education (% of GDP),6.5
748,Eswatini,2010,Public expenditure on education (% of GDP),6.1
748,Eswatini,2014,Current expenditure other than staff compensation as % of total expenditure in public institutions (%),36.2
748,Eswatini,2014,All staff compensation as % of total expenditure in public institutions (%),59.3
748,Eswatini,2014,Capital expenditure as % of total expenditure in public institutions (%),4.5
748,Eswatini,2014,Public expenditure on education (% of GDP),7.1
748,Eswatini,2015,Public expenditure on education (% of GDP),5.4
748,Eswatini,2019,Basic access to computers by level of education: Primary,69.7
748,Eswatini,2019,Basic access to computers by level of education: Lower secondary,59
748,Eswatini,2019,Basic access to computers by level of education: Upper secondary,59
748,Eswatini,2019,Public expenditure on education (% of GDP),5.6
748,Eswatini,2020,Public expenditure on education (% of GDP),5.3
231,Ethiopia,2002,Public expenditure on education (% of GDP),3.6
231,Ethiopia,2010,Current expenditure other than staff compensation as % of total expenditure in public institutions (%),21
231,Ethiopia,2010,All staff compensation as % of total expenditure in public institutions (%),44.8
231,Ethiopia,2010,Capital expenditure as % of total expenditure in public institutions (%),34.1
231,Ethiopia,2010,Public expenditure on education (% of GDP),4.5
231,Ethiopia,2015,Current expenditure other than staff compensation as % of total expenditure in public institutions (%),19.4
231,Ethiopia,2015,All staff compensation as % of total expenditure in public institutions (%),45.2
231,Ethiopia,2015,Capital expenditure as % of total expenditure in public institutions (%),35.4
231,Ethiopia,2015,Public expenditure on education (% of GDP),4.7
231,Ethiopia,2018,Public expenditure on education (% of GDP),5.1
231,Ethiopia,2020,Basic access to computers by level of education: Lower secondary,76
231,Ethiopia,2020,Basic access to computers by level of education: Upper secondary,76
234,Faroe Islands,2015,Public expenditure on education (% of GDP),7.7
234,Faroe Islands,2017,Public expenditure on education (% of GDP),8.2
242,Fiji,2005,Public expenditure on education (% of GDP),5.2
242,Fiji,2010,Public expenditure on education (% of GDP),4.8
242,Fiji,2013,Current expenditure other than staff compensation as % of total expenditure in public institutions (%),1.2
242,Fiji,2013,All staff compensation as % of total expenditure in public institutions (%),98.7
242,Fiji,2013,Capital expenditure as % of total expenditure in public institutions (%),0.1
242,Fiji,2013,Public expenditure on education (% of GDP),3.9
242,Fiji,2015,Public expenditure on education (% of GDP),4.8
242,Fiji,2019,Public expenditure on education (% of GDP),5.1
246,Finland,2005,Current expenditure other than staff compensation as % of total expenditure in public institutions (%),32.1
246,Finland,2005,All staff compensation as % of total expenditure in public institutions (%),60.9
246,Finland,2005,Capital expenditure as % of total expenditure in public institutions (%),7
246,Finland,2005,Basic access to computers by level of education: Primary,100
246,Finland,2005,Basic access to computers by level of education: Lower secondary,100
246,Finland,2005,Basic access to computers by level of education: Upper secondary,100
246,Finland,2005,Public expenditure on education (% of GDP),6
246,Finland,2010,Current expenditure other than staff compensation as % of total expenditure in public institutions (%),33.6
246,Finland,2010,All staff compensation as % of total expenditure in public institutions (%),60.3
246,Finland,2010,Capital expenditure as % of total expenditure in public institutions (%),6.1
246,Finland,2010,Basic access to computers by level of education: Primary,100
246,Finland,2010,Basic access to computers by level of education: Lower secondary,100
246,Finland,2010,Basic access to computers by level of education: Upper secondary,100
246,Finland,2010,Public expenditure on education (% of GDP),6.5
246,Finland,2015,Current expenditure other than staff compensation as % of total expenditure in public institutions (%),34.7
246,Finland,2015,All staff compensation as % of total expenditure in public institutions (%),56.5
246,Finland,2015,Capital expenditure as % of total expenditure in public institutions (%),8.8
246,Finland,2015,Basic access to computers by level of education: Primary,100
246,Finland,2015,Basic access to computers by level of education: Lower secondary,100
246,Finland,2015,Basic access to computers by level of education: Upper secondary,100
246,Finland,2015,Public expenditure on education (% of GDP),7
246,Finland,2018,Current expenditure other than staff compensation as % of total expenditure in public institutions (%),36.9
246,Finland,2018,All staff compensation as % of total expenditure in public institutions (%),54.5
246,Finland,2018,Capital expenditure as % of total expenditure in public institutions (%),8.5
246,Finland,2018,Basic access to computers by level of education: Primary,100
246,Finland,2018,Basic access to computers by level of education: Lower secondary,100
246,Finland,2018,Basic access to computers by level of education: Upper secondary,100
246,Finland,2018,Public expenditure on education (% of GDP),6.3
246,Finland,2019,Basic access to computers by level of education: Primary,100
246,Finland,2019,Basic access to computers by level of education: Lower secondary,100
246,Finland,2019,Basic access to computers by level of education: Upper secondary,100
250,France,2005,Basic access to computers by level of education: Primary,96
250,France,2005,Basic access to computers by level of education: Lower secondary,100
250,France,2005,Basic access to computers by level of education: Upper secondary,100
250,France,2015,Basic access to computers by level of education: Primary,99
250,France,2015,Basic access to computers by level of education: Lower secondary,100
250,France,2015,Basic access to computers by level of education: Upper secondary,100
250,France,2018,Current expenditure other than staff compensation as % of total expenditure in public institutions (%),16.6
250,France,2018,All staff compensation as % of total expenditure in public institutions (%),75.6
250,France,2018,Capital expenditure as % of total expenditure in public institutions (%),7.8
250,France,2018,Basic access to computers by level of education: Primary,99
250,France,2018,Basic access to computers by level of education: Lower secondary,100
250,France,2018,Basic access to computers by level of education: Upper secondary,100
250,France,2018,Public expenditure on education (% of GDP),5.4
250,France,2019,Basic access to computers by level of education: Primary,99
250,France,2019,Basic access to computers by level of education: Lower secondary,100
250,France,2019,Basic access to computers by level of education: Upper secondary,100
266,Gabon,2000,Public expenditure on education (% of GDP),3.8
266,Gabon,2010,Public expenditure on education (% of GDP),3.1
266,Gabon,2014,All staff compensation as % of total expenditure in public institutions (%),45.5
266,Gabon,2014,Public expenditure on education (% of GDP),2.7
266,Gabon,2015,Public expenditure on education (% of GDP),2.9
266,Gabon,2019,Public expenditure on education (% of GDP),2.8
270,Gambia,2005,Public expenditure on education (% of GDP),0.7
270,Gambia,2010,Current expenditure other than staff compensation as % of total expenditure in public institutions (%),10.8
270,Gambia,2010,All staff compensation as % of total expenditure in public institutions (%),46.4
270,Gambia,2010,Capital expenditure as % of total expenditure in public institutions (%),42.8
270,Gambia,2010,Public expenditure on education (% of GDP),2.6
270,Gambia,2012,Current expenditure other than staff compensation as % of total expenditure in public institutions (%),7.4
270,Gambia,2012,All staff compensation as % of total expenditure in public institutions (%),50.4
270,Gambia,2012,Capital expenditure as % of total expenditure in public institutions (%),42.2
270,Gambia,2012,Public expenditure on education (% of GDP),2.6
270,Gambia,2015,Public expenditure on education (% of GDP),2.2
270,Gambia,2019,Basic access to computers by level of education: Primary,21.2
270,Gambia,2019,Basic access to computers by level of education: Lower secondary,39
270,Gambia,2019,Basic access to computers by level of education: Upper secondary,60
270,Gambia,2019,Public expenditure on education (% of GDP),2.9
270,Gambia,2020,Basic access to computers by level of education: Primary,21.9
270,Gambia,2020,Basic access to computers by level of education: Lower secondary,39
270,Gambia,2020,Basic access to computers by level of education: Upper secondary,59
268,Georgia,2005,Public expenditure on education (% of GDP),2.5
268,Georgia,2010,Public expenditure on education (% of GDP),2.8
268,Georgia,2015,Public expenditure on education (% of GDP),3.2
268,Georgia,2020,Basic access to computers by level of education: Primary,100
268,Georgia,2020,Basic access to computers by level of education: Lower secondary,100
268,Georgia,2020,Basic access to computers by level of education: Upper secondary,100
268,Georgia,2020,Public expenditure on education (% of GDP),3.8
276,Germany,2010,Current expenditure other than staff compensation as % of total expenditure in public institutions (%),19.8
276,Germany,2010,All staff compensation as % of total expenditure in public institutions (%),70.6
276,Germany,2010,Capital expenditure as % of total expenditure in public institutions (%),9.6
276,Germany,2010,Public expenditure on education (% of GDP),4.9
276,Germany,2015,Current expenditure other than staff compensation as % of total expenditure in public institutions (%),20.1
276,Germany,2015,All staff compensation as % of total expenditure in public institutions (%),73.1
276,Germany,2015,Capital expenditure as % of total expenditure in public institutions (%),6.8
276,Germany,2015,Public expenditure on education (% of GDP),4.9
276,Germany,2018,Current expenditure other than staff compensation as % of total expenditure in public institutions (%),20
276,Germany,2018,All staff compensation as % of total expenditure in public institutions (%),72.5
276,Germany,2018,Capital expenditure as % of total expenditure in public institutions (%),7.5
276,Germany,2018,Public expenditure on education (% of GDP),5
288,Ghana,2005,Current expenditure other than staff compensation as % of total expenditure in public institutions (%),22.3
288,Ghana,2005,All staff compensation as % of total expenditure in public institutions (%),63
288,Ghana,2005,Capital expenditure as % of total expenditure in public institutions (%),14.7
288,Ghana,2005,Public expenditure on education (% of GDP),7.4
288,Ghana,2010,Current expenditure other than staff compensation as % of total expenditure in public institutions (%),14.3
288,Ghana,2010,All staff compensation as % of total expenditure in public institutions (%),68.8
288,Ghana,2010,Capital expenditure as % of total expenditure in public institutions (%),16.9
288,Ghana,2010,Public expenditure on education (% of GDP),5.5
288,Ghana,2014,Current expenditure other than staff compensation as % of total expenditure in public institutions (%),18.2
288,Ghana,2014,All staff compensation as % of total expenditure in public institutions (%),73.3
288,Ghana,2014,Capital expenditure as % of total expenditure in public institutions (%),8.6
288,Ghana,2014,Public expenditure on education (% of GDP),4.7
288,Ghana,2015,Public expenditure on education (% of GDP),4.6
288,Ghana,2018,Basic access to computers by level of education: Primary,3.5
288,Ghana,2018,Basic access to computers by level of education: Lower secondary,13
288,Ghana,2018,Basic access to computers by level of education: Upper secondary,35
288,Ghana,2018,Public expenditure on education (% of GDP),4
292,Gibraltar,2017,Current expenditure other than staff compensation as % of total expenditure in public institutions (%),42.3
292,Gibraltar,2017,All staff compensation as % of total expenditure in public institutions (%),54.2
292,Gibraltar,2017,Capital expenditure as % of total expenditure in public institutions (%),3.5
292,Gibraltar,2017,Basic access to computers by level of education: Primary,100
292,Gibraltar,2017,Basic access to computers by level of education: Lower secondary,100
292,Gibraltar,2017,Basic access to computers by level of education: Upper secondary,100
292,Gibraltar,2020,Basic access to computers by level of education: Primary,100
292,Gibraltar,2020,Basic access to computers by level of education: Lower secondary,100
292,Gibraltar,2020,Basic access to computers by level of education: Upper secondary,100
300,Greece,2005,Current expenditure other than staff compensation as % of total expenditure in public institutions (%),11
300,Greece,2005,All staff compensation as % of total expenditure in public institutions (%),67.3
300,Greece,2005,Capital expenditure as % of total expenditure in public institutions (%),21.7
300,Greece,2005,Public expenditure on education (% of GDP),4
300,Greece,2015,Public expenditure on education (% of GDP),3.7
300,Greece,2018,Current expenditure other than staff compensation as % of total expenditure in public institutions (%),7.1
300,Greece,2018,All staff compensation as % of total expenditure in public institutions (%),81
300,Greece,2018,Capital expenditure as % of total expenditure in public institutions (%),11.8
300,Greece,2018,Public expenditure on education (% of GDP),3.6
304,Greenland,2015,Public expenditure on education (% of GDP),12
304,Greenland,2018,Public expenditure on education (% of GDP),10.6
308,Grenada,2003,Public expenditure on education (% of GDP),3.9
308,Grenada,2010,Basic access to computers by level of education: Lower secondary,100
308,Grenada,2010,Basic access to computers by level of education: Upper secondary,100
308,Grenada,2015,Public expenditure on education (% of GDP),4.2
308,Grenada,2018,Basic access to computers by level of education: Primary,72.2
308,Grenada,2018,Basic access to computers by level of education: Lower secondary,100
308,Grenada,2018,Basic access to computers by level of education: Upper secondary,100
308,Grenada,2018,Public expenditure on education (% of GDP),3.6
308,Grenada,2020,Basic access to computers by level of education: Lower secondary,100
308,Grenada,2020,Basic access to computers by level of education: Upper secondary,100
320,Guatemala,2008,Current expenditure other than staff compensation as % of total expenditure in public institutions (%),9.9
320,Guatemala,2008,All staff compensation as % of total expenditure in public institutions (%),65.2
320,Guatemala,2008,Capital expenditure as % of total expenditure in public institutions (%),11.5
320,Guatemala,2008,Public expenditure on education (% of GDP),3.2
320,Guatemala,2010,Capital expenditure as % of total expenditure in public institutions (%),0.1
320,Guatemala,2010,Public expenditure on education (% of GDP),2.8
320,Guatemala,2015,Current expenditure other than staff compensation as % of total expenditure in public institutions (%),20.9
320,Guatemala,2015,All staff compensation as % of total expenditure in public institutions (%),75.3
320,Guatemala,2015,Capital expenditure as % of total expenditure in public institutions (%),3.8
320,Guatemala,2015,Public expenditure on education (% of GDP),3
320,Guatemala,2016,Current expenditure other than staff compensation as % of total expenditure in public institutions (%),25
320,Guatemala,2016,All staff compensation as % of total expenditure in public institutions (%),72.4
320,Guatemala,2016,Capital expenditure as % of total expenditure in public institutions (%),2.6
320,Guatemala,2016,Basic access to computers by level of education: Primary,12.5
320,Guatemala,2016,Basic access to computers by level of education: Lower secondary,44
320,Guatemala,2016,Basic access to computers by level of education: Upper secondary,66
320,Guatemala,2016,Public expenditure on education (% of GDP),2.9
320,Guatemala,2020,Current expenditure other than staff compensation as % of total expenditure in public institutions (%),26.3
320,Guatemala,2020,All staff compensation as % of total expenditure in public institutions (%),68.9
320,Guatemala,2020,Capital expenditure as % of total expenditure in public institutions (%),4.8
320,Guatemala,2020,Public expenditure on education (% of GDP),3.3
324,Guinea,2005,Public expenditure on education (% of GDP),1.8
324,Guinea,2010,Capital expenditure as % of total expenditure in public institutions (%),7.7
324,Guinea,2010,Public expenditure on education (% of GDP),2.6
324,Guinea,2015,Current expenditure other than staff compensation as % of total expenditure in public institutions (%),12.6
324,Guinea,2015,All staff compensation as % of total expenditure in public institutions (%),75.1
324,Guinea,2015,Capital expenditure as % of total expenditure in public institutions (%),12.3
324,Guinea,2015,Public expenditure on education (% of GDP),2.5
324,Guinea,2016,Current expenditure other than staff compensation as % of total expenditure in public institutions (%),12.6
324,Guinea,2016,All staff compensation as % of total expenditure in public institutions (%),75.1
324,Guinea,2016,Capital expenditure as % of total expenditure in public institutions (%),12.3
324,Guinea,2016,Basic access to computers by level of education: Primary,0
324,Guinea,2016,Basic access to computers by level of education: Lower secondary,0
324,Guinea,2016,Basic access to computers by level of education: Upper secondary,0
324,Guinea,2016,Public expenditure on education (% of GDP),2.5
324,Guinea,2020,Current expenditure other than staff compensation as % of total expenditure in public institutions (%),6.3
324,Guinea,2020,All staff compensation as % of total expenditure in public institutions (%),92.3
324,Guinea,2020,Capital expenditure as % of total expenditure in public institutions (%),1.4
324,Guinea,2020,Public expenditure on education (% of GDP),2.2
624,Guinea-Bissau,2010,Current expenditure other than staff compensation as % of total expenditure in public institutions (%),12.5
624,Guinea-Bissau,2010,All staff compensation as % of total expenditure in public institutions (%),61.5
624,Guinea-Bissau,2010,Capital expenditure as % of total expenditure in public institutions (%),26
624,Guinea-Bissau,2010,Public expenditure on education (% of GDP),1.9
624,Guinea-Bissau,2013,Current expenditure other than staff compensation as % of total expenditure in public institutions (%),0.9
624,Guinea-Bissau,2013,All staff compensation as % of total expenditure in public institutions (%),48.3
624,Guinea-Bissau,2013,Capital expenditure as % of total expenditure in public institutions (%),50.8
624,Guinea-Bissau,2013,Public expenditure on education (% of GDP),2.1
624,Guinea-Bissau,2015,Public expenditure on education (% of GDP),2.3
624,Guinea-Bissau,2019,Public expenditure on education (% of GDP),2.9
328,Guyana,2005,Current expenditure other than staff compensation as % of total expenditure in public institutions (%),23.1
328,Guyana,2005,All staff compensation as % of total expenditure in public institutions (%),62.3
328,Guyana,2005,Capital expenditure as % of total expenditure in public institutions (%),14.6
328,Guyana,2005,Public expenditure on education (% of GDP),8.1
328,Guyana,2010,Current expenditure other than staff compensation as % of total expenditure in public institutions (%),22.8
328,Guyana,2010,All staff compensation as % of total expenditure in public institutions (%),68.4
328,Guyana,2010,Capital expenditure as % of total expenditure in public institutions (%),8.7
328,Guyana,2010,Public expenditure on education (% of GDP),2.4
328,Guyana,2012,Current expenditure other than staff compensation as % of total expenditure in public institutions (%),22.5
328,Guyana,2012,All staff compensation as % of total expenditure in public institutions (%),62.9
328,Guyana,2012,Capital expenditure as % of total expenditure in public institutions (%),14.6
328,Guyana,2012,Public expenditure on education (% of GDP),2.2
328,Guyana,2015,Public expenditure on education (% of GDP),3.9
328,Guyana,2018,Public expenditure on education (% of GDP),4.5
332,Haiti,2015,Public expenditure on education (% of GDP),1.9
332,Haiti,2018,Public expenditure on education (% of GDP),1.7
340,Honduras,2010,Public expenditure on education (% of GDP),6.8
340,Honduras,2013,Current expenditure other than staff compensation as % of total expenditure in public institutions (%),15.6
340,Honduras,2013,All staff compensation as % of total expenditure in public institutions (%),79.7
340,Honduras,2013,Capital expenditure as % of total expenditure in public institutions (%),4.7
340,Honduras,2013,Public expenditure on education (% of GDP),5.9
340,Honduras,2015,Public expenditure on education (% of GDP),6.4
340,Honduras,2016,Basic access to computers by level of education: Primary,15.7
340,Honduras,2016,Public expenditure on education (% of GDP),5.2
340,Honduras,2019,Public expenditure on education (% of GDP),4.9
348,Hungary,2005,Current expenditure other than staff compensation as % of total expenditure in public institutions (%),21
348,Hungary,2005,All staff compensation as % of total expenditure in public institutions (%),71.6
348,Hungary,2005,Capital expenditure as % of total expenditure in public institutions (%),7.4
348,Hungary,2005,Basic access to computers by level of education: Primary,100
348,Hungary,2005,Basic access to computers by level of education: Lower secondary,100
348,Hungary,2005,Basic access to computers by level of education: Upper secondary,100
348,Hungary,2005,Public expenditure on education (% of GDP),5.3
348,Hungary,2010,Current expenditure other than staff compensation as % of total expenditure in public institutions (%),27.1
348,Hungary,2010,All staff compensation as % of total expenditure in public institutions (%),62.5
348,Hungary,2010,Capital expenditure as % of total expenditure in public institutions (%),10.4
348,Hungary,2010,Basic access to computers by level of education: Primary,100
348,Hungary,2010,Basic access to computers by level of education: Lower secondary,100
348,Hungary,2010,Basic access to computers by level of education: Upper secondary,100
348,Hungary,2010,Public expenditure on education (% of GDP),4.7
348,Hungary,2015,Current expenditure other than staff compensation as % of total expenditure in public institutions (%),26.3
348,Hungary,2015,All staff compensation as % of total expenditure in public institutions (%),67.4
348,Hungary,2015,Capital expenditure as % of total expenditure in public institutions (%),6.3
348,Hungary,2015,Basic access to computers by level of education: Primary,100
348,Hungary,2015,Basic access to computers by level of education: Lower secondary,100
348,Hungary,2015,Basic access to computers by level of education: Upper secondary,100
348,Hungary,2015,Public expenditure on education (% of GDP),4.5
348,Hungary,2016,Current expenditure other than staff compensation as % of total expenditure in public institutions (%),22.1
348,Hungary,2016,All staff compensation as % of total expenditure in public institutions (%),70.5
348,Hungary,2016,Capital expenditure as % of total expenditure in public institutions (%),7.4
348,Hungary,2016,Basic access to computers by level of education: Primary,100
348,Hungary,2016,Basic access to computers by level of education: Lower secondary,100
348,Hungary,2016,Basic access to computers by level of education: Upper secondary,100
348,Hungary,2016,Public expenditure on education (% of GDP),4.6
348,Hungary,2018,Current expenditure other than staff compensation as % of total expenditure in public institutions (%),22
348,Hungary,2018,All staff compensation as % of total expenditure in public institutions (%),64.5
348,Hungary,2018,Capital expenditure as % of total expenditure in public institutions (%),13.5
348,Hungary,2018,Public expenditure on education (% of GDP),4.6
352,Iceland,2005,Current expenditure other than staff compensation as % of total expenditure in public institutions (%),23.6
352,Iceland,2005,All staff compensation as % of total expenditure in public institutions (%),67.9
352,Iceland,2005,Capital expenditure as % of total expenditure in public institutions (%),8.5
352,Iceland,2005,Public expenditure on education (% of GDP),7.3
352,Iceland,2010,Current expenditure other than staff compensation as % of total expenditure in public institutions (%),20.8
352,Iceland,2010,All staff compensation as % of total expenditure in public institutions (%),72.6
352,Iceland,2010,Capital expenditure as % of total expenditure in public institutions (%),6.6
352,Iceland,2010,Public expenditure on education (% of GDP),6.9
352,Iceland,2015,Current expenditure other than staff compensation as % of total expenditure in public institutions (%),29.7
352,Iceland,2015,All staff compensation as % of total expenditure in public institutions (%),64.8
352,Iceland,2015,Capital expenditure as % of total expenditure in public institutions (%),5.5
352,Iceland,2015,Public expenditure on education (% of GDP),7.5
352,Iceland,2018,Current expenditure other than staff compensation as % of total expenditure in public institutions (%),28.3
352,Iceland,2018,All staff compensation as % of total expenditure in public institutions (%),65.6
352,Iceland,2018,Capital expenditure as % of total expenditure in public institutions (%),6.1
352,Iceland,2018,Public expenditure on education (% of GDP),7.6
356,India,2005,Current expenditure other than staff compensation as % of total expenditure in public institutions (%),9
356,India,2005,All staff compensation as % of total expenditure in public institutions (%),86.2
356,India,2005,Capital expenditure as % of total expenditure in public institutions (%),4.8
356,India,2005,Public expenditure on education (% of GDP),3.2
356,India,2010,Public expenditure on education (% of GDP),3.4
356,India,2015,Public expenditure on education (% of GDP),3.3
356,India,2016,Basic access to computers by level of education: Primary,10.2
356,India,2016,Basic access to computers by level of education: Lower secondary,36
356,India,2016,Basic access to computers by level of education: Upper secondary,68
356,India,2016,Public expenditure on education (% of GDP),3.5
356,India,2020,Basic access to computers by level of education: Primary,18.9
356,India,2020,Basic access to computers by level of education: Lower secondary,43
356,India,2020,Basic access to computers by level of education: Upper secondary,78
360,Indonesia,2005,Public expenditure on education (% of GDP),2.9
360,Indonesia,2010,Current expenditure other than staff compensation as % of total expenditure in public institutions (%),33.6
360,Indonesia,2010,All staff compensation as % of total expenditure in public institutions (%),54.5
360,Indonesia,2010,Capital expenditure as % of total expenditure in public institutions (%),11.9
360,Indonesia,2010,Public expenditure on education (% of GDP),2.8
360,Indonesia,2015,Current expenditure other than staff compensation as % of total expenditure in public institutions (%),24.1
360,Indonesia,2015,All staff compensation as % of total expenditure in public institutions (%),64.1
360,Indonesia,2015,Capital expenditure as % of total expenditure in public institutions (%),11.9
360,Indonesia,2015,Public expenditure on education (% of GDP),3.6
360,Indonesia,2017,Basic access to computers by level of education: Primary,32
360,Indonesia,2017,Basic access to computers by level of education: Lower secondary,42
360,Indonesia,2017,Basic access to computers by level of education: Upper secondary,67
360,Indonesia,2017,Public expenditure on education (% of GDP),2.7
360,Indonesia,2018,Basic access to computers by level of education: Primary,40.1
360,Indonesia,2018,Basic access to computers by level of education: Lower secondary,48
360,Indonesia,2018,Public expenditure on education (% of GDP),3
360,Indonesia,2019,Public expenditure on education (% of GDP),2.8
364,Iran (Islamic Republic of),2005,Public expenditure on education (% of GDP),4.1
364,Iran (Islamic Republic of),2010,Public expenditure on education (% of GDP),3.7
364,Iran (Islamic Republic of),2012,Basic access to computers by level of education: Primary,45.5
364,Iran (Islamic Republic of),2012,Basic access to computers by level of education: Lower secondary,60
364,Iran (Islamic Republic of),2012,Basic access to computers by level of education: Upper secondary,90
364,Iran (Islamic Republic of),2012,Public expenditure on education (% of GDP),3.2
364,Iran (Islamic Republic of),2014,Current expenditure other than staff compensation as % of total expenditure in public institutions (%),25.9
364,Iran (Islamic Republic of),2014,All staff compensation as % of total expenditure in public institutions (%),67.6
364,Iran (Islamic Republic of),2014,Capital expenditure as % of total expenditure in public institutions (%),6.5
364,Iran (Islamic Republic of),2014,Public expenditure on education (% of GDP),2.8
364,Iran (Islamic Republic of),2015,Capital expenditure as % of total expenditure in public institutions (%),4.2
364,Iran (Islamic Republic of),2015,Public expenditure on education (% of GDP),2.8
364,Iran (Islamic Republic of),2019,Current expenditure other than staff compensation as % of total expenditure in public institutions (%),12.5
364,Iran (Islamic Republic of),2019,All staff compensation as % of total expenditure in public institutions (%),81.6
364,Iran (Islamic Republic of),2019,Capital expenditure as % of total expenditure in public institutions (%),5.9
364,Iran (Islamic Republic of),2019,Public expenditure on education (% of GDP),3.7
372,Ireland,2005,Current expenditure other than staff compensation as % of total expenditure in public institutions (%),17.3
372,Ireland,2005,All staff compensation as % of total expenditure in public institutions (%),74.2
372,Ireland,2005,Capital expenditure as % of total expenditure in public institutions (%),8.4
372,Ireland,2005,Public expenditure on education (% of GDP),4.5
372,Ireland,2010,Current expenditure other than staff compensation as % of total expenditure in public institutions (%),19.7
372,Ireland,2010,All staff compensation as % of total expenditure in public institutions (%),71.6
372,Ireland,2010,Capital expenditure as % of total expenditure in public institutions (%),8.7
372,Ireland,2010,Public expenditure on education (% of GDP),6
372,Ireland,2015,Current expenditure other than staff compensation as % of total expenditure in public institutions (%),15.1
372,Ireland,2015,All staff compensation as % of total expenditure in public institutions (%),78.1
372,Ireland,2015,Capital expenditure as % of total expenditure in public institutions (%),6.9
372,Ireland,2015,Public expenditure on education (% of GDP),3.8
372,Ireland,2018,Current expenditure other than staff compensation as % of total expenditure in public institutions (%),40.3
372,Ireland,2018,All staff compensation as % of total expenditure in public institutions (%),54.5
372,Ireland,2018,Capital expenditure as % of total expenditure in public institutions (%),5.2
372,Ireland,2018,Public expenditure on education (% of GDP),3.4
376,Israel,2005,Current expenditure other than staff compensation as % of total expenditure in public institutions (%),25.1
376,Israel,2005,All staff compensation as % of total expenditure in public institutions (%),68.8
376,Israel,2005,Capital expenditure as % of total expenditure in public institutions (%),6.1
376,Israel,2005,Public expenditure on education (% of GDP),5.8
376,Israel,2010,Current expenditure other than staff compensation as % of total expenditure in public institutions (%),18.7
376,Israel,2010,All staff compensation as % of total expenditure in public institutions (%),72.9
376,Israel,2010,Capital expenditure as % of total expenditure in public institutions (%),8.4
376,Israel,2010,Public expenditure on education (% of GDP),5.5
376,Israel,2015,Current expenditure other than staff compensation as % of total expenditure in public institutions (%),15.5
376,Israel,2015,All staff compensation as % of total expenditure in public institutions (%),75.3
376,Israel,2015,Capital expenditure as % of total expenditure in public institutions (%),9.2
376,Israel,2015,Basic access to computers by level of education: Primary,85
376,Israel,2015,Basic access to computers by level of education: Lower secondary,85
376,Israel,2015,Basic access to computers by level of education: Upper secondary,85
376,Israel,2015,Public expenditure on education (% of GDP),5.9
376,Israel,2016,Current expenditure other than staff compensation as % of total expenditure in public institutions (%),15.2
376,Israel,2016,All staff compensation as % of total expenditure in public institutions (%),75.4
376,Israel,2016,Capital expenditure as % of total expenditure in public institutions (%),9.4
376,Israel,2016,Basic access to computers by level of education: Primary,85
376,Israel,2016,Basic access to computers by level of education: Lower secondary,85
376,Israel,2016,Basic access to computers by level of education: Upper secondary,85
376,Israel,2016,Public expenditure on education (% of GDP),5.9
376,Israel,2018,Current expenditure other than staff compensation as % of total expenditure in public institutions (%),16.5
376,Israel,2018,All staff compensation as % of total expenditure in public institutions (%),72.3
376,Israel,2018,Capital expenditure as % of total expenditure in public institutions (%),11.2
376,Israel,2018,Public expenditure on education (% of GDP),6.2
380,Italy,2005,Current expenditure other than staff compensation as % of total expenditure in public institutions (%),20.9
380,Italy,2005,All staff compensation as % of total expenditure in public institutions (%),71.9
380,Italy,2005,Capital expenditure as % of total expenditure in public institutions (%),7.2
380,Italy,2005,Public expenditure on education (% of GDP),4.2
380,Italy,2010,Current expenditure other than staff compensation as % of total expenditure in public institutions (%),20.5
380,Italy,2010,All staff compensation as % of total expenditure in public institutions (%),74.7
380,Italy,2010,Capital expenditure as % of total expenditure in public institutions (%),4.8
380,Italy,2010,Public expenditure on education (% of GDP),4.3
380,Italy,2015,Current expenditure other than staff compensation as % of total expenditure in public institutions (%),18.9
380,Italy,2015,All staff compensation as % of total expenditure in public institutions (%),76.1
380,Italy,2015,Capital expenditure as % of total expenditure in public institutions (%),5
380,Italy,2015,Public expenditure on education (% of GDP),4.1
380,Italy,2018,Current expenditure other than staff compensation as % of total expenditure in public institutions (%),26
380,Italy,2018,All staff compensation as % of total expenditure in public institutions (%),71.2
380,Italy,2018,Capital expenditure as % of total expenditure in public institutions (%),2.8
380,Italy,2018,Public expenditure on education (% of GDP),4.3
388,Jamaica,2005,Public expenditure on education (% of GDP),4.6
388,Jamaica,2008,Current expenditure other than staff compensation as % of total expenditure in public institutions (%),4.9
388,Jamaica,2008,All staff compensation as % of total expenditure in public institutions (%),85.6
388,Jamaica,2008,Capital expenditure as % of total expenditure in public institutions (%),9.4
388,Jamaica,2008,Public expenditure on education (% of GDP),6.2
388,Jamaica,2009,Current expenditure other than staff compensation as % of total expenditure in public institutions (%),7
388,Jamaica,2009,All staff compensation as % of total expenditure in public institutions (%),93
388,Jamaica,2009,Public expenditure on education (% of GDP),6.2
388,Jamaica,2010,Public expenditure on education (% of GDP),6.4
388,Jamaica,2015,Current expenditure other than staff compensation as % of total expenditure in public institutions (%),18.7
388,Jamaica,2015,All staff compensation as % of total expenditure in public institutions (%),78.9
388,Jamaica,2015,Capital expenditure as % of total expenditure in public institutions (%),2.3
388,Jamaica,2015,Public expenditure on education (% of GDP),5.5
388,Jamaica,2017,Current expenditure other than staff compensation as % of total expenditure in public institutions (%),19.6
388,Jamaica,2017,All staff compensation as % of total expenditure in public institutions (%),77.6
388,Jamaica,2017,Capital expenditure as % of total expenditure in public institutions (%),2.8
388,Jamaica,2017,Basic access to computers by level of education: Primary,33.1
388,Jamaica,2017,Basic access to computers by level of education: Lower secondary,47
388,Jamaica,2017,Basic access to computers by level of education: Upper secondary,100
388,Jamaica,2017,Public expenditure on education (% of GDP),5.3
388,Jamaica,2019,Current expenditure other than staff compensation as % of total expenditure in public institutions (%),21.2
388,Jamaica,2019,All staff compensation as % of total expenditure in public institutions (%),77.2
388,Jamaica,2019,Capital expenditure as % of total expenditure in public institutions (%),1.6
388,Jamaica,2019,Basic access to computers by level of education: Primary,85.2
388,Jamaica,2019,Basic access to computers by level of education: Upper secondary,100
388,Jamaica,2019,Public expenditure on education (% of GDP),5.2
388,Jamaica,2020,Public expenditure on education (% of GDP),5.4
392,Japan,2005,Current expenditure other than staff compensation as % of total expenditure in public institutions (%),20.2
392,Japan,2005,All staff compensation as % of total expenditure in public institutions (%),70.8
392,Japan,2005,Capital expenditure as % of total expenditure in public institutions (%),9.1
392,Japan,2010,Current expenditure other than staff compensation as % of total expenditure in public institutions (%),20.3
392,Japan,2010,All staff compensation as % of total expenditure in public institutions (%),66.4
392,Japan,2010,Capital expenditure as % of total expenditure in public institutions (%),13.3
392,Japan,2014,Current expenditure other than staff compensation as % of total expenditure in public institutions (%),21.3
392,Japan,2014,All staff compensation as % of total expenditure in public institutions (%),64.8
392,Japan,2014,Capital expenditure as % of total expenditure in public institutions (%),13.9
392,Japan,2018,Current expenditure other than staff compensation as % of total expenditure in public institutions (%),18.7
392,Japan,2018,All staff compensation as % of total expenditure in public institutions (%),71
392,Japan,2018,Capital expenditure as % of total expenditure in public institutions (%),10.3
400,Jordan,2010,Public expenditure on education (% of GDP),3.1
400,Jordan,2011,Basic access to computers by level of education: Primary,88.2
400,Jordan,2011,Basic access to computers by level of education: Lower secondary,96
400,Jordan,2011,Basic access to computers by level of education: Upper secondary,98
400,Jordan,2011,Public expenditure on education (% of GDP),3.4
400,Jordan,2013,Public expenditure on education (% of GDP),3.5
400,Jordan,2019,Current expenditure other than staff compensation as % of total expenditure in public institutions (%),11.8
400,Jordan,2019,All staff compensation as % of total expenditure in public institutions (%),73.9
400,Jordan,2019,Capital expenditure as % of total expenditure in public institutions (%),14.3
400,Jordan,2019,Basic access to computers by level of education: Primary,33.5
400,Jordan,2019,Basic access to computers by level of education: Lower secondary,100
400,Jordan,2019,Basic access to computers by level of education: Upper secondary,100
400,Jordan,2019,Public expenditure on education (% of GDP),3
400,Jordan,2020,Basic access to computers by level of education: Primary,33.6
400,Jordan,2020,Basic access to computers by level of education: Lower secondary,100
400,Jordan,2020,Basic access to computers by level of education: Upper secondary,100
398,Kazakhstan,2005,Current expenditure other than staff compensation as % of total expenditure in public institutions (%),40.6
398,Kazakhstan,2005,All staff compensation as % of total expenditure in public institutions (%),53.2
398,Kazakhstan,2005,Capital expenditure as % of total expenditure in public institutions (%),6.2
398,Kazakhstan,2005,Public expenditure on education (% of GDP),2.3
398,Kazakhstan,2010,Current expenditure other than staff compensation as % of total expenditure in public institutions (%),32.8
398,Kazakhstan,2010,All staff compensation as % of total expenditure in public institutions (%),57.8
398,Kazakhstan,2010,Capital expenditure as % of total expenditure in public institutions (%),9.4
398,Kazakhstan,2010,Public expenditure on education (% of GDP),3.5
398,Kazakhstan,2015,Current expenditure other than staff compensation as % of total expenditure in public institutions (%),36.6
398,Kazakhstan,2015,All staff compensation as % of total expenditure in public institutions (%),59.9
398,Kazakhstan,2015,Capital expenditure as % of total expenditure in public institutions (%),3.5
398,Kazakhstan,2015,Public expenditure on education (% of GDP),2.8
398,Kazakhstan,2018,Current expenditure other than staff compensation as % of total expenditure in public institutions (%),26.8
398,Kazakhstan,2018,All staff compensation as % of total expenditure in public institutions (%),68.7
398,Kazakhstan,2018,Capital expenditure as % of total expenditure in public institutions (%),4.5
398,Kazakhstan,2018,Public expenditure on education (% of GDP),2.6
398,Kazakhstan,2019,Current expenditure other than staff compensation as % of total expenditure in public institutions (%),25
398,Kazakhstan,2019,All staff compensation as % of total expenditure in public institutions (%),75
398,Kazakhstan,2019,Public expenditure on education (% of GDP),2.9
404,Kenya,2005,Public expenditure on education (% of GDP),7.3
404,Kenya,2010,Public expenditure on education (% of GDP),5.5
404,Kenya,2015,Current expenditure other than staff compensation as % of total expenditure in public institutions (%),31.6
404,Kenya,2015,All staff compensation as % of total expenditure in public institutions (%),60.9
404,Kenya,2015,Capital expenditure as % of total expenditure in public institutions (%),7.5
404,Kenya,2015,Public expenditure on education (% of GDP),5.3
404,Kenya,2020,Public expenditure on education (% of GDP),5.1
296,Kiribati,2001,Public expenditure on education (% of GDP),12
296,Kiribati,2015,Public expenditure on education (% of GDP),9.9
296,Kiribati,2019,Public expenditure on education (% of GDP),12.4
296,Kiribati,2020,Basic access to computers by level of education: Primary,19.6
296,Kiribati,2020,Basic access to computers by level of education: Lower secondary,46
296,Kiribati,2020,Basic access to computers by level of education: Upper secondary,100
414,Kuwait,2005,Current expenditure other than staff compensation as % of total expenditure in public institutions (%),17.4
414,Kuwait,2005,All staff compensation as % of total expenditure in public institutions (%),74.9
414,Kuwait,2005,Capital expenditure as % of total expenditure in public institutions (%),7.7
414,Kuwait,2005,Public expenditure on education (% of GDP),4.7
414,Kuwait,2006,Public expenditure on education (% of GDP),3.8
414,Kuwait,2015,Public expenditure on education (% of GDP),4.8
414,Kuwait,2020,Basic access to computers by level of education: Primary,100
414,Kuwait,2020,Basic access to computers by level of education: Lower secondary,100
414,Kuwait,2020,Basic access to computers by level of education: Upper secondary,100
414,Kuwait,2020,Public expenditure on education (% of GDP),6.6
417,Kyrgyzstan,2005,Current expenditure other than staff compensation as % of total expenditure in public institutions (%),28.4
417,Kyrgyzstan,2005,All staff compensation as % of total expenditure in public institutions (%),66.2
417,Kyrgyzstan,2005,Capital expenditure as % of total expenditure in public institutions (%),5.4
417,Kyrgyzstan,2005,Public expenditure on education (% of GDP),4.9
417,Kyrgyzstan,2010,Current expenditure other than staff compensation as % of total expenditure in public institutions (%),29.1
417,Kyrgyzstan,2010,All staff compensation as % of total expenditure in public institutions (%),64.5
417,Kyrgyzstan,2010,Capital expenditure as % of total expenditure in public institutions (%),6.5
417,Kyrgyzstan,2010,Public expenditure on education (% of GDP),5.8
417,Kyrgyzstan,2015,Current expenditure other than staff compensation as % of total expenditure in public institutions (%),16.2
417,Kyrgyzstan,2015,All staff compensation as % of total expenditure in public institutions (%),68.1
417,Kyrgyzstan,2015,Capital expenditure as % of total expenditure in public institutions (%),15.7
417,Kyrgyzstan,2015,Public expenditure on education (% of GDP),6
417,Kyrgyzstan,2017,Current expenditure other than staff compensation as % of total expenditure in public institutions (%),14.4
417,Kyrgyzstan,2017,All staff compensation as % of total expenditure in public institutions (%),70.7
417,Kyrgyzstan,2017,Capital expenditure as % of total expenditure in public institutions (%),14.9
417,Kyrgyzstan,2017,Basic access to computers by level of education: Primary,88.8
417,Kyrgyzstan,2017,Basic access to computers by level of education: Lower secondary,89
417,Kyrgyzstan,2017,Basic access to computers by level of education: Upper secondary,86
417,Kyrgyzstan,2017,Public expenditure on education (% of GDP),6
417,Kyrgyzstan,2019,Current expenditure other than staff compensation as % of total expenditure in public institutions (%),14.1
417,Kyrgyzstan,2019,All staff compensation as % of total expenditure in public institutions (%),75.7
417,Kyrgyzstan,2019,Capital expenditure as % of total expenditure in public institutions (%),10.1
417,Kyrgyzstan,2019,Public expenditure on education (% of GDP),5.4
417,Kyrgyzstan,2020,Basic access to computers by level of education: Upper secondary,94
418,Lao People's Dem. Rep.,2005,Public expenditure on education (% of GDP),2.4
418,Lao People's Dem. Rep.,2010,Current expenditure other than staff compensation as % of total expenditure in public institutions (%),16.7
418,Lao People's Dem. Rep.,2010,All staff compensation as % of total expenditure in public institutions (%),65
418,Lao People's Dem. Rep.,2010,Capital expenditure as % of total expenditure in public institutions (%),18.3
418,Lao People's Dem. Rep.,2010,Public expenditure on education (% of GDP),1.7
418,Lao People's Dem. Rep.,2014,Current expenditure other than staff compensation as % of total expenditure in public institutions (%),12.4
418,Lao People's Dem. Rep.,2014,All staff compensation as % of total expenditure in public institutions (%),72.6
418,Lao People's Dem. Rep.,2014,Capital expenditure as % of total expenditure in public institutions (%),15
418,Lao People's Dem. Rep.,2014,Public expenditure on education (% of GDP),2.9
428,Latvia,2004,Public expenditure on education (% of GDP),4.8
428,Latvia,2010,Current expenditure other than staff compensation as % of total expenditure in public institutions (%),21.6
428,Latvia,2010,All staff compensation as % of total expenditure in public institutions (%),65.7
428,Latvia,2010,Capital expenditure as % of total expenditure in public institutions (%),12.7
428,Latvia,2010,Public expenditure on education (% of GDP),5.1
428,Latvia,2015,Current expenditure other than staff compensation as % of total expenditure in public institutions (%),23.8
428,Latvia,2015,All staff compensation as % of total expenditure in public institutions (%),60.5
428,Latvia,2015,Capital expenditure as % of total expenditure in public institutions (%),15.6
428,Latvia,2015,Public expenditure on education (% of GDP),5.3
428,Latvia,2016,Current expenditure other than staff compensation as % of total expenditure in public institutions (%),25.3
428,Latvia,2016,All staff compensation as % of total expenditure in public institutions (%),65.3
428,Latvia,2016,Capital expenditure as % of total expenditure in public institutions (%),9.3
428,Latvia,2016,Basic access to computers by level of education: Primary,100
428,Latvia,2016,Basic access to computers by level of education: Lower secondary,100
428,Latvia,2016,Basic access to computers by level of education: Upper secondary,100
428,Latvia,2016,Public expenditure on education (% of GDP),4.7
428,Latvia,2018,Current expenditure other than staff compensation as % of total expenditure in public institutions (%),19.7
428,Latvia,2018,All staff compensation as % of total expenditure in public institutions (%),64.8
428,Latvia,2018,Capital expenditure as % of total expenditure in public institutions (%),15.5
428,Latvia,2018,Public expenditure on education (% of GDP),4.2
422,Lebanon,2005,Current expenditure other than staff compensation as % of total expenditure in public institutions (%),1.6
422,Lebanon,2005,All staff compensation as % of total expenditure in public institutions (%),94.7
422,Lebanon,2005,Capital expenditure as % of total expenditure in public institutions (%),3.7
422,Lebanon,2005,Public expenditure on education (% of GDP),2.6
422,Lebanon,2010,Current expenditure other than staff compensation as % of total expenditure in public institutions (%),0.1
422,Lebanon,2010,All staff compensation as % of total expenditure in public institutions (%),88
422,Lebanon,2010,Capital expenditure as % of total expenditure in public institutions (%),11.9
422,Lebanon,2010,Public expenditure on education (% of GDP),1.6
422,Lebanon,2011,Current expenditure other than staff compensation as % of total expenditure in public institutions (%),0.1
422,Lebanon,2011,All staff compensation as % of total expenditure in public institutions (%),86.8
422,Lebanon,2011,Capital expenditure as % of total expenditure in public institutions (%),13.1
422,Lebanon,2011,Public expenditure on education (% of GDP),1.7
422,Lebanon,2013,Current expenditure other than staff compensation as % of total expenditure in public institutions (%),2.4
422,Lebanon,2013,All staff compensation as % of total expenditure in public institutions (%),97.6
422,Lebanon,2013,Public expenditure on education (% of GDP),2.4
422,Lebanon,2015,Public expenditure on education (% of GDP),2.1
422,Lebanon,2019,Basic access to computers by level of education: Primary,66.5
422,Lebanon,2019,Basic access to computers by level of education: Lower secondary,81
422,Lebanon,2019,Basic access to computers by level of education: Upper secondary,92
422,Lebanon,2019,Public expenditure on education (% of GDP),2.6
422,Lebanon,2020,Basic access to computers by level of education: Primary,67.7
422,Lebanon,2020,Basic access to computers by level of education: Lower secondary,81
422,Lebanon,2020,Basic access to computers by level of education: Upper secondary,91
426,Lesotho,2005,Public expenditure on education (% of GDP),12.1
426,Lesotho,2008,Capital expenditure as % of total expenditure in public institutions (%),1.7
426,Lesotho,2008,Public expenditure on education (% of GDP),12.3
426,Lesotho,2015,Public expenditure on education (% of GDP),9
426,Lesotho,2018,Current expenditure other than staff compensation as % of total expenditure in public institutions (%),3.6
426,Lesotho,2018,All staff compensation as % of total expenditure in public institutions (%),92.9
426,Lesotho,2018,Capital expenditure as % of total expenditure in public institutions (%),3.5
426,Lesotho,2018,Public expenditure on education (% of GDP),7.3
426,Lesotho,2020,Public expenditure on education (% of GDP),7.4
430,Liberia,2008,Current expenditure other than staff compensation as % of total expenditure in public institutions (%),47.4
430,Liberia,2008,All staff compensation as % of total expenditure in public institutions (%),41.4
430,Liberia,2008,Capital expenditure as % of total expenditure in public institutions (%),11.2
430,Liberia,2008,Public expenditure on education (% of GDP),1.7
430,Liberia,2015,Public expenditure on education (% of GDP),2.2
430,Liberia,2020,Public expenditure on education (% of GDP),2.3
438,Liechtenstein,2004,Public expenditure on education (% of GDP),2.4
438,Liechtenstein,2008,Current expenditure other than staff compensation as % of total expenditure in public institutions (%),30.2
438,Liechtenstein,2008,All staff compensation as % of total expenditure in public institutions (%),69.8
438,Liechtenstein,2008,Public expenditure on education (% of GDP),2
438,Liechtenstein,2010,Current expenditure other than staff compensation as % of total expenditure in public institutions (%),18.9
438,Liechtenstein,2010,All staff compensation as % of total expenditure in public institutions (%),68.4
438,Liechtenstein,2010,Capital expenditure as % of total expenditure in public institutions (%),12.6
438,Liechtenstein,2011,Current expenditure other than staff compensation as % of total expenditure in public institutions (%),20.7
438,Liechtenstein,2011,All staff compensation as % of total expenditure in public institutions (%),73.9
438,Liechtenstein,2011,Capital expenditure as % of total expenditure in public institutions (%),5.4
438,Liechtenstein,2011,Public expenditure on education (% of GDP),2.6
440,Lithuania,2005,Current expenditure other than staff compensation as % of total expenditure in public institutions (%),20.1
440,Lithuania,2005,All staff compensation as % of total expenditure in public institutions (%),73
440,Lithuania,2005,Capital expenditure as % of total expenditure in public institutions (%),6.8
440,Lithuania,2005,Public expenditure on education (% of GDP),4.9
440,Lithuania,2010,Current expenditure other than staff compensation as % of total expenditure in public institutions (%),19.5
440,Lithuania,2010,All staff compensation as % of total expenditure in public institutions (%),72.9
440,Lithuania,2010,Capital expenditure as % of total expenditure in public institutions (%),7.6
440,Lithuania,2010,Public expenditure on education (% of GDP),5.3
440,Lithuania,2015,Current expenditure other than staff compensation as % of total expenditure in public institutions (%),20.1
440,Lithuania,2015,All staff compensation as % of total expenditure in public institutions (%),67.5
440,Lithuania,2015,Capital expenditure as % of total expenditure in public institutions (%),12.4
440,Lithuania,2015,Public expenditure on education (% of GDP),4.2
440,Lithuania,2018,Current expenditure other than staff compensation as % of total expenditure in public institutions (%),21.5
440,Lithuania,2018,All staff compensation as % of total expenditure in public institutions (%),72.1
440,Lithuania,2018,Capital expenditure as % of total expenditure in public institutions (%),6.4
440,Lithuania,2018,Public expenditure on education (% of GDP),3.9
442,Luxembourg,2001,Public expenditure on education (% of GDP),3.6
442,Luxembourg,2015,Current expenditure other than staff compensation as % of total expenditure in public institutions (%),14.1
442,Luxembourg,2015,All staff compensation as % of total expenditure in public institutions (%),76.1
442,Luxembourg,2015,Capital expenditure as % of total expenditure in public institutions (%),9.8
442,Luxembourg,2015,Public expenditure on education (% of GDP),3.9
442,Luxembourg,2018,Current expenditure other than staff compensation as % of total expenditure in public institutions (%),17.1
442,Luxembourg,2018,All staff compensation as % of total expenditure in public institutions (%),73.5
442,Luxembourg,2018,Capital expenditure as % of total expenditure in public institutions (%),9.4
442,Luxembourg,2018,Public expenditure on education (% of GDP),3.7
450,Madagascar,2005,Current expenditure other than staff compensation as % of total expenditure in public institutions (%),24.4
450,Madagascar,2005,All staff compensation as % of total expenditure in public institutions (%),43.8
450,Madagascar,2005,Capital expenditure as % of total expenditure in public institutions (%),31.8
450,Madagascar,2005,Public expenditure on education (% of GDP),3.3
450,Madagascar,2008,Current expenditure other than staff compensation as % of total expenditure in public institutions (%),31.3
450,Madagascar,2008,All staff compensation as % of total expenditure in public institutions (%),58.7
450,Madagascar,2008,Capital expenditure as % of total expenditure in public institutions (%),10
450,Madagascar,2008,Public expenditure on education (% of GDP),2.6
450,Madagascar,2010,Public expenditure on education (% of GDP),2.8
450,Madagascar,2013,Current expenditure other than staff compensation as % of total expenditure in public institutions (%),29.5
450,Madagascar,2013,All staff compensation as % of total expenditure in public institutions (%),67.4
450,Madagascar,2013,Capital expenditure as % of total expenditure in public institutions (%),3.1
450,Madagascar,2013,Public expenditure on education (% of GDP),1.8
450,Madagascar,2015,Public expenditure on education (% of GDP),2.2
450,Madagascar,2019,Basic access to computers by level of education: Primary,0.5
450,Madagascar,2019,Basic access to computers by level of education: Lower secondary,16
450,Madagascar,2019,Basic access to computers by level of education: Upper secondary,21
450,Madagascar,2019,Public expenditure on education (% of GDP),2.9
454,Malawi,2003,Public expenditure on education (% of GDP),3.2
454,Malawi,2010,Capital expenditure as % of total expenditure in public institutions (%),4.9
454,Malawi,2010,Public expenditure on education (% of GDP),3.5
454,Malawi,2013,Current expenditure other than staff compensation as % of total expenditure in public institutions (%),14.5
454,Malawi,2013,All staff compensation as % of total expenditure in public institutions (%),71.7
454,Malawi,2013,Capital expenditure as % of total expenditure in public institutions (%),13.8
454,Malawi,2013,Public expenditure on education (% of GDP),5.4
454,Malawi,2015,Capital expenditure as % of total expenditure in public institutions (%),1.2
454,Malawi,2015,Public expenditure on education (% of GDP),5.6
454,Malawi,2016,Capital expenditure as % of total expenditure in public institutions (%),3.1
454,Malawi,2016,Basic access to computers by level of education: Upper secondary,44
454,Malawi,2016,Public expenditure on education (% of GDP),4.7
454,Malawi,2019,Basic access to computers by level of education: Primary,8.5
454,Malawi,2019,Public expenditure on education (% of GDP),3.7
454,Malawi,2020,Public expenditure on education (% of GDP),2.9
458,Malaysia,2004,Public expenditure on education (% of GDP),5.9
458,Malaysia,2009,Current expenditure other than staff compensation as % of total expenditure in public institutions (%),15.7
458,Malaysia,2009,All staff compensation as % of total expenditure in public institutions (%),68.8
458,Malaysia,2009,Capital expenditure as % of total expenditure in public institutions (%),15.5
458,Malaysia,2009,Public expenditure on education (% of GDP),6
458,Malaysia,2010,Public expenditure on education (% of GDP),5
458,Malaysia,2015,Current expenditure other than staff compensation as % of total expenditure in public institutions (%),28.7
458,Malaysia,2015,All staff compensation as % of total expenditure in public institutions (%),65.7
458,Malaysia,2015,Capital expenditure as % of total expenditure in public institutions (%),5.6
458,Malaysia,2015,Public expenditure on education (% of GDP),4.9
458,Malaysia,2019,Current expenditure other than staff compensation as % of total expenditure in public institutions (%),28.1
458,Malaysia,2019,All staff compensation as % of total expenditure in public institutions (%),64.3
458,Malaysia,2019,Capital expenditure as % of total expenditure in public institutions (%),7.6
458,Malaysia,2019,Basic access to computers by level of education: Primary,79.3
458,Malaysia,2019,Basic access to computers by level of education: Lower secondary,83
458,Malaysia,2019,Basic access to computers by level of education: Upper secondary,86
458,Malaysia,2019,Public expenditure on education (% of GDP),4.2
458,Malaysia,2020,Basic access to computers by level of education: Primary,84.4
458,Malaysia,2020,Basic access to computers by level of education: Lower secondary,83
458,Malaysia,2020,Basic access to computers by level of education: Upper secondary,87
462,Maldives,2005,Public expenditure on education (% of GDP),5
462,Maldives,2010,Current expenditure other than staff compensation as % of total expenditure in public institutions (%),20.9
462,Maldives,2010,All staff compensation as % of total expenditure in public institutions (%),77.8
462,Maldives,2010,Capital expenditure as % of total expenditure in public institutions (%),1.3
462,Maldives,2010,Public expenditure on education (% of GDP),3.6
462,Maldives,2015,Current expenditure other than staff compensation as % of total expenditure in public institutions (%),44.6
462,Maldives,2015,All staff compensation as % of total expenditure in public institutions (%),54.4
462,Maldives,2015,Capital expenditure as % of total expenditure in public institutions (%),0.9
462,Maldives,2015,Public expenditure on education (% of GDP),3.9
462,Maldives,2016,Current expenditure other than staff compensation as % of total expenditure in public institutions (%),39.7
462,Maldives,2016,All staff compensation as % of total expenditure in public institutions (%),59.6
462,Maldives,2016,Capital expenditure as % of total expenditure in public institutions (%),0.7
462,Maldives,2016,Public expenditure on education (% of GDP),3.7
462,Maldives,2019,Basic access to computers by level of education: Primary,73
462,Maldives,2019,Basic access to computers by level of education: Lower secondary,81
462,Maldives,2019,Basic access to computers by level of education: Upper secondary,68
462,Maldives,2019,Public expenditure on education (% of GDP),4.1
466,Mali,2005,Public expenditure on education (% of GDP),3.5
466,Mali,2010,Current expenditure other than staff compensation as % of total expenditure in public institutions (%),40.9
466,Mali,2010,All staff compensation as % of total expenditure in public institutions (%),54.1
466,Mali,2010,Capital expenditure as % of total expenditure in public institutions (%),5
466,Mali,2010,Public expenditure on education (% of GDP),3.3
466,Mali,2015,Current expenditure other than staff compensation as % of total expenditure in public institutions (%),34.4
466,Mali,2015,All staff compensation as % of total expenditure in public institutions (%),61.8
466,Mali,2015,Capital expenditure as % of total expenditure in public institutions (%),3.8
466,Mali,2015,Public expenditure on education (% of GDP),3.8
466,Mali,2017,Current expenditure other than staff compensation as % of total expenditure in public institutions (%),38
466,Mali,2017,All staff compensation as % of total expenditure in public institutions (%),59
466,Mali,2017,Capital expenditure as % of total expenditure in public institutions (%),3
466,Mali,2017,Public expenditure on education (% of GDP),3.8
466,Mali,2019,Public expenditure on education (% of GDP),3.4
470,Malta,2004,Public expenditure on education (% of GDP),4.4
470,Malta,2010,Current expenditure other than staff compensation as % of total expenditure in public institutions (%),17.5
470,Malta,2010,All staff compensation as % of total expenditure in public institutions (%),72.4
470,Malta,2010,Capital expenditure as % of total expenditure in public institutions (%),10.1
470,Malta,2010,Public expenditure on education (% of GDP),6.3
470,Malta,2015,Current expenditure other than staff compensation as % of total expenditure in public institutions (%),13.7
470,Malta,2015,All staff compensation as % of total expenditure in public institutions (%),72.7
470,Malta,2015,Capital expenditure as % of total expenditure in public institutions (%),13.6
470,Malta,2015,Public expenditure on education (% of GDP),5
470,Malta,2017,Current expenditure other than staff compensation as % of total expenditure in public institutions (%),14.2
470,Malta,2017,All staff compensation as % of total expenditure in public institutions (%),75.8
470,Malta,2017,Capital expenditure as % of total expenditure in public institutions (%),10
470,Malta,2017,Public expenditure on education (% of GDP),4.7
584,Marshall Islands,2003,Public expenditure on education (% of GDP),11.8
584,Marshall Islands,2006,Current expenditure other than staff compensation as % of total expenditure in public institutions (%),42.8
584,Marshall Islands,2006,All staff compensation as % of total expenditure in public institutions (%),35.8
584,Marshall Islands,2006,Capital expenditure as % of total expenditure in public institutions (%),21.4
584,Marshall Islands,2019,Current expenditure other than staff compensation as % of total expenditure in public institutions (%),9.2
584,Marshall Islands,2019,All staff compensation as % of total expenditure in public institutions (%),90.8
584,Marshall Islands,2019,Basic access to computers by level of education: Primary,92.6
584,Marshall Islands,2019,Basic access to computers by level of education: Upper secondary,94
584,Marshall Islands,2019,Public expenditure on education (% of GDP),9.6
584,Marshall Islands,2020,Basic access to computers by level of education: Primary,92.6
584,Marshall Islands,2020,Basic access to computers by level of education: Upper secondary,89
478,Mauritania,2004,Public expenditure on education (% of GDP),2
478,Mauritania,2006,Public expenditure on education (% of GDP),2
478,Mauritania,2013,Public expenditure on education (% of GDP),2.3
478,Mauritania,2016,Basic access to computers by level of education: Primary,13.4
478,Mauritania,2016,Basic access to computers by level of education: Lower secondary,100
478,Mauritania,2016,Basic access to computers by level of education: Upper secondary,100
478,Mauritania,2016,Public expenditure on education (% of GDP),1.9
478,Mauritania,2017,Basic access to computers by level of education: Primary,14
478,Mauritania,2017,Basic access to computers by level of education: Upper secondary,100
478,Mauritania,2020,Public expenditure on education (% of GDP),1.9
480,Mauritius,2005,Public expenditure on education (% of GDP),4.1
480,Mauritius,2010,Capital expenditure as % of total expenditure in public institutions (%),13.5
480,Mauritius,2010,Public expenditure on education (% of GDP),3.6
480,Mauritius,2015,Basic access to computers by level of education: Primary,100
480,Mauritius,2015,Basic access to computers by level of education: Lower secondary,100
480,Mauritius,2015,Basic access to computers by level of education: Upper secondary,100
480,Mauritius,2015,Public expenditure on education (% of GDP),4.9
480,Mauritius,2020,Public expenditure on education (% of GDP),4.6
480,Mauritius,2021,Basic access to computers by level of education: Primary,96.5
480,Mauritius,2021,Basic access to computers by level of education: Lower secondary,100
480,Mauritius,2021,Basic access to computers by level of education: Upper secondary,100
484,Mexico,2005,Current expenditure other than staff compensation as % of total expenditure in public institutions (%),11.2
484,Mexico,2005,All staff compensation as % of total expenditure in public institutions (%),85.7
484,Mexico,2005,Capital expenditure as % of total expenditure in public institutions (%),3.1
484,Mexico,2005,Public expenditure on education (% of GDP),4.8
484,Mexico,2009,Current expenditure other than staff compensation as % of total expenditure in public institutions (%),11.1
484,Mexico,2009,All staff compensation as % of total expenditure in public institutions (%),84.8
484,Mexico,2009,Capital expenditure as % of total expenditure in public institutions (%),4.1
484,Mexico,2009,Basic access to computers by level of education: Primary,63.8
484,Mexico,2009,Basic access to computers by level of education: Lower secondary,90
484,Mexico,2009,Public expenditure on education (% of GDP),5.2
484,Mexico,2010,Current expenditure other than staff compensation as % of total expenditure in public institutions (%),10.3
484,Mexico,2010,All staff compensation as % of total expenditure in public institutions (%),85.7
484,Mexico,2010,Capital expenditure as % of total expenditure in public institutions (%),3.9
484,Mexico,2010,Public expenditure on education (% of GDP),5.2
484,Mexico,2015,Current expenditure other than staff compensation as % of total expenditure in public institutions (%),11.9
484,Mexico,2015,All staff compensation as % of total expenditure in public institutions (%),85.1
484,Mexico,2015,Capital expenditure as % of total expenditure in public institutions (%),3.1
484,Mexico,2015,Public expenditure on education (% of GDP),5.2
484,Mexico,2016,Current expenditure other than staff compensation as % of total expenditure in public institutions (%),13.3
484,Mexico,2016,All staff compensation as % of total expenditure in public institutions (%),83.4
484,Mexico,2016,Capital expenditure as % of total expenditure in public institutions (%),3.3
484,Mexico,2016,Basic access to computers by level of education: Upper secondary,67
484,Mexico,2016,Public expenditure on education (% of GDP),4.9
484,Mexico,2018,Current expenditure other than staff compensation as % of total expenditure in public institutions (%),13
484,Mexico,2018,All staff compensation as % of total expenditure in public institutions (%),84.8
484,Mexico,2018,Capital expenditure as % of total expenditure in public institutions (%),2.1
484,Mexico,2018,Public expenditure on education (% of GDP),4.3
583,Micronesia (Fed. States of),2000,Public expenditure on education (% of GDP),6.7
583,Micronesia (Fed. States of),2015,Public expenditure on education (% of GDP),12.4
583,Micronesia (Fed. States of),2018,Public expenditure on education (% of GDP),9.7
492,Monaco,2004,Public expenditure on education (% of GDP),1.2
492,Monaco,2010,Current expenditure other than staff compensation as % of total expenditure in public institutions (%),8.4
492,Monaco,2010,All staff compensation as % of total expenditure in public institutions (%),90.7
492,Monaco,2010,Capital expenditure as % of total expenditure in public institutions (%),0.9
492,Monaco,2010,Public expenditure on education (% of GDP),1.3
492,Monaco,2014,Current expenditure other than staff compensation as % of total expenditure in public institutions (%),4.3
492,Monaco,2014,All staff compensation as % of total expenditure in public institutions (%),87.3
492,Monaco,2014,Capital expenditure as % of total expenditure in public institutions (%),8.4
492,Monaco,2014,Public expenditure on education (% of GDP),1
492,Monaco,2015,Current expenditure other than staff compensation as % of total expenditure in public institutions (%),8.5
492,Monaco,2015,All staff compensation as % of total expenditure in public institutions (%),83.7
492,Monaco,2015,Capital expenditure as % of total expenditure in public institutions (%),7.8
492,Monaco,2019,Current expenditure other than staff compensation as % of total expenditure in public institutions (%),6
492,Monaco,2019,All staff compensation as % of total expenditure in public institutions (%),67.3
492,Monaco,2019,Capital expenditure as % of total expenditure in public institutions (%),26.7
492,Monaco,2019,Basic access to computers by level of education: Primary,100
492,Monaco,2019,Basic access to computers by level of education: Lower secondary,100
492,Monaco,2019,Basic access to computers by level of education: Upper secondary,100
492,Monaco,2019,Public expenditure on education (% of GDP),1.2
492,Monaco,2021,Basic access to computers by level of education: Primary,100
492,Monaco,2021,Basic access to computers by level of education: Lower secondary,100
492,Monaco,2021,Basic access to computers by level of education: Upper secondary,100
496,Mongolia,2004,Public expenditure on education (% of GDP),4.3
496,Mongolia,2010,Public expenditure on education (% of GDP),4.6
496,Mongolia,2013,Current expenditure other than staff compensation as % of total expenditure in public institutions (%),98.3
496,Mongolia,2013,All staff compensation as % of total expenditure in public institutions (%),1.7
496,Mongolia,2013,Capital expenditure as % of total expenditure in public institutions (%),0
496,Mongolia,2013,Public expenditure on education (% of GDP),4.9
496,Mongolia,2015,Current expenditure other than staff compensation as % of total expenditure in public institutions (%),98.1
496,Mongolia,2015,All staff compensation as % of total expenditure in public institutions (%),1.9
496,Mongolia,2015,Public expenditure on education (% of GDP),4.2
496,Mongolia,2016,Current expenditure other than staff compensation as % of total expenditure in public institutions (%),26.8
496,Mongolia,2016,All staff compensation as % of total expenditure in public institutions (%),59.2
496,Mongolia,2016,Capital expenditure as % of total expenditure in public institutions (%),14
496,Mongolia,2016,Basic access to computers by level of education: Lower secondary,92
496,Mongolia,2016,Basic access to computers by level of education: Upper secondary,91
496,Mongolia,2016,Public expenditure on education (% of GDP),5.2
496,Mongolia,2017,Current expenditure other than staff compensation as % of total expenditure in public institutions (%),21.8
496,Mongolia,2017,All staff compensation as % of total expenditure in public institutions (%),69.3
496,Mongolia,2017,Capital expenditure as % of total expenditure in public institutions (%),8.9
496,Mongolia,2017,Public expenditure on education (% of GDP),4.1
496,Mongolia,2019,Public expenditure on education (% of GDP),4.9
500,Montserrat,2004,Public expenditure on education (% of GDP),3.8
500,Montserrat,2009,Public expenditure on education (% of GDP),5.1
500,Montserrat,2010,Basic access to computers by level of education: Primary,50
500,Montserrat,2010,Basic access to computers by level of education: Lower secondary,100
500,Montserrat,2010,Basic access to computers by level of education: Upper secondary,100
500,Montserrat,2019,Current expenditure other than staff compensation as % of total expenditure in public institutions (%),31.8
500,Montserrat,2019,All staff compensation as % of total expenditure in public institutions (%),55.5
500,Montserrat,2019,Capital expenditure as % of total expenditure in public institutions (%),12.7
500,Montserrat,2019,Basic access to computers by level of education: Primary,100
500,Montserrat,2019,Basic access to computers by level of education: Lower secondary,100
500,Montserrat,2019,Basic access to computers by level of education: Upper secondary,100
500,Montserrat,2019,Public expenditure on education (% of GDP),9.1
504,Morocco,2009,Public expenditure on education (% of GDP),5.3
504,Morocco,2020,Basic access to computers by level of education: Primary,76.6
504,Morocco,2020,Basic access to computers by level of education: Lower secondary,86
504,Morocco,2020,Basic access to computers by level of education: Upper secondary,90
508,Mozambique,2005,Capital expenditure as % of total expenditure in public institutions (%),22.6
508,Mozambique,2005,Public expenditure on education (% of GDP),4
508,Mozambique,2006,Capital expenditure as % of total expenditure in public institutions (%),26.8
508,Mozambique,2006,Public expenditure on education (% of GDP),3.9
508,Mozambique,2010,Public expenditure on education (% of GDP),6
508,Mozambique,2013,Current expenditure other than staff compensation as % of total expenditure in public institutions (%),22.2
508,Mozambique,2013,All staff compensation as % of total expenditure in public institutions (%),58.5
508,Mozambique,2013,Capital expenditure as % of total expenditure in public institutions (%),19.3
508,Mozambique,2013,Public expenditure on education (% of GDP),6.1
508,Mozambique,2015,Public expenditure on education (% of GDP),6
508,Mozambique,2019,Public expenditure on education (% of GDP),6.2
104,Myanmar,2010,Public expenditure on education (% of GDP),0.9
104,Myanmar,2011,Current expenditure other than staff compensation as % of total expenditure in public institutions (%),9.3
104,Myanmar,2011,All staff compensation as % of total expenditure in public institutions (%),77.2
104,Myanmar,2011,Capital expenditure as % of total expenditure in public institutions (%),13.4
104,Myanmar,2011,Public expenditure on education (% of GDP),0.8
104,Myanmar,2012,Basic access to computers by level of education: Primary,0.6
104,Myanmar,2012,Public expenditure on education (% of GDP),1.6
104,Myanmar,2015,Public expenditure on education (% of GDP),2.1
104,Myanmar,2018,Basic access to computers by level of education: Primary,0.5
104,Myanmar,2018,Basic access to computers by level of education: Lower secondary,3
104,Myanmar,2018,Basic access to computers by level of education: Upper secondary,25
104,Myanmar,2018,Public expenditure on education (% of GDP),1.9
104,Myanmar,2019,Current expenditure other than staff compensation as % of total expenditure in public institutions (%),18
104,Myanmar,2019,All staff compensation as % of total expenditure in public institutions (%),56.6
104,Myanmar,2019,Capital expenditure as % of total expenditure in public institutions (%),25.4
104,Myanmar,2019,Public expenditure on education (% of GDP),2
516,Namibia,2003,Public expenditure on education (% of GDP),6.1
516,Namibia,2010,Current expenditure other than staff compensation as % of total expenditure in public institutions (%),22.1
516,Namibia,2010,All staff compensation as % of total expenditure in public institutions (%),77
516,Namibia,2010,Capital expenditure as % of total expenditure in public institutions (%),0.8
516,Namibia,2010,Public expenditure on education (% of GDP),8.2
516,Namibia,2014,Current expenditure other than staff compensation as % of total expenditure in public institutions (%),3.5
516,Namibia,2014,All staff compensation as % of total expenditure in public institutions (%),89.1
516,Namibia,2014,Capital expenditure as % of total expenditure in public institutions (%),7.4
516,Namibia,2014,Public expenditure on education (% of GDP),7.5
516,Namibia,2015,Public expenditure on education (% of GDP),9.9
516,Namibia,2020,Public expenditure on education (% of GDP),9.4
520,Nauru,2007,Current expenditure other than staff compensation as % of total expenditure in public institutions (%),20.8
520,Nauru,2007,All staff compensation as % of total expenditure in public institutions (%),56.9
520,Nauru,2007,Public expenditure on education (% of GDP),4.2
520,Nauru,2019,Basic access to computers by level of education: Primary,100
520,Nauru,2019,Basic access to computers by level of education: Lower secondary,100
520,Nauru,2019,Basic access to computers by level of education: Upper secondary,100
524,Nepal,2005,Public expenditure on education (% of GDP),3.4
524,Nepal,2010,Current expenditure other than staff compensation as % of total expenditure in public institutions (%),18
524,Nepal,2010,All staff compensation as % of total expenditure in public institutions (%),69.2
524,Nepal,2010,Capital expenditure as % of total expenditure in public institutions (%),12.8
524,Nepal,2010,Public expenditure on education (% of GDP),3.6
524,Nepal,2011,Current expenditure other than staff compensation as % of total expenditure in public institutions (%),22.7
524,Nepal,2011,All staff compensation as % of total expenditure in public institutions (%),63.4
524,Nepal,2011,Capital expenditure as % of total expenditure in public institutions (%),13.9
524,Nepal,2011,Basic access to computers by level of education: Primary,0.3
524,Nepal,2011,Basic access to computers by level of education: Lower secondary,1
524,Nepal,2011,Basic access to computers by level of education: Upper secondary,8
524,Nepal,2011,Public expenditure on education (% of GDP),3.8
524,Nepal,2015,Current expenditure other than staff compensation as % of total expenditure in public institutions (%),24.9
524,Nepal,2015,All staff compensation as % of total expenditure in public institutions (%),64.1
524,Nepal,2015,Capital expenditure as % of total expenditure in public institutions (%),11
524,Nepal,2015,Public expenditure on education (% of GDP),3.3
524,Nepal,2018,Public expenditure on education (% of GDP),4.4
524,Nepal,2020,Basic access to computers by level of education: Primary,31.6
524,Nepal,2020,Basic access to computers by level of education: Lower secondary,59
524,Nepal,2020,Basic access to computers by level of education: Upper secondary,89
528,Netherlands,2005,Current expenditure other than staff compensation as % of total expenditure in public institutions (%),17.5
528,Netherlands,2005,All staff compensation as % of total expenditure in public institutions (%),69.8
528,Netherlands,2005,Capital expenditure as % of total expenditure in public institutions (%),12.7
528,Netherlands,2005,Basic access to computers by level of education: Primary,100
528,Netherlands,2005,Basic access to computers by level of education: Lower secondary,100
528,Netherlands,2005,Basic access to computers by level of education: Upper secondary,100
528,Netherlands,2005,Public expenditure on education (% of GDP),5.1
528,Netherlands,2010,Current expenditure other than staff compensation as % of total expenditure in public institutions (%),18.5
528,Netherlands,2010,All staff compensation as % of total expenditure in public institutions (%),69.6
528,Netherlands,2010,Capital expenditure as % of total expenditure in public institutions (%),11.9
528,Netherlands,2010,Basic access to computers by level of education: Primary,100
528,Netherlands,2010,Basic access to computers by level of education: Lower secondary,100
528,Netherlands,2010,Basic access to computers by level of education: Upper secondary,100
528,Netherlands,2010,Public expenditure on education (% of GDP),5.5
528,Netherlands,2015,Current expenditure other than staff compensation as % of total expenditure in public institutions (%),20.8
528,Netherlands,2015,All staff compensation as % of total expenditure in public institutions (%),67.8
528,Netherlands,2015,Capital expenditure as % of total expenditure in public institutions (%),11.4
528,Netherlands,2015,Basic access to computers by level of education: Primary,100
528,Netherlands,2015,Basic access to computers by level of education: Lower secondary,100
528,Netherlands,2015,Basic access to computers by level of education: Upper secondary,100
528,Netherlands,2015,Public expenditure on education (% of GDP),5.3
528,Netherlands,2018,Current expenditure other than staff compensation as % of total expenditure in public institutions (%),20.1
528,Netherlands,2018,All staff compensation as % of total expenditure in public institutions (%),69.3
528,Netherlands,2018,Capital expenditure as % of total expenditure in public institutions (%),10.6
528,Netherlands,2018,Basic access to computers by level of education: Primary,100
528,Netherlands,2018,Basic access to computers by level of education: Lower secondary,100
528,Netherlands,2018,Basic access to computers by level of education: Upper secondary,100
528,Netherlands,2018,Public expenditure on education (% of GDP),5.4
528,Netherlands,2019,Basic access to computers by level of education: Primary,100
528,Netherlands,2019,Basic access to computers by level of education: Lower secondary,100
528,Netherlands,2019,Basic access to computers by level of education: Upper secondary,100
554,New Zealand,2005,Public expenditure on education (% of GDP),6.3
554,New Zealand,2010,Public expenditure on education (% of GDP),7
554,New Zealand,2015,Public expenditure on education (% of GDP),6.3
554,New Zealand,2018,Public expenditure on education (% of GDP),6
558,Nicaragua,2003,Public expenditure on education (% of GDP),2.4
558,Nicaragua,2010,Current expenditure other than staff compensation as % of total expenditure in public institutions (%),10.7
558,Nicaragua,2010,All staff compensation as % of total expenditure in public institutions (%),46.2
558,Nicaragua,2010,Capital expenditure as % of total expenditure in public institutions (%),11.4
558,Nicaragua,2010,Basic access to computers by level of education: Primary,6.2
558,Nicaragua,2010,Basic access to computers by level of education: Lower secondary,33
558,Nicaragua,2010,Public expenditure on education (% of GDP),4.5
558,Nicaragua,2015,Public expenditure on education (% of GDP),4.1
558,Nicaragua,2019,Public expenditure on education (% of GDP),3.4
562,Niger,2003,Public expenditure on education (% of GDP),1.9
562,Niger,2010,Current expenditure other than staff compensation as % of total expenditure in public institutions (%),14.2
562,Niger,2010,All staff compensation as % of total expenditure in public institutions (%),77.9
562,Niger,2010,Capital expenditure as % of total expenditure in public institutions (%),7.9
562,Niger,2010,Public expenditure on education (% of GDP),2.7
562,Niger,2013,Current expenditure other than staff compensation as % of total expenditure in public institutions (%),15.3
562,Niger,2013,All staff compensation as % of total expenditure in public institutions (%),66
562,Niger,2013,Capital expenditure as % of total expenditure in public institutions (%),18.8
562,Niger,2013,Basic access to computers by level of education: Lower secondary,4
562,Niger,2013,Basic access to computers by level of education: Upper secondary,23
562,Niger,2013,Public expenditure on education (% of GDP),3.7
562,Niger,2015,Current expenditure other than staff compensation as % of total expenditure in public institutions (%),31.8
562,Niger,2015,All staff compensation as % of total expenditure in public institutions (%),56.3
562,Niger,2015,Capital expenditure as % of total expenditure in public institutions (%),11.9
562,Niger,2015,Basic access to computers by level of education: Primary,5.8
562,Niger,2015,Public expenditure on education (% of GDP),4.5
562,Niger,2017,Current expenditure other than staff compensation as % of total expenditure in public institutions (%),25.8
562,Niger,2017,All staff compensation as % of total expenditure in public institutions (%),71.8
562,Niger,2017,Capital expenditure as % of total expenditure in public institutions (%),2.4
562,Niger,2017,Basic access to computers by level of education: Primary,2
562,Niger,2017,Public expenditure on education (% of GDP),2.6
562,Niger,2018,Current expenditure other than staff compensation as % of total expenditure in public institutions (%),94.4
562,Niger,2018,Capital expenditure as % of total expenditure in public institutions (%),0.8
562,Niger,2018,Basic access to computers by level of education: Primary,2
562,Niger,2018,Public expenditure on education (% of GDP),3.4
562,Niger,2019,Basic access to computers by level of education: Primary,2
562,Niger,2019,Basic access to computers by level of education: Lower secondary,23
562,Niger,2019,Basic access to computers by level of education: Upper secondary,53
562,Niger,2019,Public expenditure on education (% of GDP),3.5
570,Niue,2016,Current expenditure other than staff compensation as % of total expenditure in public institutions (%),10.3
570,Niue,2016,All staff compensation as % of total expenditure in public institutions (%),89.7
570,Niue,2016,Basic access to computers by level of education: Primary,100
570,Niue,2016,Basic access to computers by level of education: Lower secondary,100
570,Niue,2016,Basic access to computers by level of education: Upper secondary,100
570,Niue,2020,Basic access to computers by level of education: Primary,100
570,Niue,2020,Basic access to computers by level of education: Lower secondary,100
570,Niue,2020,Basic access to computers by level of education: Upper secondary,100
807,North Macedonia,2002,Public expenditure on education (% of GDP),3.3
578,Norway,2005,Current expenditure other than staff compensation as % of total expenditure in public institutions (%),22.4
578,Norway,2005,All staff compensation as % of total expenditure in public institutions (%),66.9
578,Norway,2005,Capital expenditure as % of total expenditure in public institutions (%),10.7
578,Norway,2005,Basic access to computers by level of education: Primary,100
578,Norway,2005,Basic access to computers by level of education: Lower secondary,100
578,Norway,2005,Public expenditure on education (% of GDP),6.9
578,Norway,2010,Current expenditure other than staff compensation as % of total expenditure in public institutions (%),21.3
578,Norway,2010,All staff compensation as % of total expenditure in public institutions (%),67.4
578,Norway,2010,Capital expenditure as % of total expenditure in public institutions (%),11.3
578,Norway,2010,Basic access to computers by level of education: Primary,100
578,Norway,2010,Basic access to computers by level of education: Lower secondary,100
578,Norway,2010,Basic access to computers by level of education: Upper secondary,100
578,Norway,2010,Public expenditure on education (% of GDP),6.7
578,Norway,2015,Current expenditure other than staff compensation as % of total expenditure in public institutions (%),18.1
578,Norway,2015,All staff compensation as % of total expenditure in public institutions (%),69.7
578,Norway,2015,Capital expenditure as % of total expenditure in public institutions (%),12.3
578,Norway,2015,Basic access to computers by level of education: Primary,100
578,Norway,2015,Basic access to computers by level of education: Lower secondary,100
578,Norway,2015,Basic access to computers by level of education: Upper secondary,100
578,Norway,2015,Public expenditure on education (% of GDP),7.6
578,Norway,2018,Current expenditure other than staff compensation as % of total expenditure in public institutions (%),18
578,Norway,2018,All staff compensation as % of total expenditure in public institutions (%),69.2
578,Norway,2018,Capital expenditure as % of total expenditure in public institutions (%),12.8
578,Norway,2018,Basic access to computers by level of education: Primary,100
578,Norway,2018,Basic access to computers by level of education: Lower secondary,100
578,Norway,2018,Basic access to computers by level of education: Upper secondary,100
578,Norway,2018,Public expenditure on education (% of GDP),7.6
578,Norway,2019,Basic access to computers by level of education: Primary,100
578,Norway,2019,Basic access to computers by level of education: Lower secondary,100
578,Norway,2019,Basic access to computers by level of education: Upper secondary,100
578,Norway,2020,Basic access to computers by level of education: Primary,100
578,Norway,2020,Basic access to computers by level of education: Lower secondary,100
512,Oman,2005,Public expenditure on education (% of GDP),3.5
512,Oman,2009,Public expenditure on education (% of GDP),4.2
512,Oman,2011,Basic access to computers by level of education: Primary,100
512,Oman,2011,Basic access to computers by level of education: Lower secondary,100
512,Oman,2011,Basic access to computers by level of education: Upper secondary,100
512,Oman,2013,Current expenditure other than staff compensation as % of total expenditure in public institutions (%),20.7
512,Oman,2013,All staff compensation as % of total expenditure in public institutions (%),67.6
512,Oman,2013,Capital expenditure as % of total expenditure in public institutions (%),11.7
512,Oman,2013,Public expenditure on education (% of GDP),5
512,Oman,2019,Basic access to computers by level of education: Primary,100
512,Oman,2019,Basic access to computers by level of education: Lower secondary,100
512,Oman,2019,Basic access to computers by level of education: Upper secondary,100
512,Oman,2019,Public expenditure on education (% of GDP),5.4
512,Oman,2020,Current expenditure other than staff compensation as % of total expenditure in public institutions (%),6.9
512,Oman,2020,All staff compensation as % of total expenditure in public institutions (%),83.2
512,Oman,2020,Capital expenditure as % of total expenditure in public institutions (%),9.8
512,Oman,2020,Basic access to computers by level of education: Primary,100
512,Oman,2020,Basic access to computers by level of education: Lower secondary,100
512,Oman,2020,Basic access to computers by level of education: Upper secondary,100
586,Pakistan,2005,Current expenditure other than staff compensation as % of total expenditure in public institutions (%),12.3
586,Pakistan,2005,All staff compensation as % of total expenditure in public institutions (%),49.2
586,Pakistan,2005,Capital expenditure as % of total expenditure in public institutions (%),38.5
586,Pakistan,2005,Public expenditure on education (% of GDP),2
586,Pakistan,2007,Current expenditure other than staff compensation as % of total expenditure in public institutions (%),14.8
586,Pakistan,2007,All staff compensation as % of total expenditure in public institutions (%),59.1
586,Pakistan,2007,Capital expenditure as % of total expenditure in public institutions (%),26.1
586,Pakistan,2007,Public expenditure on education (% of GDP),2.6
586,Pakistan,2010,Public expenditure on education (% of GDP),2.3
586,Pakistan,2013,Capital expenditure as % of total expenditure in public institutions (%),24.6
586,Pakistan,2013,Public expenditure on education (% of GDP),2.5
586,Pakistan,2015,Public expenditure on education (% of GDP),2.7
586,Pakistan,2019,Public expenditure on education (% of GDP),2.5
585,Palau,2002,Public expenditure on education (% of GDP),7.5
585,Palau,2020,Basic access to computers by level of education: Primary,84.2
585,Palau,2020,Basic access to computers by level of education: Lower secondary,84
585,Palau,2020,Basic access to computers by level of education: Upper secondary,100
591,Panama,2004,Public expenditure on education (% of GDP),3.6
591,Panama,2008,Capital expenditure as % of total expenditure in public institutions (%),14.1
591,Panama,2008,Public expenditure on education (% of GDP),3.5
591,Panama,2015,Public expenditure on education (% of GDP),2.8
591,Panama,2019,Public expenditure on education (% of GDP),3.1
591,Panama,2020,Basic access to computers by level of education: Primary,47.9
591,Panama,2020,Basic access to computers by level of education: Lower secondary,64
591,Panama,2020,Basic access to computers by level of education: Upper secondary,68
598,Papua New Guinea,2018,Public expenditure on education (% of GDP),1.9
600,Paraguay,2004,Public expenditure on education (% of GDP),2.9
600,Paraguay,2010,Current expenditure other than staff compensation as % of total expenditure in public institutions (%),9.5
600,Paraguay,2010,All staff compensation as % of total expenditure in public institutions (%),65.5
600,Paraguay,2010,Capital expenditure as % of total expenditure in public institutions (%),6.5
600,Paraguay,2010,Basic access to computers by level of education: Primary,14.6
600,Paraguay,2010,Basic access to computers by level of education: Lower secondary,25
600,Paraguay,2010,Basic access to computers by level of education: Upper secondary,34
600,Paraguay,2010,Public expenditure on education (% of GDP),2.8
600,Paraguay,2012,Current expenditure other than staff compensation as % of total expenditure in public institutions (%),11.7
600,Paraguay,2012,All staff compensation as % of total expenditure in public institutions (%),79.9
600,Paraguay,2012,Capital expenditure as % of total expenditure in public institutions (%),8.4
600,Paraguay,2015,Public expenditure on education (% of GDP),3.3
600,Paraguay,2016,Current expenditure other than staff compensation as % of total expenditure in public institutions (%),17
600,Paraguay,2016,All staff compensation as % of total expenditure in public institutions (%),76.8
600,Paraguay,2016,Capital expenditure as % of total expenditure in public institutions (%),6.2
600,Paraguay,2016,Basic access to computers by level of education: Primary,5.4
600,Paraguay,2016,Basic access to computers by level of education: Lower secondary,18
600,Paraguay,2016,Basic access to computers by level of education: Upper secondary,28
600,Paraguay,2019,Public expenditure on education (% of GDP),3.5
600,Paraguay,2020,Current expenditure other than staff compensation as % of total expenditure in public institutions (%),13.1
600,Paraguay,2020,All staff compensation as % of total expenditure in public institutions (%),81.1
600,Paraguay,2020,Capital expenditure as % of total expenditure in public institutions (%),5.8
604,Peru,2005,Current expenditure other than staff compensation as % of total expenditure in public institutions (%),9.3
604,Peru,2005,All staff compensation as % of total expenditure in public institutions (%),81.3
604,Peru,2005,Capital expenditure as % of total expenditure in public institutions (%),9.4
604,Peru,2005,Public expenditure on education (% of GDP),2.8
604,Peru,2010,Current expenditure other than staff compensation as % of total expenditure in public institutions (%),14.5
604,Peru,2010,All staff compensation as % of total expenditure in public institutions (%),64.6
604,Peru,2010,Capital expenditure as % of total expenditure in public institutions (%),20.9
604,Peru,2010,Public expenditure on education (% of GDP),2.9
604,Peru,2015,Current expenditure other than staff compensation as % of total expenditure in public institutions (%),28.3
604,Peru,2015,All staff compensation as % of total expenditure in public institutions (%),49.5
604,Peru,2015,Capital expenditure as % of total expenditure in public institutions (%),22.2
604,Peru,2015,Public expenditure on education (% of GDP),4
604,Peru,2020,Current expenditure other than staff compensation as % of total expenditure in public institutions (%),20.8
604,Peru,2020,All staff compensation as % of total expenditure in public institutions (%),65.7
604,Peru,2020,Capital expenditure as % of total expenditure in public institutions (%),13.4
604,Peru,2020,Basic access to computers by level of education: Primary,69.7
604,Peru,2020,Basic access to computers by level of education: Lower secondary,83
604,Peru,2020,Basic access to computers by level of education: Upper secondary,83
604,Peru,2020,Public expenditure on education (% of GDP),4.2
608,Philippines,2005,Current expenditure other than staff compensation as % of total expenditure in public institutions (%),11.1
608,Philippines,2005,All staff compensation as % of total expenditure in public institutions (%),85.5
608,Philippines,2005,Capital expenditure as % of total expenditure in public institutions (%),3.4
608,Philippines,2005,Public expenditure on education (% of GDP),2.3
608,Philippines,2009,Current expenditure other than staff compensation as % of total expenditure in public institutions (%),18.4
608,Philippines,2009,All staff compensation as % of total expenditure in public institutions (%),73.4
608,Philippines,2009,Capital expenditure as % of total expenditure in public institutions (%),8.2
608,Philippines,2009,Public expenditure on education (% of GDP),2.5
608,Philippines,2010,Public expenditure on education (% of GDP),2.3
608,Philippines,2015,Basic access to computers by level of education: Primary,59.2
608,Philippines,2015,Basic access to computers by level of education: Lower secondary,92
608,Philippines,2015,Basic access to computers by level of education: Upper secondary,92
608,Philippines,2015,Public expenditure on education (% of GDP),3.3
608,Philippines,2019,Basic access to computers by level of education: Primary,78
608,Philippines,2019,Basic access to computers by level of education: Lower secondary,88
608,Philippines,2019,Basic access to computers by level of education: Upper secondary,76
608,Philippines,2019,Public expenditure on education (% of GDP),3.2
608,Philippines,2020,Basic access to computers by level of education: Primary,79.1
608,Philippines,2020,Basic access to computers by level of education: Lower secondary,87
608,Philippines,2020,Basic access to computers by level of education: Upper secondary,81
616,Poland,2005,Current expenditure other than staff compensation as % of total expenditure in public institutions (%),32.6
616,Poland,2005,All staff compensation as % of total expenditure in public institutions (%),60.5
616,Poland,2005,Capital expenditure as % of total expenditure in public institutions (%),6.9
616,Poland,2005,Basic access to computers by level of education: Primary,100
616,Poland,2005,Basic access to computers by level of education: Lower secondary,100
616,Poland,2005,Basic access to computers by level of education: Upper secondary,100
616,Poland,2005,Public expenditure on education (% of GDP),5.4
616,Poland,2010,Current expenditure other than staff compensation as % of total expenditure in public institutions (%),29.3
616,Poland,2010,All staff compensation as % of total expenditure in public institutions (%),61.4
616,Poland,2010,Capital expenditure as % of total expenditure in public institutions (%),9.3
616,Poland,2010,Basic access to computers by level of education: Primary,100
616,Poland,2010,Basic access to computers by level of education: Lower secondary,100
616,Poland,2010,Basic access to computers by level of education: Upper secondary,100
616,Poland,2010,Public expenditure on education (% of GDP),5.1
616,Poland,2015,Current expenditure other than staff compensation as % of total expenditure in public institutions (%),23.6
616,Poland,2015,All staff compensation as % of total expenditure in public institutions (%),69
616,Poland,2015,Capital expenditure as % of total expenditure in public institutions (%),7.4
616,Poland,2015,Basic access to computers by level of education: Primary,100
616,Poland,2015,Basic access to computers by level of education: Lower secondary,100
616,Poland,2015,Basic access to computers by level of education: Upper secondary,100
616,Poland,2015,Public expenditure on education (% of GDP),4.8
616,Poland,2016,Current expenditure other than staff compensation as % of total expenditure in public institutions (%),24.1
616,Poland,2016,All staff compensation as % of total expenditure in public institutions (%),70.7
616,Poland,2016,Capital expenditure as % of total expenditure in public institutions (%),5.2
616,Poland,2016,Basic access to computers by level of education: Primary,100
616,Poland,2016,Basic access to computers by level of education: Lower secondary,100
616,Poland,2016,Basic access to computers by level of education: Upper secondary,100
616,Poland,2016,Public expenditure on education (% of GDP),4.6
616,Poland,2018,Current expenditure other than staff compensation as % of total expenditure in public institutions (%),22.6
616,Poland,2018,All staff compensation as % of total expenditure in public institutions (%),68.9
616,Poland,2018,Capital expenditure as % of total expenditure in public institutions (%),8.6
616,Poland,2018,Public expenditure on education (% of GDP),4.6
620,Portugal,2005,Current expenditure other than staff compensation as % of total expenditure in public institutions (%),10.2
620,Portugal,2005,All staff compensation as % of total expenditure in public institutions (%),86.2
620,Portugal,2005,Capital expenditure as % of total expenditure in public institutions (%),3.6
620,Portugal,2005,Basic access to computers by level of education: Primary,100
620,Portugal,2005,Basic access to computers by level of education: Lower secondary,100
620,Portugal,2005,Basic access to computers by level of education: Upper secondary,100
620,Portugal,2005,Public expenditure on education (% of GDP),5.1
620,Portugal,2010,Current expenditure other than staff compensation as % of total expenditure in public institutions (%),12.1
620,Portugal,2010,All staff compensation as % of total expenditure in public institutions (%),84.1
620,Portugal,2010,Capital expenditure as % of total expenditure in public institutions (%),3.8
620,Portugal,2010,Basic access to computers by level of education: Primary,100
620,Portugal,2010,Basic access to computers by level of education: Lower secondary,100
620,Portugal,2010,Basic access to computers by level of education: Upper secondary,100
620,Portugal,2010,Public expenditure on education (% of GDP),5.4
620,Portugal,2015,Current expenditure other than staff compensation as % of total expenditure in public institutions (%),12
620,Portugal,2015,All staff compensation as % of total expenditure in public institutions (%),83.2
620,Portugal,2015,Capital expenditure as % of total expenditure in public institutions (%),4.8
620,Portugal,2015,Basic access to computers by level of education: Primary,100
620,Portugal,2015,Basic access to computers by level of education: Lower secondary,100
620,Portugal,2015,Basic access to computers by level of education: Upper secondary,100
620,Portugal,2015,Public expenditure on education (% of GDP),4.9
620,Portugal,2018,Current expenditure other than staff compensation as % of total expenditure in public institutions (%),13.9
620,Portugal,2018,All staff compensation as % of total expenditure in public institutions (%),82
620,Portugal,2018,Capital expenditure as % of total expenditure in public institutions (%),4.1
620,Portugal,2018,Basic access to computers by level of education: Primary,100
620,Portugal,2018,Basic access to computers by level of education: Lower secondary,100
620,Portugal,2018,Basic access to computers by level of education: Upper secondary,100
620,Portugal,2018,Public expenditure on education (% of GDP),4.7
630,Puerto Rico,2014,Current expenditure other than staff compensation as % of total expenditure in public institutions (%),37.4
630,Puerto Rico,2014,All staff compensation as % of total expenditure in public institutions (%),58
630,Puerto Rico,2014,Capital expenditure as % of total expenditure in public institutions (%),4.6
630,Puerto Rico,2014,Public expenditure on education (% of GDP),6.1
634,Qatar,2005,Public expenditure on education (% of GDP),4
634,Qatar,2010,Public expenditure on education (% of GDP),4.5
634,Qatar,2014,Current expenditure other than staff compensation as % of total expenditure in public institutions (%),45.5
634,Qatar,2014,All staff compensation as % of total expenditure in public institutions (%),22.7
634,Qatar,2014,Capital expenditure as % of total expenditure in public institutions (%),31.9
634,Qatar,2014,Public expenditure on education (% of GDP),3.6
634,Qatar,2019,Current expenditure other than staff compensation as % of total expenditure in public institutions (%),26.4
634,Qatar,2019,All staff compensation as % of total expenditure in public institutions (%),58.7
634,Qatar,2019,Capital expenditure as % of total expenditure in public institutions (%),14.9
634,Qatar,2019,Basic access to computers by level of education: Primary,100
634,Qatar,2019,Basic access to computers by level of education: Lower secondary,100
634,Qatar,2019,Basic access to computers by level of education: Upper secondary,100
634,Qatar,2019,Public expenditure on education (% of GDP),2.8
634,Qatar,2020,Basic access to computers by level of education: Primary,100
634,Qatar,2020,Basic access to computers by level of education: Lower secondary,100
634,Qatar,2020,Basic access to computers by level of education: Upper secondary,100
634,Qatar,2020,Public expenditure on education (% of GDP),3.2
410,Republic of Korea,2005,Basic access to computers by level of education: Primary,100
410,Republic of Korea,2005,Basic access to computers by level of education: Lower secondary,100
410,Republic of Korea,2005,Basic access to computers by level of education: Upper secondary,100
410,Republic of Korea,2010,Basic access to computers by level of education: Primary,100
410,Republic of Korea,2010,Basic access to computers by level of education: Lower secondary,100
410,Republic of Korea,2010,Basic access to computers by level of education: Upper secondary,100
410,Republic of Korea,2015,Basic access to computers by level of education: Primary,100
410,Republic of Korea,2015,Basic access to computers by level of education: Lower secondary,100
410,Republic of Korea,2015,Basic access to computers by level of education: Upper secondary,100
410,Republic of Korea,2016,Basic access to computers by level of education: Primary,100
410,Republic of Korea,2016,Basic access to computers by level of education: Lower secondary,100
410,Republic of Korea,2016,Basic access to computers by level of education: Upper secondary,100
410,Republic of Korea,2016,Public expenditure on education (% of GDP),4.3
410,Republic of Korea,2018,Current expenditure other than staff compensation as % of total expenditure in public institutions (%),23.3
410,Republic of Korea,2018,All staff compensation as % of total expenditure in public institutions (%),61.5
410,Republic of Korea,2018,Capital expenditure as % of total expenditure in public institutions (%),15.3
410,Republic of Korea,2018,Public expenditure on education (% of GDP),4.5
498,Republic of Moldova,2005,Public expenditure on education (% of GDP),7.2
498,Republic of Moldova,2010,Current expenditure other than staff compensation as % of total expenditure in public institutions (%),29.1
498,Republic of Moldova,2010,All staff compensation as % of total expenditure in public institutions (%),62.6
498,Republic of Moldova,2010,Capital expenditure as % of total expenditure in public institutions (%),8.2
498,Republic of Moldova,2010,Public expenditure on education (% of GDP),7.6
498,Republic of Moldova,2014,Current expenditure other than staff compensation as % of total expenditure in public institutions (%),28.6
498,Republic of Moldova,2014,All staff compensation as % of total expenditure in public institutions (%),60.8
498,Republic of Moldova,2014,Capital expenditure as % of total expenditure in public institutions (%),10.6
498,Republic of Moldova,2014,Public expenditure on education (% of GDP),6.3
498,Republic of Moldova,2015,All staff compensation as % of total expenditure in public institutions (%),52.2
498,Republic of Moldova,2015,Capital expenditure as % of total expenditure in public institutions (%),7.5
498,Republic of Moldova,2015,Public expenditure on education (% of GDP),5.8
498,Republic of Moldova,2019,Current expenditure other than staff compensation as % of total expenditure in public institutions (%),21.9
498,Republic of Moldova,2019,All staff compensation as % of total expenditure in public institutions (%),69.2
498,Republic of Moldova,2019,Capital expenditure as % of total expenditure in public institutions (%),8.9
498,Republic of Moldova,2019,Basic access to computers by level of education: Primary,100
498,Republic of Moldova,2019,Basic access to computers by level of education: Lower secondary,100
498,Republic of Moldova,2019,Basic access to computers by level of education: Upper secondary,100
498,Republic of Moldova,2019,Public expenditure on education (% of GDP),6.1
498,Republic of Moldova,2020,Basic access to computers by level of education: Primary,99.3
498,Republic of Moldova,2020,Basic access to computers by level of education: Lower secondary,100
498,Republic of Moldova,2020,Basic access to computers by level of education: Upper secondary,100
642,Romania,2005,Current expenditure other than staff compensation as % of total expenditure in public institutions (%),34.4
642,Romania,2005,All staff compensation as % of total expenditure in public institutions (%),59.1
642,Romania,2005,Capital expenditure as % of total expenditure in public institutions (%),6.5
642,Romania,2005,Public expenditure on education (% of GDP),3.5
642,Romania,2010,Current expenditure other than staff compensation as % of total expenditure in public institutions (%),27.1
642,Romania,2010,All staff compensation as % of total expenditure in public institutions (%),62.2
642,Romania,2010,Capital expenditure as % of total expenditure in public institutions (%),10.8
642,Romania,2010,Public expenditure on education (% of GDP),3.5
642,Romania,2015,Current expenditure other than staff compensation as % of total expenditure in public institutions (%),31.8
642,Romania,2015,All staff compensation as % of total expenditure in public institutions (%),62.5
642,Romania,2015,Capital expenditure as % of total expenditure in public institutions (%),5.7
642,Romania,2015,Public expenditure on education (% of GDP),3.1
642,Romania,2018,Current expenditure other than staff compensation as % of total expenditure in public institutions (%),25.4
642,Romania,2018,All staff compensation as % of total expenditure in public institutions (%),69.4
642,Romania,2018,Capital expenditure as % of total expenditure in public institutions (%),5.2
642,Romania,2018,Public expenditure on education (% of GDP),3.3
643,Russian Federation,2005,Public expenditure on education (% of GDP),3.8
643,Russian Federation,2008,Public expenditure on education (% of GDP),4.1
643,Russian Federation,2015,Current expenditure other than staff compensation as % of total expenditure in public institutions (%),21.9
643,Russian Federation,2015,All staff compensation as % of total expenditure in public institutions (%),70.9
643,Russian Federation,2015,Capital expenditure as % of total expenditure in public institutions (%),7.2
643,Russian Federation,2015,Public expenditure on education (% of GDP),3.8
643,Russian Federation,2018,Current expenditure other than staff compensation as % of total expenditure in public institutions (%),18
643,Russian Federation,2018,All staff compensation as % of total expenditure in public institutions (%),74.4
643,Russian Federation,2018,Capital expenditure as % of total expenditure in public institutions (%),7.6
643,Russian Federation,2018,Public expenditure on education (% of GDP),4.7
646,Rwanda,2001,Public expenditure on education (% of GDP),4.8
646,Rwanda,2010,Current expenditure other than staff compensation as % of total expenditure in public institutions (%),25.1
646,Rwanda,2010,All staff compensation as % of total expenditure in public institutions (%),58.7
646,Rwanda,2010,Capital expenditure as % of total expenditure in public institutions (%),16.1
646,Rwanda,2010,Public expenditure on education (% of GDP),4.6
646,Rwanda,2015,Current expenditure other than staff compensation as % of total expenditure in public institutions (%),41.4
646,Rwanda,2015,All staff compensation as % of total expenditure in public institutions (%),47.9
646,Rwanda,2015,Capital expenditure as % of total expenditure in public institutions (%),10.8
646,Rwanda,2015,Basic access to computers by level of education: Primary,58.8
646,Rwanda,2015,Basic access to computers by level of education: Lower secondary,71
646,Rwanda,2015,Basic access to computers by level of education: Upper secondary,71
646,Rwanda,2015,Public expenditure on education (% of GDP),3.6
646,Rwanda,2016,Current expenditure other than staff compensation as % of total expenditure in public institutions (%),44.8
646,Rwanda,2016,All staff compensation as % of total expenditure in public institutions (%),42.2
646,Rwanda,2016,Capital expenditure as % of total expenditure in public institutions (%),13
646,Rwanda,2016,Basic access to computers by level of education: Primary,65.8
646,Rwanda,2016,Basic access to computers by level of education: Lower secondary,71
646,Rwanda,2016,Basic access to computers by level of education: Upper secondary,71
646,Rwanda,2016,Public expenditure on education (% of GDP),3.4
646,Rwanda,2019,Basic access to computers by level of education: Primary,83.4
646,Rwanda,2019,Basic access to computers by level of education: Lower secondary,86
646,Rwanda,2019,Basic access to computers by level of education: Upper secondary,85
646,Rwanda,2019,Public expenditure on education (% of GDP),3.4
646,Rwanda,2020,Public expenditure on education (% of GDP),3.4
659,Saint Kitts and Nevis,2005,Public expenditure on education (% of GDP),3.8
659,Saint Kitts and Nevis,2007,Public expenditure on education (% of GDP),4.2
659,Saint Kitts and Nevis,2010,Basic access to computers by level of education: Primary,100
659,Saint Kitts and Nevis,2010,Basic access to computers by level of education: Lower secondary,100
659,Saint Kitts and Nevis,2010,Basic access to computers by level of education: Upper secondary,100
659,Saint Kitts and Nevis,2015,Public expenditure on education (% of GDP),2.6
659,Saint Kitts and Nevis,2016,Current expenditure other than staff compensation as % of total expenditure in public institutions (%),18.6
659,Saint Kitts and Nevis,2016,All staff compensation as % of total expenditure in public institutions (%),61.7
659,Saint Kitts and Nevis,2016,Capital expenditure as % of total expenditure in public institutions (%),19.8
662,Saint Lucia,2005,Public expenditure on education (% of GDP),4.2
662,Saint Lucia,2006,Current expenditure other than staff compensation as % of total expenditure in public institutions (%),28.4
662,Saint Lucia,2006,All staff compensation as % of total expenditure in public institutions (%),45.3
662,Saint Lucia,2006,Capital expenditure as % of total expenditure in public institutions (%),26.3
662,Saint Lucia,2006,Public expenditure on education (% of GDP),4.7
662,Saint Lucia,2010,Basic access to computers by level of education: Primary,100
662,Saint Lucia,2010,Basic access to computers by level of education: Lower secondary,100
662,Saint Lucia,2010,Basic access to computers by level of education: Upper secondary,100
662,Saint Lucia,2010,Public expenditure on education (% of GDP),3.5
662,Saint Lucia,2015,Capital expenditure as % of total expenditure in public institutions (%),11.7
662,Saint Lucia,2015,Public expenditure on education (% of GDP),3.9
662,Saint Lucia,2018,Current expenditure other than staff compensation as % of total expenditure in public institutions (%),10.1
662,Saint Lucia,2018,All staff compensation as % of total expenditure in public institutions (%),83.7
662,Saint Lucia,2018,Capital expenditure as % of total expenditure in public institutions (%),6.2
662,Saint Lucia,2018,Basic access to computers by level of education: Primary,100
662,Saint Lucia,2018,Basic access to computers by level of education: Lower secondary,100
662,Saint Lucia,2018,Basic access to computers by level of education: Upper secondary,100
662,Saint Lucia,2018,Public expenditure on education (% of GDP),3.3
662,Saint Lucia,2020,Basic access to computers by level of education: Primary,100
662,Saint Lucia,2020,Basic access to computers by level of education: Lower secondary,100
662,Saint Lucia,2020,Basic access to computers by level of education: Upper secondary,100
662,Saint Lucia,2020,Public expenditure on education (% of GDP),3.6
670,Saint Vincent & Grenadines,2005,Current expenditure other than staff compensation as % of total expenditure in public institutions (%),14.6
670,Saint Vincent & Grenadines,2005,All staff compensation as % of total expenditure in public institutions (%),51.9
670,Saint Vincent & Grenadines,2005,Capital expenditure as % of total expenditure in public institutions (%),33.6
670,Saint Vincent & Grenadines,2005,Public expenditure on education (% of GDP),6.4
670,Saint Vincent & Grenadines,2010,Current expenditure other than staff compensation as % of total expenditure in public institutions (%),5.6
670,Saint Vincent & Grenadines,2010,All staff compensation as % of total expenditure in public institutions (%),94.4
670,Saint Vincent & Grenadines,2010,Basic access to computers by level of education: Lower secondary,100
670,Saint Vincent & Grenadines,2010,Basic access to computers by level of education: Upper secondary,100
670,Saint Vincent & Grenadines,2010,Public expenditure on education (% of GDP),5.1
670,Saint Vincent & Grenadines,2018,Basic access to computers by level of education: Primary,100
670,Saint Vincent & Grenadines,2018,Basic access to computers by level of education: Lower secondary,96
670,Saint Vincent & Grenadines,2018,Basic access to computers by level of education: Upper secondary,96
670,Saint Vincent & Grenadines,2018,Public expenditure on education (% of GDP),5.7
882,Samoa,2002,Public expenditure on education (% of GDP),3.8
882,Samoa,2008,Public expenditure on education (% of GDP),5.1
882,Samoa,2015,Public expenditure on education (% of GDP),4.9
882,Samoa,2020,Basic access to computers by level of education: Primary,99.4
882,Samoa,2020,Basic access to computers by level of education: Lower secondary,99
882,Samoa,2020,Basic access to computers by level of education: Upper secondary,100
882,Samoa,2020,Public expenditure on education (% of GDP),4.8
674,San Marino,2010,Current expenditure other than staff compensation as % of total expenditure in public institutions (%),4.2
674,San Marino,2010,All staff compensation as % of total expenditure in public institutions (%),95.8
674,San Marino,2010,Public expenditure on education (% of GDP),2.6
674,San Marino,2011,Current expenditure other than staff compensation as % of total expenditure in public institutions (%),5
674,San Marino,2011,All staff compensation as % of total expenditure in public institutions (%),95
674,San Marino,2011,Public expenditure on education (% of GDP),2.7
674,San Marino,2019,Current expenditure other than staff compensation as % of total expenditure in public institutions (%),8.3
674,San Marino,2019,All staff compensation as % of total expenditure in public institutions (%),91.2
674,San Marino,2019,Capital expenditure as % of total expenditure in public institutions (%),0.5
674,San Marino,2019,Basic access to computers by level of education: Primary,100
674,San Marino,2019,Basic access to computers by level of education: Lower secondary,100
674,San Marino,2019,Basic access to computers by level of education: Upper secondary,100
674,San Marino,2019,Public expenditure on education (% of GDP),3.4
674,San Marino,2020,Basic access to computers by level of education: Primary,100
674,San Marino,2020,Basic access to computers by level of education: Lower secondary,100
674,San Marino,2020,Basic access to computers by level of education: Upper secondary,100
678,Sao Tome and Principe,2005,Public expenditure on education (% of GDP),4.9
678,Sao Tome and Principe,2010,Public expenditure on education (% of GDP),9.7
678,Sao Tome and Principe,2015,Public expenditure on education (% of GDP),3.9
678,Sao Tome and Principe,2017,Basic access to computers by level of education: Primary,58.7
678,Sao Tome and Principe,2017,Basic access to computers by level of education: Lower secondary,90
678,Sao Tome and Principe,2017,Basic access to computers by level of education: Upper secondary,100
678,Sao Tome and Principe,2017,Public expenditure on education (% of GDP),5
678,Sao Tome and Principe,2019,Public expenditure on education (% of GDP),5.9
682,Saudi Arabia,2005,Public expenditure on education (% of GDP),5.4
682,Saudi Arabia,2008,Public expenditure on education (% of GDP),5.1
682,Saudi Arabia,2020,Basic access to computers by level of education: Primary,100
682,Saudi Arabia,2020,Basic access to computers by level of education: Lower secondary,100
682,Saudi Arabia,2020,Basic access to computers by level of education: Upper secondary,100
686,Senegal,2005,Public expenditure on education (% of GDP),4
686,Senegal,2010,Current expenditure other than staff compensation as % of total expenditure in public institutions (%),18.3
686,Senegal,2010,All staff compensation as % of total expenditure in public institutions (%),72.6
686,Senegal,2010,Capital expenditure as % of total expenditure in public institutions (%),9.1
686,Senegal,2010,Public expenditure on education (% of GDP),5.2
686,Senegal,2015,Current expenditure other than staff compensation as % of total expenditure in public institutions (%),23.6
686,Senegal,2015,All staff compensation as % of total expenditure in public institutions (%),61.7
686,Senegal,2015,Capital expenditure as % of total expenditure in public institutions (%),14.7
686,Senegal,2015,Public expenditure on education (% of GDP),5.5
686,Senegal,2016,Current expenditure other than staff compensation as % of total expenditure in public institutions (%),27.2
686,Senegal,2016,All staff compensation as % of total expenditure in public institutions (%),67.8
686,Senegal,2016,Capital expenditure as % of total expenditure in public institutions (%),5
686,Senegal,2016,Public expenditure on education (% of GDP),5.1
686,Senegal,2019,Basic access to computers by level of education: Primary,27.3
686,Senegal,2019,Basic access to computers by level of education: Lower secondary,81
686,Senegal,2019,Basic access to computers by level of education: Upper secondary,85
686,Senegal,2019,Public expenditure on education (% of GDP),5.3
686,Senegal,2020,Basic access to computers by level of education: Primary,28.5
686,Senegal,2020,Basic access to computers by level of education: Lower secondary,74
686,Senegal,2020,Basic access to computers by level of education: Upper secondary,89
688,Serbia,2010,Current expenditure other than staff compensation as % of total expenditure in public institutions (%),22.4
688,Serbia,2010,All staff compensation as % of total expenditure in public institutions (%),75.1
688,Serbia,2010,Capital expenditure as % of total expenditure in public institutions (%),2.5
688,Serbia,2010,Public expenditure on education (% of GDP),4.3
688,Serbia,2015,Current expenditure other than staff compensation as % of total expenditure in public institutions (%),19.4
688,Serbia,2015,All staff compensation as % of total expenditure in public institutions (%),78.7
688,Serbia,2015,Capital expenditure as % of total expenditure in public institutions (%),1.9
688,Serbia,2015,Public expenditure on education (% of GDP),3.8
688,Serbia,2019,Current expenditure other than staff compensation as % of total expenditure in public institutions (%),20.9
688,Serbia,2019,All staff compensation as % of total expenditure in public institutions (%),75.8
688,Serbia,2019,Capital expenditure as % of total expenditure in public institutions (%),3.2
688,Serbia,2019,Public expenditure on education (% of GDP),3.6
690,Seychelles,2003,Public expenditure on education (% of GDP),5.4
690,Seychelles,2006,Current expenditure other than staff compensation as % of total expenditure in public institutions (%),29.8
690,Seychelles,2006,All staff compensation as % of total expenditure in public institutions (%),56.7
690,Seychelles,2006,Capital expenditure as % of total expenditure in public institutions (%),13.5
690,Seychelles,2006,Public expenditure on education (% of GDP),4.8
690,Seychelles,2010,Public expenditure on education (% of GDP),3.5
690,Seychelles,2014,Current expenditure other than staff compensation as % of total expenditure in public institutions (%),51.7
690,Seychelles,2014,All staff compensation as % of total expenditure in public institutions (%),40.9
690,Seychelles,2014,Capital expenditure as % of total expenditure in public institutions (%),7.4
690,Seychelles,2014,Public expenditure on education (% of GDP),4.1
690,Seychelles,2015,Public expenditure on education (% of GDP),4.2
690,Seychelles,2016,Current expenditure other than staff compensation as % of total expenditure in public institutions (%),64.5
690,Seychelles,2016,All staff compensation as % of total expenditure in public institutions (%),30.2
690,Seychelles,2016,Capital expenditure as % of total expenditure in public institutions (%),5.2
690,Seychelles,2016,Basic access to computers by level of education: Primary,100
690,Seychelles,2016,Basic access to computers by level of education: Lower secondary,100
690,Seychelles,2016,Basic access to computers by level of education: Upper secondary,100
690,Seychelles,2016,Public expenditure on education (% of GDP),4.4
690,Seychelles,2019,Basic access to computers by level of education: Primary,100
690,Seychelles,2019,Basic access to computers by level of education: Lower secondary,100
690,Seychelles,2019,Basic access to computers by level of education: Upper secondary,100
690,Seychelles,2019,Public expenditure on education (% of GDP),3.9
690,Seychelles,2020,Basic access to computers by level of education: Primary,100
690,Seychelles,2020,Basic access to computers by level of education: Lower secondary,100
690,Seychelles,2020,Basic access to computers by level of education: Upper secondary,100
694,Sierra Leone,2005,Public expenditure on education (% of GDP),2.8
694,Sierra Leone,2010,Current expenditure other than staff compensation as % of total expenditure in public institutions (%),28.3
694,Sierra Leone,2010,All staff compensation as % of total expenditure in public institutions (%),69.1
694,Sierra Leone,2010,Capital expenditure as % of total expenditure in public institutions (%),2.5
694,Sierra Leone,2010,Public expenditure on education (% of GDP),2.6
694,Sierra Leone,2011,Current expenditure other than staff compensation as % of total expenditure in public institutions (%),24.5
694,Sierra Leone,2011,All staff compensation as % of total expenditure in public institutions (%),74.3
694,Sierra Leone,2011,Capital expenditure as % of total expenditure in public institutions (%),1.2
694,Sierra Leone,2011,Public expenditure on education (% of GDP),2.7
694,Sierra Leone,2014,Capital expenditure as % of total expenditure in public institutions (%),0.5
694,Sierra Leone,2014,Public expenditure on education (% of GDP),2.7
694,Sierra Leone,2015,Public expenditure on education (% of GDP),3.1
694,Sierra Leone,2020,Basic access to computers by level of education: Primary,1.6
694,Sierra Leone,2020,Basic access to computers by level of education: Lower secondary,8
694,Sierra Leone,2020,Basic access to computers by level of education: Upper secondary,14
694,Sierra Leone,2020,Public expenditure on education (% of GDP),9.3
702,Singapore,2005,Public expenditure on education (% of GDP),3.2
702,Singapore,2010,Capital expenditure as % of total expenditure in public institutions (%),9.2
702,Singapore,2010,Public expenditure on education (% of GDP),3.1
702,Singapore,2013,Capital expenditure as % of total expenditure in public institutions (%),8.2
702,Singapore,2013,Public expenditure on education (% of GDP),2.9
702,Singapore,2015,Public expenditure on education (% of GDP),2.9
702,Singapore,2019,Basic access to computers by level of education: Primary,100
702,Singapore,2019,Basic access to computers by level of education: Lower secondary,100
702,Singapore,2019,Basic access to computers by level of education: Upper secondary,100
702,Singapore,2019,Public expenditure on education (% of GDP),2.6
702,Singapore,2020,Public expenditure on education (% of GDP),2.5
534,Sint Maarten (Dutch part),2010,Basic access to computers by level of education: Primary,100
534,Sint Maarten (Dutch part),2010,Basic access to computers by level of education: Lower secondary,100
534,Sint Maarten (Dutch part),2010,Basic access to computers by level of education: Upper secondary,100
703,Slovakia,2005,Current expenditure other than staff compensation as % of total expenditure in public institutions (%),34.1
703,Slovakia,2005,All staff compensation as % of total expenditure in public institutions (%),60.2
703,Slovakia,2005,Capital expenditure as % of total expenditure in public institutions (%),5.6
703,Slovakia,2005,Public expenditure on education (% of GDP),3.8
703,Slovakia,2010,Current expenditure other than staff compensation as % of total expenditure in public institutions (%),30.8
703,Slovakia,2010,All staff compensation as % of total expenditure in public institutions (%),57
703,Slovakia,2010,Capital expenditure as % of total expenditure in public institutions (%),12.2
703,Slovakia,2010,Public expenditure on education (% of GDP),4.1
703,Slovakia,2015,Current expenditure other than staff compensation as % of total expenditure in public institutions (%),32
703,Slovakia,2015,All staff compensation as % of total expenditure in public institutions (%),53
703,Slovakia,2015,Capital expenditure as % of total expenditure in public institutions (%),15
703,Slovakia,2015,Basic access to computers by level of education: Primary,99.7
703,Slovakia,2015,Basic access to computers by level of education: Lower secondary,100
703,Slovakia,2015,Basic access to computers by level of education: Upper secondary,100
703,Slovakia,2015,Public expenditure on education (% of GDP),4.6
703,Slovakia,2016,Current expenditure other than staff compensation as % of total expenditure in public institutions (%),30.6
703,Slovakia,2016,All staff compensation as % of total expenditure in public institutions (%),64.2
703,Slovakia,2016,Capital expenditure as % of total expenditure in public institutions (%),5.3
703,Slovakia,2016,Basic access to computers by level of education: Primary,99.8
703,Slovakia,2016,Basic access to computers by level of education: Lower secondary,100
703,Slovakia,2016,Basic access to computers by level of education: Upper secondary,100
703,Slovakia,2016,Public expenditure on education (% of GDP),3.9
703,Slovakia,2018,Current expenditure other than staff compensation as % of total expenditure in public institutions (%),28.5
703,Slovakia,2018,All staff compensation as % of total expenditure in public institutions (%),65.5
703,Slovakia,2018,Capital expenditure as % of total expenditure in public institutions (%),6
703,Slovakia,2018,Public expenditure on education (% of GDP),4
705,Slovenia,2005,Current expenditure other than staff compensation as % of total expenditure in public institutions (%),20.6
705,Slovenia,2005,All staff compensation as % of total expenditure in public institutions (%),69.4
705,Slovenia,2005,Capital expenditure as % of total expenditure in public institutions (%),10
705,Slovenia,2005,Basic access to computers by level of education: Primary,100
705,Slovenia,2005,Basic access to computers by level of education: Lower secondary,100
705,Slovenia,2005,Basic access to computers by level of education: Upper secondary,100
705,Slovenia,2005,Public expenditure on education (% of GDP),5.6
705,Slovenia,2010,Current expenditure other than staff compensation as % of total expenditure in public institutions (%),21.3
705,Slovenia,2010,All staff compensation as % of total expenditure in public institutions (%),70
705,Slovenia,2010,Capital expenditure as % of total expenditure in public institutions (%),8.7
705,Slovenia,2010,Basic access to computers by level of education: Primary,100
705,Slovenia,2010,Basic access to computers by level of education: Lower secondary,100
705,Slovenia,2010,Basic access to computers by level of education: Upper secondary,100
705,Slovenia,2010,Public expenditure on education (% of GDP),5.5
705,Slovenia,2015,Current expenditure other than staff compensation as % of total expenditure in public institutions (%),22.3
705,Slovenia,2015,All staff compensation as % of total expenditure in public institutions (%),69.6
705,Slovenia,2015,Capital expenditure as % of total expenditure in public institutions (%),8.2
705,Slovenia,2015,Basic access to computers by level of education: Primary,100
705,Slovenia,2015,Basic access to computers by level of education: Lower secondary,100
705,Slovenia,2015,Basic access to computers by level of education: Upper secondary,100
705,Slovenia,2015,Public expenditure on education (% of GDP),4.9
705,Slovenia,2016,Current expenditure other than staff compensation as % of total expenditure in public institutions (%),20.8
705,Slovenia,2016,All staff compensation as % of total expenditure in public institutions (%),66.5
705,Slovenia,2016,Capital expenditure as % of total expenditure in public institutions (%),12.8
705,Slovenia,2016,Basic access to computers by level of education: Primary,100
705,Slovenia,2016,Basic access to computers by level of education: Lower secondary,100
705,Slovenia,2016,Basic access to computers by level of education: Upper secondary,100
705,Slovenia,2016,Public expenditure on education (% of GDP),4.8
705,Slovenia,2018,Current expenditure other than staff compensation as % of total expenditure in public institutions (%),20.1
705,Slovenia,2018,All staff compensation as % of total expenditure in public institutions (%),71.5
705,Slovenia,2018,Capital expenditure as % of total expenditure in public institutions (%),8.3
705,Slovenia,2018,Public expenditure on education (% of GDP),4.9
90,Solomon Islands,2010,Public expenditure on education (% of GDP),7.9
90,Solomon Islands,2015,Public expenditure on education (% of GDP),10.1
90,Solomon Islands,2019,Basic access to computers by level of education: Primary,13.2
90,Solomon Islands,2019,Basic access to computers by level of education: Lower secondary,30
90,Solomon Islands,2019,Basic access to computers by level of education: Upper secondary,42
710,South Africa,2005,Current expenditure other than staff compensation as % of total expenditure in public institutions (%),20.9
710,South Africa,2005,All staff compensation as % of total expenditure in public institutions (%),66.3
710,South Africa,2005,Capital expenditure as % of total expenditure in public institutions (%),2.9
710,South Africa,2005,Public expenditure on education (% of GDP),5.1
710,South Africa,2006,All staff compensation as % of total expenditure in public institutions (%),69.8
710,South Africa,2006,Capital expenditure as % of total expenditure in public institutions (%),3.5
710,South Africa,2006,Public expenditure on education (% of GDP),5.1
710,South Africa,2009,Capital expenditure as % of total expenditure in public institutions (%),3.8
710,South Africa,2009,Public expenditure on education (% of GDP),5.2
710,South Africa,2010,Public expenditure on education (% of GDP),5.7
710,South Africa,2014,Current expenditure other than staff compensation as % of total expenditure in public institutions (%),29.5
710,South Africa,2014,All staff compensation as % of total expenditure in public institutions (%),67.2
710,South Africa,2014,Capital expenditure as % of total expenditure in public institutions (%),3.3
710,South Africa,2014,Public expenditure on education (% of GDP),6
710,South Africa,2015,Public expenditure on education (% of GDP),6
710,South Africa,2020,Current expenditure other than staff compensation as % of total expenditure in public institutions (%),26.6
710,South Africa,2020,All staff compensation as % of total expenditure in public institutions (%),69.4
710,South Africa,2020,Capital expenditure as % of total expenditure in public institutions (%),4
710,South Africa,2020,Public expenditure on education (% of GDP),6.8
728,South Sudan,2014,Current expenditure other than staff compensation as % of total expenditure in public institutions (%),34.6
728,South Sudan,2014,All staff compensation as % of total expenditure in public institutions (%),48.8
728,South Sudan,2014,Capital expenditure as % of total expenditure in public institutions (%),16.5
728,South Sudan,2014,Public expenditure on education (% of GDP),1.2
728,South Sudan,2015,Current expenditure other than staff compensation as % of total expenditure in public institutions (%),75.5
728,South Sudan,2015,All staff compensation as % of total expenditure in public institutions (%),24.5
728,South Sudan,2015,Public expenditure on education (% of GDP),1.5
728,South Sudan,2016,Current expenditure other than staff compensation as % of total expenditure in public institutions (%),6.5
728,South Sudan,2016,All staff compensation as % of total expenditure in public institutions (%),93.5
728,South Sudan,2016,Public expenditure on education (% of GDP),1.5
724,Spain,2005,Current expenditure other than staff compensation as % of total expenditure in public institutions (%),16.7
724,Spain,2005,All staff compensation as % of total expenditure in public institutions (%),73.5
724,Spain,2005,Capital expenditure as % of total expenditure in public institutions (%),9.8
724,Spain,2005,Basic access to computers by level of education: Primary,100
724,Spain,2005,Basic access to computers by level of education: Lower secondary,100
724,Spain,2005,Public expenditure on education (% of GDP),4.1
724,Spain,2010,Current expenditure other than staff compensation as % of total expenditure in public institutions (%),17.7
724,Spain,2010,All staff compensation as % of total expenditure in public institutions (%),71.6
724,Spain,2010,Capital expenditure as % of total expenditure in public institutions (%),10.8
724,Spain,2010,Basic access to computers by level of education: Primary,100
724,Spain,2010,Basic access to computers by level of education: Lower secondary,100
724,Spain,2010,Basic access to computers by level of education: Upper secondary,100
724,Spain,2010,Public expenditure on education (% of GDP),4.9
724,Spain,2015,Current expenditure other than staff compensation as % of total expenditure in public institutions (%),18.2
724,Spain,2015,All staff compensation as % of total expenditure in public institutions (%),76.5
724,Spain,2015,Capital expenditure as % of total expenditure in public institutions (%),5.3
724,Spain,2015,Basic access to computers by level of education: Primary,100
724,Spain,2015,Basic access to computers by level of education: Lower secondary,100
724,Spain,2015,Basic access to computers by level of education: Upper secondary,100
724,Spain,2015,Public expenditure on education (% of GDP),4.3
724,Spain,2018,Current expenditure other than staff compensation as % of total expenditure in public institutions (%),18.9
724,Spain,2018,All staff compensation as % of total expenditure in public institutions (%),76
724,Spain,2018,Capital expenditure as % of total expenditure in public institutions (%),5.1
724,Spain,2018,Basic access to computers by level of education: Primary,100
724,Spain,2018,Basic access to computers by level of education: Lower secondary,100
724,Spain,2018,Basic access to computers by level of education: Upper secondary,100
724,Spain,2018,Public expenditure on education (% of GDP),4.2
724,Spain,2020,Basic access to computers by level of education: Primary,100
724,Spain,2020,Basic access to computers by level of education: Lower secondary,100
724,Spain,2020,Basic access to computers by level of education: Upper secondary,100
144,Sri Lanka,2010,Current expenditure other than staff compensation as % of total expenditure in public institutions (%),9.9
144,Sri Lanka,2010,All staff compensation as % of total expenditure in public institutions (%),75.5
144,Sri Lanka,2010,Capital expenditure as % of total expenditure in public institutions (%),14.6
144,Sri Lanka,2010,Public expenditure on education (% of GDP),1.7
144,Sri Lanka,2015,Current expenditure other than staff compensation as % of total expenditure in public institutions (%),18.3
144,Sri Lanka,2015,All staff compensation as % of total expenditure in public institutions (%),62.4
144,Sri Lanka,2015,Capital expenditure as % of total expenditure in public institutions (%),19.3
144,Sri Lanka,2015,Public expenditure on education (% of GDP),2.2
144,Sri Lanka,2018,Current expenditure other than staff compensation as % of total expenditure in public institutions (%),24
144,Sri Lanka,2018,All staff compensation as % of total expenditure in public institutions (%),50.7
144,Sri Lanka,2018,Capital expenditure as % of total expenditure in public institutions (%),25.3
144,Sri Lanka,2018,Basic access to computers by level of education: Primary,50.8
144,Sri Lanka,2018,Basic access to computers by level of education: Lower secondary,72
144,Sri Lanka,2018,Public expenditure on education (% of GDP),2.1
144,Sri Lanka,2019,Basic access to computers by level of education: Primary,56.3
144,Sri Lanka,2019,Basic access to computers by level of education: Lower secondary,77
144,Sri Lanka,2019,Basic access to computers by level of education: Upper secondary,80
275,State of Palestine,2010,Public expenditure on education (% of GDP),6.2
275,State of Palestine,2015,Current expenditure other than staff compensation as % of total expenditure in public institutions (%),11.3
275,State of Palestine,2015,All staff compensation as % of total expenditure in public institutions (%),85.2
275,State of Palestine,2015,Capital expenditure as % of total expenditure in public institutions (%),3.5
275,State of Palestine,2015,Public expenditure on education (% of GDP),4.7
275,State of Palestine,2017,Current expenditure other than staff compensation as % of total expenditure in public institutions (%),14.2
275,State of Palestine,2017,All staff compensation as % of total expenditure in public institutions (%),83.5
275,State of Palestine,2017,Capital expenditure as % of total expenditure in public institutions (%),2.2
275,State of Palestine,2017,Basic access to computers by level of education: Primary,76.4
275,State of Palestine,2017,Basic access to computers by level of education: Lower secondary,92
275,State of Palestine,2017,Basic access to computers by level of education: Upper secondary,97
275,State of Palestine,2017,Public expenditure on education (% of GDP),4.7
275,State of Palestine,2018,Basic access to computers by level of education: Primary,73.6
275,State of Palestine,2018,Basic access to computers by level of education: Lower secondary,89
275,State of Palestine,2018,Basic access to computers by level of education: Upper secondary,95
275,State of Palestine,2018,Public expenditure on education (% of GDP),5.3
275,State of Palestine,2020,Basic access to computers by level of education: Primary,83.5
275,State of Palestine,2020,Basic access to computers by level of education: Lower secondary,95
275,State of Palestine,2020,Basic access to computers by level of education: Upper secondary,99
729,Sudan,2005,Public expenditure on education (% of GDP),1.6
729,Sudan,2009,Public expenditure on education (% of GDP),2.2
729,Sudan,2016,Basic access to computers by level of education: Upper secondary,100
740,Suriname,2015,Public expenditure on education (% of GDP),5.9
740,Suriname,2019,Public expenditure on education (% of GDP),7.2
752,Sweden,2005,Current expenditure other than staff compensation as % of total expenditure in public institutions (%),28.4
752,Sweden,2005,All staff compensation as % of total expenditure in public institutions (%),65
752,Sweden,2005,Capital expenditure as % of total expenditure in public institutions (%),6.6
752,Sweden,2005,Public expenditure on education (% of GDP),6.5
752,Sweden,2010,Current expenditure other than staff compensation as % of total expenditure in public institutions (%),31.3
752,Sweden,2010,All staff compensation as % of total expenditure in public institutions (%),63.1
752,Sweden,2010,Capital expenditure as % of total expenditure in public institutions (%),5.6
752,Sweden,2010,Public expenditure on education (% of GDP),6.5
752,Sweden,2015,Current expenditure other than staff compensation as % of total expenditure in public institutions (%),29.6
752,Sweden,2015,All staff compensation as % of total expenditure in public institutions (%),65.3
752,Sweden,2015,Capital expenditure as % of total expenditure in public institutions (%),5.1
752,Sweden,2015,Public expenditure on education (% of GDP),7.4
752,Sweden,2018,Current expenditure other than staff compensation as % of total expenditure in public institutions (%),36
752,Sweden,2018,All staff compensation as % of total expenditure in public institutions (%),58.8
752,Sweden,2018,Capital expenditure as % of total expenditure in public institutions (%),5.2
752,Sweden,2018,Public expenditure on education (% of GDP),7.6
756,Switzerland,2005,Current expenditure other than staff compensation as % of total expenditure in public institutions (%),15.5
756,Switzerland,2005,All staff compensation as % of total expenditure in public institutions (%),75.3
756,Switzerland,2005,Capital expenditure as % of total expenditure in public institutions (%),9.1
756,Switzerland,2005,Public expenditure on education (% of GDP),5.1
756,Switzerland,2010,Current expenditure other than staff compensation as % of total expenditure in public institutions (%),16.2
756,Switzerland,2010,All staff compensation as % of total expenditure in public institutions (%),75.2
756,Switzerland,2010,Capital expenditure as % of total expenditure in public institutions (%),8.6
756,Switzerland,2010,Public expenditure on education (% of GDP),4.8
756,Switzerland,2015,Current expenditure other than staff compensation as % of total expenditure in public institutions (%),15.4
756,Switzerland,2015,All staff compensation as % of total expenditure in public institutions (%),74.3
756,Switzerland,2015,Capital expenditure as % of total expenditure in public institutions (%),10.2
756,Switzerland,2015,Basic access to computers by level of education: Primary,100
756,Switzerland,2015,Basic access to computers by level of education: Lower secondary,100
756,Switzerland,2015,Basic access to computers by level of education: Upper secondary,100
756,Switzerland,2015,Public expenditure on education (% of GDP),4.9
756,Switzerland,2016,Current expenditure other than staff compensation as % of total expenditure in public institutions (%),15.3
756,Switzerland,2016,All staff compensation as % of total expenditure in public institutions (%),74.1
756,Switzerland,2016,Capital expenditure as % of total expenditure in public institutions (%),10.6
756,Switzerland,2016,Basic access to computers by level of education: Primary,100
756,Switzerland,2016,Basic access to computers by level of education: Lower secondary,100
756,Switzerland,2016,Basic access to computers by level of education: Upper secondary,100
756,Switzerland,2016,Public expenditure on education (% of GDP),4.9
756,Switzerland,2018,Public expenditure on education (% of GDP),4.9
760,Syrian Arab Republic,2004,Public expenditure on education (% of GDP),5.4
760,Syrian Arab Republic,2009,Public expenditure on education (% of GDP),5.1
762,Tajikistan,2005,Public expenditure on education (% of GDP),3.5
762,Tajikistan,2010,Public expenditure on education (% of GDP),4
762,Tajikistan,2015,Capital expenditure as % of total expenditure in public institutions (%),14
762,Tajikistan,2015,Public expenditure on education (% of GDP),5
762,Tajikistan,2019,Public expenditure on education (% of GDP),5.7
764,Thailand,2005,Public expenditure on education (% of GDP),3.9
764,Thailand,2010,Current expenditure other than staff compensation as % of total expenditure in public institutions (%),45.8
764,Thailand,2010,All staff compensation as % of total expenditure in public institutions (%),50.9
764,Thailand,2010,Capital expenditure as % of total expenditure in public institutions (%),3.3
764,Thailand,2010,Public expenditure on education (% of GDP),3.5
764,Thailand,2011,Current expenditure other than staff compensation as % of total expenditure in public institutions (%),54.5
764,Thailand,2011,All staff compensation as % of total expenditure in public institutions (%),39.5
764,Thailand,2011,Capital expenditure as % of total expenditure in public institutions (%),6
764,Thailand,2011,Basic access to computers by level of education: Primary,98.8
764,Thailand,2011,Basic access to computers by level of education: Lower secondary,100
764,Thailand,2011,Basic access to computers by level of education: Upper secondary,89
764,Thailand,2011,Public expenditure on education (% of GDP),4.8
764,Thailand,2014,Current expenditure other than staff compensation as % of total expenditure in public institutions (%),31.8
764,Thailand,2014,All staff compensation as % of total expenditure in public institutions (%),62.5
764,Thailand,2014,Capital expenditure as % of total expenditure in public institutions (%),5.7
764,Thailand,2014,Public expenditure on education (% of GDP),3.7
764,Thailand,2015,Public expenditure on education (% of GDP),3.8
764,Thailand,2019,Basic access to computers by level of education: Primary,99.8
764,Thailand,2019,Basic access to computers by level of education: Lower secondary,100
764,Thailand,2019,Basic access to computers by level of education: Upper secondary,100
764,Thailand,2019,Public expenditure on education (% of GDP),3
764,Thailand,2020,Basic access to computers by level of education: Primary,99.8
764,Thailand,2020,Basic access to computers by level of education: Lower secondary,100
764,Thailand,2020,Basic access to computers by level of education: Upper secondary,100
626,Timor-Leste,2010,Current expenditure other than staff compensation as % of total expenditure in public institutions (%),52.5
626,Timor-Leste,2010,All staff compensation as % of total expenditure in public institutions (%),37.8
626,Timor-Leste,2010,Capital expenditure as % of total expenditure in public institutions (%),9.7
626,Timor-Leste,2010,Public expenditure on education (% of GDP),11.1
626,Timor-Leste,2014,Current expenditure other than staff compensation as % of total expenditure in public institutions (%),46.4
626,Timor-Leste,2014,All staff compensation as % of total expenditure in public institutions (%),49.5
626,Timor-Leste,2014,Capital expenditure as % of total expenditure in public institutions (%),4
626,Timor-Leste,2014,Public expenditure on education (% of GDP),7.5
626,Timor-Leste,2015,Public expenditure on education (% of GDP),8.4
626,Timor-Leste,2018,Public expenditure on education (% of GDP),6.8
768,Togo,2005,Public expenditure on education (% of GDP),3.2
768,Togo,2010,Current expenditure other than staff compensation as % of total expenditure in public institutions (%),14.7
768,Togo,2010,All staff compensation as % of total expenditure in public institutions (%),74.7
768,Togo,2010,Capital expenditure as % of total expenditure in public institutions (%),10.6
768,Togo,2010,Public expenditure on education (% of GDP),4.1
768,Togo,2015,Current expenditure other than staff compensation as % of total expenditure in public institutions (%),7
768,Togo,2015,All staff compensation as % of total expenditure in public institutions (%),90.5
768,Togo,2015,Capital expenditure as % of total expenditure in public institutions (%),2.5
768,Togo,2015,Public expenditure on education (% of GDP),5.1
768,Togo,2016,Current expenditure other than staff compensation as % of total expenditure in public institutions (%),7.1
768,Togo,2016,All staff compensation as % of total expenditure in public institutions (%),90.5
768,Togo,2016,Capital expenditure as % of total expenditure in public institutions (%),2.4
768,Togo,2016,Public expenditure on education (% of GDP),3.7
768,Togo,2019,Public expenditure on education (% of GDP),5
768,Togo,2020,Basic access to computers by level of education: Primary,2.3
768,Togo,2020,Basic access to computers by level of education: Lower secondary,29
768,Togo,2020,Basic access to computers by level of education: Upper secondary,55
772,Tokelau,2020,Basic access to computers by level of education: Primary,100
772,Tokelau,2020,Basic access to computers by level of education: Lower secondary,100
772,Tokelau,2020,Basic access to computers by level of education: Upper secondary,100
776,Tonga,2004,Public expenditure on education (% of GDP),3.9
776,Tonga,2019,Public expenditure on education (% of GDP),8
776,Tonga,2020,Basic access to computers by level of education: Primary,44.3
776,Tonga,2020,Basic access to computers by level of education: Lower secondary,93
776,Tonga,2020,Basic access to computers by level of education: Upper secondary,100
780,Trinidad and Tobago,2003,Public expenditure on education (% of GDP),3.1
780,Trinidad and Tobago,2015,Public expenditure on education (% of GDP),3.4
780,Trinidad and Tobago,2019,Public expenditure on education (% of GDP),3.6
788,Tunisia,2005,Public expenditure on education (% of GDP),6.5
788,Tunisia,2010,Capital expenditure as % of total expenditure in public institutions (%),10.4
788,Tunisia,2010,Public expenditure on education (% of GDP),6.3
788,Tunisia,2015,Public expenditure on education (% of GDP),6.6
788,Tunisia,2016,Basic access to computers by level of education: Primary,96.4
788,Tunisia,2016,Public expenditure on education (% of GDP),7.3
788,Tunisia,2020,Basic access to computers by level of education: Primary,97.7
788,Tunisia,2020,Basic access to computers by level of education: Lower secondary,100
788,Tunisia,2020,Basic access to computers by level of education: Upper secondary,99
792,Türkiye,2004,Public expenditure on education (% of GDP),3
792,Türkiye,2006,Current expenditure other than staff compensation as % of total expenditure in public institutions (%),14.9
792,Türkiye,2006,All staff compensation as % of total expenditure in public institutions (%),74.6
792,Türkiye,2006,Capital expenditure as % of total expenditure in public institutions (%),10.6
792,Türkiye,2006,Public expenditure on education (% of GDP),2.7
792,Türkiye,2018,Public expenditure on education (% of GDP),4.3
795,Turkmenistan,2012,Capital expenditure as % of total expenditure in public institutions (%),33.7
795,Turkmenistan,2012,Public expenditure on education (% of GDP),3
795,Turkmenistan,2019,Basic access to computers by level of education: Primary,99.2
795,Turkmenistan,2019,Basic access to computers by level of education: Lower secondary,99
795,Turkmenistan,2019,Basic access to computers by level of education: Upper secondary,99
795,Turkmenistan,2019,Public expenditure on education (% of GDP),3.1
795,Turkmenistan,2020,Basic access to computers by level of education: Primary,97.6
795,Turkmenistan,2020,Basic access to computers by level of education: Lower secondary,98
795,Turkmenistan,2020,Basic access to computers by level of education: Upper secondary,98
796,Turks and Caicos Islands,2005,Current expenditure other than staff compensation as % of total expenditure in public institutions (%),13.7
796,Turks and Caicos Islands,2005,All staff compensation as % of total expenditure in public institutions (%),69.5
796,Turks and Caicos Islands,2005,Capital expenditure as % of total expenditure in public institutions (%),16.8
796,Turks and Caicos Islands,2005,Public expenditure on education (% of GDP),2.5
796,Turks and Caicos Islands,2010,Basic access to computers by level of education: Primary,100
796,Turks and Caicos Islands,2010,Basic access to computers by level of education: Lower secondary,100
796,Turks and Caicos Islands,2010,Basic access to computers by level of education: Upper secondary,100
796,Turks and Caicos Islands,2015,Capital expenditure as % of total expenditure in public institutions (%),17.6
796,Turks and Caicos Islands,2015,Public expenditure on education (% of GDP),3.1
796,Turks and Caicos Islands,2018,Current expenditure other than staff compensation as % of total expenditure in public institutions (%),6.5
796,Turks and Caicos Islands,2018,All staff compensation as % of total expenditure in public institutions (%),74.6
796,Turks and Caicos Islands,2018,Capital expenditure as % of total expenditure in public institutions (%),18.8
796,Turks and Caicos Islands,2018,Basic access to computers by level of education: Primary,96.6
796,Turks and Caicos Islands,2018,Basic access to computers by level of education: Lower secondary,85
796,Turks and Caicos Islands,2018,Basic access to computers by level of education: Upper secondary,85
796,Turks and Caicos Islands,2018,Public expenditure on education (% of GDP),2.7
796,Turks and Caicos Islands,2019,Public expenditure on education (% of GDP),3.5
796,Turks and Caicos Islands,2020,Basic access to computers by level of education: Upper secondary,83
798,Tuvalu,2020,Basic access to computers by level of education: Primary,80
798,Tuvalu,2020,Basic access to computers by level of education: Lower secondary,100
798,Tuvalu,2020,Basic access to computers by level of education: Upper secondary,100
800,Uganda,2004,Public expenditure on education (% of GDP),5
800,Uganda,2010,Current expenditure other than staff compensation as % of total expenditure in public institutions (%),51.1
800,Uganda,2010,All staff compensation as % of total expenditure in public institutions (%),35.5
800,Uganda,2010,Capital expenditure as % of total expenditure in public institutions (%),13.4
800,Uganda,2010,Public expenditure on education (% of GDP),1.7
800,Uganda,2014,Current expenditure other than staff compensation as % of total expenditure in public institutions (%),48.3
800,Uganda,2014,All staff compensation as % of total expenditure in public institutions (%),39.1
800,Uganda,2014,Capital expenditure as % of total expenditure in public institutions (%),12.6
800,Uganda,2014,Public expenditure on education (% of GDP),1.9
800,Uganda,2015,Public expenditure on education (% of GDP),2.3
800,Uganda,2020,Public expenditure on education (% of GDP),3
804,Ukraine,2005,Public expenditure on education (% of GDP),6.1
804,Ukraine,2010,Public expenditure on education (% of GDP),7.4
804,Ukraine,2014,Capital expenditure as % of total expenditure in public institutions (%),2.2
804,Ukraine,2014,Public expenditure on education (% of GDP),5.9
804,Ukraine,2015,Public expenditure on education (% of GDP),5.7
804,Ukraine,2019,Capital expenditure as % of total expenditure in public institutions (%),6.5
804,Ukraine,2019,Basic access to computers by level of education: Primary,94.3
804,Ukraine,2019,Basic access to computers by level of education: Lower secondary,99
804,Ukraine,2019,Basic access to computers by level of education: Upper secondary,100
804,Ukraine,2019,Public expenditure on education (% of GDP),5.4
804,Ukraine,2020,Basic access to computers by level of education: Primary,96.9
804,Ukraine,2020,Basic access to computers by level of education: Lower secondary,100
804,Ukraine,2020,Basic access to computers by level of education: Upper secondary,100
784,United Arab Emirates,2019,Current expenditure other than staff compensation as % of total expenditure in public institutions (%),28.8
784,United Arab Emirates,2019,All staff compensation as % of total expenditure in public institutions (%),44.9
784,United Arab Emirates,2019,Capital expenditure as % of total expenditure in public institutions (%),26.2
784,United Arab Emirates,2019,Basic access to computers by level of education: Primary,100
784,United Arab Emirates,2019,Basic access to computers by level of education: Lower secondary,100
784,United Arab Emirates,2019,Basic access to computers by level of education: Upper secondary,100
784,United Arab Emirates,2019,Public expenditure on education (% of GDP),3.1
784,United Arab Emirates,2020,Basic access to computers by level of education: Primary,100
784,United Arab Emirates,2020,Basic access to computers by level of education: Lower secondary,100
784,United Arab Emirates,2020,Basic access to computers by level of education: Upper secondary,100
826,United Kingdom,2005,Current expenditure other than staff compensation as % of total expenditure in public institutions (%),18.5
826,United Kingdom,2005,All staff compensation as % of total expenditure in public institutions (%),73.5
826,United Kingdom,2005,Capital expenditure as % of total expenditure in public institutions (%),8
826,United Kingdom,2005,Public expenditure on education (% of GDP),4.9
826,United Kingdom,2010,Current expenditure other than staff compensation as % of total expenditure in public institutions (%),29.8
826,United Kingdom,2010,All staff compensation as % of total expenditure in public institutions (%),58.8
826,United Kingdom,2010,Capital expenditure as % of total expenditure in public institutions (%),11.4
826,United Kingdom,2010,Public expenditure on education (% of GDP),5.7
826,United Kingdom,2015,Current expenditure other than staff compensation as % of total expenditure in public institutions (%),23.5
826,United Kingdom,2015,All staff compensation as % of total expenditure in public institutions (%),73.9
826,United Kingdom,2015,Capital expenditure as % of total expenditure in public institutions (%),2.6
826,United Kingdom,2015,Public expenditure on education (% of GDP),5.6
826,United Kingdom,2018,Current expenditure other than staff compensation as % of total expenditure in public institutions (%),20.6
826,United Kingdom,2018,All staff compensation as % of total expenditure in public institutions (%),77
826,United Kingdom,2018,Capital expenditure as % of total expenditure in public institutions (%),2.3
826,United Kingdom,2018,Public expenditure on education (% of GDP),5.2
834,United Rep. of Tanzania,2005,Public expenditure on education (% of GDP),3.5
834,United Rep. of Tanzania,2010,Public expenditure on education (% of GDP),4.5
834,United Rep. of Tanzania,2015,Public expenditure on education (% of GDP),4.2
834,United Rep. of Tanzania,2020,Public expenditure on education (% of GDP),3.1
858,Uruguay,2005,Current expenditure other than staff compensation as % of total expenditure in public institutions (%),14.5
858,Uruguay,2005,All staff compensation as % of total expenditure in public institutions (%),80.8
858,Uruguay,2005,Capital expenditure as % of total expenditure in public institutions (%),4.7
858,Uruguay,2005,Public expenditure on education (% of GDP),2.7
858,Uruguay,2006,Current expenditure other than staff compensation as % of total expenditure in public institutions (%),14.1
858,Uruguay,2006,All staff compensation as % of total expenditure in public institutions (%),80.2
858,Uruguay,2006,Capital expenditure as % of total expenditure in public institutions (%),5.7
858,Uruguay,2006,Public expenditure on education (% of GDP),2.9
858,Uruguay,2009,Basic access to computers by level of education: Primary,100
858,Uruguay,2009,Basic access to computers by level of education: Lower secondary,100
858,Uruguay,2009,Basic access to computers by level of education: Upper secondary,100
858,Uruguay,2011,Current expenditure other than staff compensation as % of total expenditure in public institutions (%),14.9
858,Uruguay,2011,All staff compensation as % of total expenditure in public institutions (%),80.5
858,Uruguay,2011,Capital expenditure as % of total expenditure in public institutions (%),4.6
858,Uruguay,2011,Public expenditure on education (% of GDP),4.4
858,Uruguay,2015,Current expenditure other than staff compensation as % of total expenditure in public institutions (%),13.4
858,Uruguay,2015,All staff compensation as % of total expenditure in public institutions (%),82.6
858,Uruguay,2015,Capital expenditure as % of total expenditure in public institutions (%),4
858,Uruguay,2015,Basic access to computers by level of education: Primary,100
858,Uruguay,2015,Basic access to computers by level of education: Lower secondary,100
858,Uruguay,2015,Basic access to computers by level of education: Upper secondary,100
858,Uruguay,2019,Current expenditure other than staff compensation as % of total expenditure in public institutions (%),25.1
858,Uruguay,2019,All staff compensation as % of total expenditure in public institutions (%),67.9
858,Uruguay,2019,Capital expenditure as % of total expenditure in public institutions (%),7
858,Uruguay,2019,Basic access to computers by level of education: Primary,100
858,Uruguay,2019,Basic access to computers by level of education: Lower secondary,100
858,Uruguay,2019,Basic access to computers by level of education: Upper secondary,100
858,Uruguay,2019,Public expenditure on education (% of GDP),4.7
860,Uzbekistan,2015,Public expenditure on education (% of GDP),5.8
860,Uzbekistan,2019,Basic access to computers by level of education: Upper secondary,100
860,Uzbekistan,2019,Public expenditure on education (% of GDP),7
860,Uzbekistan,2020,Current expenditure other than staff compensation as % of total expenditure in public institutions (%),15.8
860,Uzbekistan,2020,All staff compensation as % of total expenditure in public institutions (%),84.2
860,Uzbekistan,2020,Basic access to computers by level of education: Primary,96.2
860,Uzbekistan,2020,Basic access to computers by level of education: Lower secondary,96
860,Uzbekistan,2020,Public expenditure on education (% of GDP),5.1
548,Vanuatu,2003,Public expenditure on education (% of GDP),8.4
548,Vanuatu,2009,Current expenditure other than staff compensation as % of total expenditure in public institutions (%),8.8
548,Vanuatu,2009,All staff compensation as % of total expenditure in public institutions (%),89.5
548,Vanuatu,2009,Capital expenditure as % of total expenditure in public institutions (%),1.7
548,Vanuatu,2009,Public expenditure on education (% of GDP),5.2
548,Vanuatu,2015,Public expenditure on education (% of GDP),5.6
548,Vanuatu,2020,Current expenditure other than staff compensation as % of total expenditure in public institutions (%),30
548,Vanuatu,2020,All staff compensation as % of total expenditure in public institutions (%),69.5
548,Vanuatu,2020,Capital expenditure as % of total expenditure in public institutions (%),0.6
548,Vanuatu,2020,Public expenditure on education (% of GDP),2.3
862,Venezuela (Boliv. Rep. of),2009,Current expenditure other than staff compensation as % of total expenditure in public institutions (%),20.2
862,Venezuela (Boliv. Rep. of),2009,All staff compensation as % of total expenditure in public institutions (%),76.9
862,Venezuela (Boliv. Rep. of),2009,Capital expenditure as % of total expenditure in public institutions (%),2.9
862,Venezuela (Boliv. Rep. of),2009,Public expenditure on education (% of GDP),6.9
862,Venezuela (Boliv. Rep. of),2010,Basic access to computers by level of education: Primary,68.3
862,Venezuela (Boliv. Rep. of),2010,Basic access to computers by level of education: Lower secondary,27
862,Venezuela (Boliv. Rep. of),2010,Basic access to computers by level of education: Upper secondary,27
862,Venezuela (Boliv. Rep. of),2015,Public expenditure on education (% of GDP),1.9
862,Venezuela (Boliv. Rep. of),2017,Public expenditure on education (% of GDP),1.3
704,Viet Nam,2010,Current expenditure other than staff compensation as % of total expenditure in public institutions (%),32.3
704,Viet Nam,2010,All staff compensation as % of total expenditure in public institutions (%),42.4
704,Viet Nam,2010,Capital expenditure as % of total expenditure in public institutions (%),25.3
704,Viet Nam,2010,Public expenditure on education (% of GDP),5.1
704,Viet Nam,2013,Current expenditure other than staff compensation as % of total expenditure in public institutions (%),31.3
704,Viet Nam,2013,All staff compensation as % of total expenditure in public institutions (%),46.9
704,Viet Nam,2013,Capital expenditure as % of total expenditure in public institutions (%),21.9
704,Viet Nam,2013,Public expenditure on education (% of GDP),5.7
704,Viet Nam,2015,Public expenditure on education (% of GDP),4.5
704,Viet Nam,2019,Public expenditure on education (% of GDP),4.1
704,Viet Nam,2020,Basic access to computers by level of education: Primary,100
704,Viet Nam,2020,Basic access to computers by level of education: Lower secondary,100
704,Viet Nam,2020,Basic access to computers by level of education: Upper secondary,100
887,Yemen,2001,Public expenditure on education (% of GDP),9.2
887,Yemen,2008,Capital expenditure as % of total expenditure in public institutions (%),25.7
887,Yemen,2008,Public expenditure on education (% of GDP),5.2
887,Yemen,2016,Basic access to computers by level of education: Upper secondary,31
894,Zambia,2005,Public expenditure on education (% of GDP),1.7
894,Zambia,2010,Public expenditure on education (% of GDP),3.7
894,Zambia,2015,Current expenditure other than staff compensation as % of total expenditure in public institutions (%),11.9
894,Zambia,2015,All staff compensation as % of total expenditure in public institutions (%),71.6
894,Zambia,2015,Capital expenditure as % of total expenditure in public institutions (%),16.5
894,Zambia,2015,Public expenditure on education (% of GDP),4.6
894,Zambia,2016,Current expenditure other than staff compensation as % of total expenditure in public institutions (%),16.6
894,Zambia,2016,All staff compensation as % of total expenditure in public institutions (%),75.6
894,Zambia,2016,Capital expenditure as % of total expenditure in public institutions (%),7.8
894,Zambia,2016,Public expenditure on education (% of GDP),3.7
894,Zambia,2017,Basic access to computers by level of education: Primary,85.4
894,Zambia,2017,Basic access to computers by level of education: Upper secondary,71
894,Zambia,2017,Public expenditure on education (% of GDP),3.7
894,Zambia,2019,Public expenditure on education (% of GDP),4.5
716,Zimbabwe,2010,Public expenditure on education (% of GDP),1.5
716,Zimbabwe,2015,Basic access to computers by level of education: Primary,17.4
716,Zimbabwe,2015,Basic access to computers by level of education: Lower secondary,29
716,Zimbabwe,2015,Basic access to computers by level of education: Upper secondary,84
716,Zimbabwe,2015,Public expenditure on education (% of GDP),5.8
716,Zimbabwe,2018,Basic access to computers by level of education: Primary,28.7
716,Zimbabwe,2018,Basic access to computers by level of education: Lower secondary,32
716,Zimbabwe,2018,Basic access to computers by level of education: Upper secondary,88
716,Zimbabwe,2018,Public expenditure on education (% of GDP),3.6
716,Zimbabwe,2020,Basic access to computers by level of education: Primary,33.1
716,Zimbabwe,2020,Basic access to computers by level of education: Lower secondary,31
716,Zimbabwe,2020,Basic access to computers by level of education: Upper secondary,86
